action,source_path,new_name,confidence,grade,class_range,subject,paper,warnings,sources,ocr_text
,samples\校內考試（非UEC）\2025\2025年第一学期期中考\^ 2025-1-1 J1-J3 PEDIDIKAN ISLAM.pdf,,REVIEW,,J1-J3,SPM P. ISLAM,P1,班级代号 J1-J3 不在目前的班级名单里（可能是旧代号、OCR 读错，或是 config/classes.json 要更新）；档案不在 J1/J2/J3/S1/S2/S3 资料夹底下，无法判断年级,class=封面班级栏「J1-J3」；subject=封面科目栏「PENDIDIKANISLAM|姓名NAME」,"2025年芙蓉中华中学第一学期期中考试 | 2025 First Semester Mid-term Examination,CHHS Seremban | 考卷资料 | 学生资料 | ExamPaperInformation | Student'sInformation | 科目Subject | PENDIDIKANISLAM | 姓名Name | 试卷Paper | 1 | 班级Class | 时间Time | 1HR 30MINS | 学号Adm.No. | ( | ) | 班级Class | J1-J3 | 得分Mark | 考生须知Instructions | .1.Kertas ini mengandungi 2 bahagian : Bahagian A dan Bahagian B. | 2.Jawabsemuasoalan | 芙 | Bahagian A : 20 soalan Objektif Aneka pilihan (OAP). | Bahagian B : 2 soalan Subjektif dan OPB (Kefahaman ayat dan Ha"
Y,samples\校內考試（非UEC）\2025\2025年第一学期期中考\J1\^ 2025-1-1 J1A~K  BM P1.pdf,2025-1-1 J1A-K BM P1.pdf,OK,J1,J1A-K,BM,P1,,class=封面班级栏「J1A-K」；subject=封面科目栏「BAHASAMALAYSIA|姓名NAME」,"2025年芙蓉中华中学第一学期期中考试 | 2025First Semester Mid-term Examination,CHHS Seremban | 考卷资料 | 学生资料 | ExamPaperInformation | Student'sInformation | 科目Subject | BAHASAMALAYSIA | 姓名Name | 试卷Paper | 1 | 班级Class | 时间Time | 1HR | 学号Adm.No. | ( | ） | 班级Class | J1A-K | 得分Mark | 考生须知Instructions | 1.Kertas 1 mengandungi satu bahagian iaitu Penulisan Karangan. | Anda dikehendaki menjawab satu soalan sahaja. | 2. Tulis tajuk atau nombor soalan yang anda pilih. | 芙 | 3.Jawab soalan anda dengan pen atau pen mata bula"
Y,samples\校內考試（非UEC）\2025\2025年第一学期期中考\J1\^ 2025-1-1 J1A~K  UEC SCIENCE.pdf,2025-1-1 J1A-K UEC SCIENCE.pdf,OK,J1,J1A-K,UEC SCIENCE,,,class=封面班级栏「J1A-K」；subject=封面科目栏「综合科学UECSCIENCE|姓名NAME」,"2025年芙蓉中华中学第一学期期中考试 | 2025FirstSemester Mid-term Examination,CHHS Seremban | 考卷资料 | 学生资料 | Exam Paper Information | Student's Information | 科目Subject | 综合科学UEC SCIENCE | 姓名Name | 试卷Paper | 班级Class | 时间Time | 1HR | 学号Adm.No. | 班级Class | J1A-K | 得分Mark | 考生须知Instructions | 1.此试卷共分两部分：甲组：30题选择题(60%) | 乙组：6题问答题(40%) | 2.考生必须在规定的1小时内完成作答。 | 3.选择题全答。请选出最佳或正确答案，并以2B铅笔于OMR卡上相应的字母所在的小方格。 | 4.作答题全答。答案请用黑色或蓝笔圆珠笔填写在作答题的空格上。"
Y,samples\校內考試（非UEC）\2025\2025年第一学期期中考\J1\^ 2025-1-1 J1A~K ART.pdf,2025-1-1 J1A-K ART P1.pdf,OK,J1,J1A-K,ART,P1,,class=封面班级栏「J1A-K」；subject=封面科目栏「美术ART|姓名NAME」,"2025年芙蓉中华中学第一学期中期考试 | 2025FirstSemesterMid-termExamination,CHHS Seremban | 考卷资料 | 学生资料 | ExamPaperInformation | Student'sInformation | 科目Subject | 美术ART | 姓名Name | 试卷Paper | 1 | 班级Class | 时间Time | 2HR30MINS | 学号Adm.No. | ( | ） | 班级Class | J1A-K | 得分Mark | 考生须知Instructions | 1.作画媒材必须以不透明水彩广告颜料和透明水彩颜料为主。 | 2.不可携带任何书刊、报纸或图片进入考场，考生不可与考场内任何同学共用一切用具。 | 3.考试进行中考生不得外出更换洗刷画笔所需的水。 | 芙 | “.如有启用第二张画纸，请在背面注明“备用纸”。 | 5.请将考卷与作废的画纸一同回收，视为废纸处理。"
Y,samples\校內考試（非UEC）\2025\2025年第一学期期中考\J1\^ 2025-1-1 J1A~K BC P1.pdf,2025-1-1 J1A-K BC P1.pdf,OK,J1,J1A-K,BC,P1,,class=封面班级栏「J1A-K」；subject=封面科目栏「华文BC|姓名NAME」,"2025年芙蓉中华中学第一学期期中考试 | 2025First Semester Mid-term Examination,CHHS Seremban | 考卷资料 | 学生资料 | Exam Paper Information | Student'sInformation | 科目Subject | 华文BC | 姓名Name | 试卷Paper | 1 | 班级Class | 时间Time | 1HR 45MINS | 学号 Adm.No. | ( | ） | 班级Class | J1A-K | 得分Mark | 考生须知Instructions | 1.本科试卷共分两份： | 试卷一：写作(40%) | 试卷二：语文测验(60%) | 2.试卷一共分两组： | 甲组：作文共5题，选答1题。用白话文写作。不可用诗歌或戏剧体裁作答。文长至少250字。 | 须作答于作文稿纸上。 | 组 | 民 | 1 | 题 | 件然"
Y,samples\校內考試（非UEC）\2025\2025年第一学期期中考\J1\^ 2025-1-1 J1A~K BC P2.pdf,2025-1-1 J1A-K BC P2.pdf,OK,J1,J1A-K,BC,P2,,class=封面班级栏「J1A-K」；subject=封面科目栏「华文BC|姓名NAME」,"2025年芙蓉中华中学第一学期期中考试 | 2025 First Semester Mid-term Examination, CHHS Seremban | 考卷资料 | 学生资料 | ExamPaperInformation | Student's Information | 科目Subject | 华文BC | 姓名Name | 试卷Paper | 2 | 班级Class | 时间Time | 1HR 30MINS | 学号Adm.No. | ( | ） | 班级Class | J1A-K | 得分Mark | 考生须知Instructions | 1.本科试卷共分两份： | 试卷一：写作(40%) | 试卷二：语文测验(60%) | 2.试卷二题目共分三组： | 蓉 | 芙 | 甲组：语文基础知识 | 乙组：现代文阅读 | 丙组：文言文阅读"
Y,samples\校內考試（非UEC）\2025\2025年第一学期期中考\J1\^ 2025-1-1 J1A~K BI P1.pdf,2025-1-1 J1A-K BI P1.pdf,OK,J1,J1A-K,BI,P1,,class=封面班级栏「J1A-K」；subject=封面科目栏「ENGLISHLANGUAGE|姓名NAME」,"2025年芙蓉中华中学第一学期期中考试 | 2025 First Semester Mid-term Examination, CHHS Seremban | 考卷资料 | 学生资料 | Exam Paper Information | Student's Information | 科目Subject | ENGLISH LANGUAGE | 姓名Name | 试卷Paper | 1 | 班级Class | 时间Time | 1HR30MINS | 学号Adm.No. | 班级Class | J1A-K | 得分Mark | 考生须知Instructions | 1. This subject comprises Paper 1 (40%) and Paper 2 (60%). | 2. Paper 1 consists of three sections: | Section A : Composition | (20%) | 芙 | Section B : Summary Writing (10%) | Section C : Cloze Test | (10%)"
Y,samples\校內考試（非UEC）\2025\2025年第一学期期中考\J1\^ 2025-1-1 J1A~K BI P2.pdf,2025-1-1 J1A-K BI P2.pdf,OK,J1,J1A-K,BI,P2,,class=封面班级栏「J1A-K」；subject=封面科目栏「ENGLISHLANGUAGE|姓名NAME」,"2025年芙蓉中华中学第一学期期中考试 | 2025 First Semester Mid-term Examination,CHHS Seremban | 考卷资料 | 学生资料 | Exam Paper Information | Student's Information | 科目Subject | ENGLISH LANGUAGE | 姓名Name | 试卷Paper | 2 | 班级Class | 时间Time | 1HR30MINS | 学号Adm.No. | 班级Class | J1A-K | 得分Mark | 考生须知Instructions | 1. This subject comprises Paper 1 (40%) and Paper 2 (60%). | 2.Paper 2 consists of four sections: | 芙 | Section A: Comprehension | (20%) | Section B:Forms and Functions | (5%) | SectionC:Closestin | Mear | ning | (1"
Y,samples\校內考試（非UEC）\2025\2025年第一学期期中考\J1\^ 2025-1-1 J1A~K BM P2.pdf,2025-1-1 J1A-K BM P2.pdf,OK,J1,J1A-K,BM,P2,,class=封面班级栏「J1A-K」；subject=封面科目栏「BAHASAMALAYSIA|姓名NAME」,"2025年芙蓉中华中学第-一学期期中考试 | 2025 First Semester Mid-term Examination, CHHS Seremban | 考卷资料 | 学生资料 | ExamPaperInformation | Student'sInformation | 科目Subject | BAHASA MALAYSIA | 姓名Name | 试卷Paper | 2 | 班级Class | 时间Time | 1HR | 学号Adm.No. | ( | 班级Class | J1A-K | 得分Mark | 考生须知Instructions | 1.1 | Kertas 2mengandungi 6 bahagian: | Anda dikehendaki menjawab semua soalan dalam kertas ini juga. | 2.Jawab soalan anda dengan menggunakan pen yang berdakwat biru atau hitam. | 芙 | Kertas ini mengandungi enam halama"
Y,samples\校內考試（非UEC）\2025\2025年第一学期期中考\J1\^ 2025-1-1 J1A~K CALLIGRAPHY P2.pdf,2025-1-1 J1A-K CALLIGRAPHY P2.pdf,OK,J1,J1A-K,CALLIGRAPHY,P2,,class=封面班级栏「J1A-K」；subject=封面科目栏「华文书法CALLIGRAPHY|姓名NAME」,"2025年芙蓉中华中学第一学期期中考试 | 2025First SemesterMid-termExamination,CHHS Seremban | 考卷资料 | 学生资料 | ExamPaperInformation | Student's Information | 科目Subject | 华文书法CALLIGRAPHY | 姓名Name | 试卷Paper | 2 | 班级Class | 时间Time | 30MINS | 学号Adm.No. | ( | ） | 班级Class | J1A-K | 得分Mark | 考生须知Instructions | 1.考生须依指定字范完成书法试卷。 | 2.限用楷书或隶书书写。 | 3.简体或繁体字均可，惟避免混用。 | 4.考生不可与考场内任何同学共用用具。不可带报纸进入考场，只允许以绒布做为桌垫。 | ：.考试进行中，考生不得外出清洗用具。 | 芙 | 6.每位考生限用两张米字格纸，并自选一张呈交。 | 7.题目卷及答案卷必须于考试结束时一并回收"
Y,samples\校內考試（非UEC）\2025\2025年第一学期期中考\J1\^ 2025-1-1 J1A~K GEO PBD.pdf,2025-1-1 J1A-K PBD GEO P1.pdf,OK,J1,J1A-K,PBD GEO,P1,,class=封面班级栏「J1A-K」；subject=封面科目栏「政考地理GEOPBD|姓名NAME」,"2025年芙蓉中华中学第一学期期中考试 | 2025First Semester Mid-term Examination, CHHS Seremban | 考卷资料 | 学生资料 | ExamPaperInformation | Student'sInformation | 科目Subject | 政考地理GEOPBD | 姓名Name | 试卷Paper | 班级Class | 1 | 时间Time | 1HR 15MINS | 学号Adm.No. | ( | ( | 班级Class | J1A-K | 得分Mark | 考生须知Instructions | 1．本科试卷共分为三部份： | A项选择题 (60%) | B项综合题(40%) | 2．A项选择题全作答。作答前需在OMR卡上正确填写考生姓名，学号，班级及用5B 铅笔将对应的小 | 方格涂黑。 | 蓉 | 芙 | 本科试卷共印8页。 | of2 | sections"
Y,samples\校內考試（非UEC）\2025\2025年第一学期期中考\J1\^ 2025-1-1 J1A~K MUSIC.pdf,2025-1-1 J1A-K MUSIC.pdf,OK,J1,J1A-K,MUSIC,,,class=封面班级栏「J1A-K」；subject=封面科目栏「音乐MUSIC|姓名NAME」,"2025年芙蓉中华中学第一学期期中考试 | 2025 First Semester Mid-term Examination, CHHS Seremban | 考卷资料 | 学生资料 | ExamPaperInformation | Student's Information | 科目Subject | 音乐MUSIC | 姓名Name | 试卷Paper | 班级Class | 时间Time | 1HR | 学号Adm.No. | ( | ） | 班级Class | J1A-K | 得分Mark | 考生须知Instructions | 1.本试卷共有选择题50题，总分100%。 | 2.回答所有的问题。请使用2B铅笔涂在OMR电脑卡。 | 3.此考卷共印有6页。 | .. This paper consists of 50 objective questions, total 100%. | 芙 | 2. Answer all the objective questions. Mark the answer with 2B pencil on OMR card."
Y,samples\校內考試（非UEC）\2025\2025年第一学期期中考\J1\^ 2025-1-1 J1A~K PBD MATHEMATICS.pdf,2025-1-1 J1A-K PBD MATH P1.pdf,OK,J1,J1A-K,PBD MATH,P1,,class=封面班级栏「J1A-K」；subject=封面科目栏「姓名NAME|PBDMATHEMATICS」,"2025年芙蓉中华中学第一学期期中考试 | 2025FirstSemesterMid-termExamination,CHHSSeremban | 考卷资料 | 学生资料 | ExamPaperInformation | Student'sInformation | 政考数学 | 科目Subject | 姓名Name | PBDMATHEMATICS | 试卷Paper | 班级Class | 一 | 时间Time | 2HRS | 学号Adm.No. | 班级Class | J1A-K | 得分Mark | 考生须知Instructions | 1. This paper consists of 8pages. | 芙 | 2.The paper is divided into 3 sections:"
Y,samples\校內考試（非UEC）\2025\2025年第一学期期中考\J1\^ 2025-1-1 J1A~K PBD SCIENCE.pdf,2025-1-1 J1A-K PBD SCIENCE.pdf,OK,J1,J1A-K,PBD SCIENCE,,,class=封面班级栏「J1A-K」；subject=封面科目栏「PBDSCIENCE|姓名NAME」,"2025年芙蓉中华中学第一学期期中考试 | 2025 First Semester Mid-term Examination, CHHS Seremban | 考卷资料 | 学生资料 | ExamPaperInformation | Student'sInformation | 科目Subject | PBDSCIENCE | 姓名Name | 试卷Paper | 班级Class | 时间Time | 1HR | 学号Adm.No. | 班级Class | J1A-K | 得分Mark | 考生须知Instructions | 1. This paper consists of 3 sections: | Section A: Objective Questions (40 marks) | SectionB:Structured Questions(20marks) | Section C: Subjective Questions (40 marks) | 2. Section A: Blacken your answers in OMR and with 2B pencil. A"
Y,samples\校內考試（非UEC）\2025\2025年第一学期期中考\J1\^ 2025-1-1 J1A~K UEC MATHS.pdf,2025-1-1 J1A-K UEC MATHS.pdf,OK,J1,J1A-K,UEC MATHS,,,class=封面班级栏「J1A-K」；subject=封面科目栏「统考数学UECMATHS|姓名NAME」,"2025年芙蓉中华中学第一学期期中考试 | 2025FirstSemester Mid-termExamination,CHHS Seremban | 考卷资料 | 学生资料 | Exam PaperInformation | Student'sInformation | 科目Subject | 统考数学UECMATHS | 姓名Name | 试卷Paper | 班级Class | - | 时间Time | 2HRS | 学号Adm.No. | 班级Class | J1A-K | 得分Mark | 考生须知Instructions | 1.此试卷共分为两个部分：A.选择题(30%)及B.作答题(70%)。 | 2.选择题15题全做，答案须写在选择题表格的空格内。 | J.作答题16题全做，所有的答案必须做在每题的空间内，必要的演算必须清楚地写出。"
Y,samples\校內考試（非UEC）\2025\2025年第一学期期中考\J1\^ 2025-1-1 J1A~K UGEO.pdf,2025-1-1 J1A-K UEC GEO.pdf,OK,J1,J1A-K,UEC GEO,,,class=封面班级栏「J1A-K」；subject=封面科目栏「统考地理UGEO|姓名NAME」,"2025年芙蓉中华中学第一学期期中考试 | 2025 First Semester Mid-term Examination, CHHS Seremban | 考卷资料 | 学生资料 | ExamPaperInformation | Student'sInformation | 科目Subject | 统考地理UGEO | 姓名Name | 试卷Paper | 班级Class | - | 时间Time | 1HR30MINS | 学号Adm.No. | ? | 班级Class | J1A-K | 得分Mark | 考生须知Instructions | 1.此试卷共分为三部分： | A.选择题 | (40%) | B.看图填充 | (40%) | C.问答题 | (20%) | 2.选择题答案须填写在OMR卡上。 | 3.B项和C项答案须填写在特备答案卷上。 | 此试卷共印9面。 | 蓉 | 芙 | 1.This question paper consists of 3 sections:"
Y,samples\校內考試（非UEC）\2025\2025年第一学期期中考\J1\^ 2025-1-1 J1A~K UHIS+SEJ P1.pdf,2025-1-1 J1A-K UEC HISTORY+SEJARAH P1.pdf,OK,J1,J1A-K,UEC HISTORY+SEJARAH,P1,,class=封面班级栏「J1A-K」；subject=封面科目栏「历史UHIS+SEJ|姓名NAME」,"2025年芙蓉中华中学第一学期期中考试 | 2025First Semester Mid-term Examination,CHHS Seremban | 考卷资料 | 学生资料 | ExamPaperInformation | Student'sInformation | 科目Subject | 历史UHIS+SEJ | 姓名Name | 试卷Paper | 1 | 班级Class | 时间Time | 1HR30MINS | 学号Adm.No. | ( | ） | 班级Class | J1A-K | 得分Mark | 考生须知Instructions | 1.本试卷共分成：甲组：选择题(50%)，乙组：综合题 (20%)，丙组：简答题(30%) | 2.甲组选择题25题全做，选出正确或最佳的答案，用5B铅笔将OMR卡上相应的小方格涂黑。 | 乙组综合题与丙组简答题，请作答于单线纸上。不必抄题，惟试题号码须书写清楚。 | 4.只可用蓝色或黑色钢笔或圆珠笔书写。"
Y,samples\校內考試（非UEC）\2025\2025年第一学期期中考\J2\^2025-1-1 J2A-I GEO PBD.pdf,2025-1-1 J2A-I PBD GEO P1.pdf,OK,J2,J2A-I,PBD GEO,P1,,class=封面班级栏「J2A-I」；subject=封面科目栏「政考地理GEOPBD|姓名NAME」,"2025年芙蓉中华中学第一学期期中考试 | 2025First Semester Mid-term Examination,CHHS Seremban | 考卷资料 | 学生资料 | ExamPaperInformation | Student'sInformation | 科目Subject | 政考地理GEOPBD | 姓名Name | 试卷Paper | 班级Class | 1 | 时间Time | 1HR15MINS | 学号Adm.No. | ( | 班级Class | J2A-I | 得分Mark | 考生须知Instructions | 1．本科试卷共分为二部份： | A项选择题（60%） | B项综合题（40%） | 2.A项选择题全作答。作答前需在OMR卡上正确填写考生姓名,学号，班级及用5B铅笔将对应的小 | 方格涂黑。 | 2. | 本科试卷共印8页。 | 蓉 | 芙 | 1. | This question paper consists of 2 sections:"
Y,samples\校內考試（非UEC）\2025\2025年第一学期期中考\J2\^2025-1-1 J2A-I PBD MATHEMATICS.pdf,2025-1-1 J2A-I PBD MATH.pdf,OK,J2,J2A-I,PBD MATH,,,class=封面班级栏「J2A-I」；subject=封面科目栏「姓名NAME|PBDMATHEMATICS」,"2025年芙蓉中华中学第一学期期中考试 | 2025 First Semester Mid-term Examination, CHHS Seremban | 考卷资料 | 学生资料 | Exam PaperInformation | Student'sInformation | 政考数学 | 科目Subject | 姓名Name | PBDMATHEMATICS | 试卷Paper | 班级Class | 时间Time | 2HRS | 学号Adm.No. | 班级Class | J2A-I | 得分Mark | 考生须知Instructions | 1. This paper consists of 9 pages. | 芙 | 2.The paper is divided into3 sections: | SectionA-20%(20 questions)"
Y,samples\校內考試（非UEC）\2025\2025年第一学期期中考\J2\^2025-1-1 J2A-I PBD SCIENCE .pdf,2025-1-1 J2A-I PBD SCIENCE.pdf,OK,J2,J2A-I,PBD SCIENCE,,,class=封面班级栏「J2A-I」；subject=封面科目栏「政考科学PBDSCIENCE|姓名NAME」,"2025年芙蓉中华中学第一学期期中考试 | 2025First Semester Mid-term Examination, CHHS Seremban | 考卷资料 | 学生资料 | ExamPaperInformation | Student'sInformation | 科目Subject | 政考科学PBDSCIENCE | 姓名Name | 试卷Paper | 班级Class | - | 时间Time | 1HR | 学号Adm.No. | ( | ） | 班级Class | J2A-I | 得分Mark | 考生须知Instructions | 1. This question paper consists of 7 pages. |  2. Answer ALL questions in Section A, Section B and Section C. | 3. Section A is objective questions (40%) followed by options A, B, C and D. Choose the best option for | "
Y,samples\校內考試（非UEC）\2025\2025年第一学期期中考\J2\^2025-1-1 J2A-I PBD SEJARAH.pdf,2025-1-1 J2A-I PBD SEJARAH P1.pdf,OK,J2,J2A-I,PBD SEJARAH,P1,,class=封面班级栏「J2A-I」；subject=封面科目栏「PBDSEJARAH|姓名NAME」,"2025年芙蓉中华中学第一学期期中考试 | 2025First SemesterMid-term Examination,CHHS Seremban | 考卷资料 | 学生资料 | ExamPaperInformation | Student'sInformation | 科目Subject | PBDSEJARAH | 姓名Name | 试卷Paper | 1 | 班级Class | 时间Time | 1HR | 学号Adm.No. | 班级Class | J2A-I | 得分Mark | 考生须知Instructions | 1. Kertas soalan ini mengandungi 2 bahagian iaitu Bahagian A, B. | 2. Calon mesti menjawab semua soalan dalam Bahagian A, Bahagian B. | 3. Semua jawapan untuk Bahagian A perlu dijawab dalam kertas OMR. | 4. Semua jawapan untuk Bahag"
Y,samples\校內考試（非UEC）\2025\2025年第一学期期中考\J2\^2025-1-1 J2A-J ART.pdf,2025-1-1 J2A-J ART P1.pdf,OK,J2,J2A-J,ART,P1,,class=封面班级栏「J2A-J」；subject=封面科目栏「美术ART|姓名NAME」,"2025年芙蓉中华中学第一学期期中考试(补考) | 2025 First Semester Mid-term Examination (Re-examination), CHHS Seremban | 考卷资料 | 学生资料 | ExamPaperInformation | Student'sInformation | 科目Subject | 美术ART | 姓名Name | 试卷Paper | 1 | 班级Class | 时间Time | 2HRS 30MINS | 学号Adm.No. | ( | ( | 班级Class | J2A-J | 得分Mark | 考生须知Instructions | 1.作画媒材必须以不透明水彩广告颜料和透明水彩颜料为主。 | 2．不可携带任何书刊、报纸或图片进入考场，考生不可与考场内任何同学共用一切用具。 | 3.考试进行中考生不得外出更换洗刷画笔所需的水。 | 4.如有启用第二张画纸，请在背面注明“备用纸” | 芙 | 5.请将考卷与作废的画纸一同回收，视为废纸处理。 | 6.请在画纸背面注明姓名、学号、班级、班号与题目编号。"
Y,samples\校內考試（非UEC）\2025\2025年第一学期期中考\J2\^2025-1-1 J2A-J BC P1.pdf,2025-1-1 J2A-J BC P1.pdf,OK,J2,J2A-J,BC,P1,,class=封面班级栏「J2A-J」；subject=封面科目栏「华文BC|姓名NAME」,"2025年芙蓉中华中学第一学期期中考试 | 2025First Semester Mid-term Examination,CHHS Seremban | 考卷资料 | 学生资料 | ExamPaperInformation | Student'sInformation | 科目Subject | 华文BC | 姓名Name | 试卷Paper | 1 | 班级Class | 时间Time | 1HR 45MINS | 学号Adm.No. | ( | ） | 班级Class | J2A-J | 得分Mark | 考生须知Instructions | 1.本科试卷共分两份： | 试卷一：写作(40%) | 试卷二：语文测验（60%) | 2.试卷一共分两组： | 甲组：作文共5题，选答1题。用白话文写作。不可用诗歌或戏剧体裁作答。文长至少 | 350字。须作答于作文稿纸上。 | 选答1题 | 签于单线"
Y,samples\校內考試（非UEC）\2025\2025年第一学期期中考\J2\^2025-1-1 J2A-J BC P2.pdf,2025-1-1 J2A-J BC P2.pdf,OK,J2,J2A-J,BC,P2,,class=封面班级栏「J2A-J」；subject=封面科目栏「华文BC|姓名NAME」,"2025年芙蓉中华中学第一学期期中考试 | 2025FirstSemesterMid-termExamination,CHHS Seremban | 考卷资料 | 学生资料 | ExamPaperInformation | Student'sInformation | 科目Subject | 华文BC | 姓名Name | 试卷Paper | 2 | 班级Class | 时间Time | 1HR 30MINS | 学号Adm.No. | ( | ） | 班级Class | J2A-J | 得分Mark | 考生须知Instructions | 1.本科试卷共分两份： | 试卷一：写作(40%) | 试卷二：语文测验(60%) | 2.试卷二题目共分三组： | 甲组：语文基础知识 | 蓉 | 芙 | 乙组：现代文阅读 | 丙组：文言文阅读"
Y,samples\校內考試（非UEC）\2025\2025年第一学期期中考\J2\^2025-1-1 J2A-J BI P1.pdf,2025-1-1 J2A-J BI P1.pdf,OK,J2,J2A-J,BI,P1,,class=封面班级栏「J2A-J」；subject=封面科目栏「ENGLISHLANGUAGE|姓名NAME」,"2025年芙蓉中华中学第一学期期中考试 | 2025First Semester Mid-term Examination, CHHS Seremban | 考卷资料 | 学生资料 | ExamPaperInformation | Student'sInformation | 科目Subject | ENGLISH LANGUAGE | 姓名Name | 试卷Paper | 1 | 班级Class | 时间Time | 1HR30MINS | 学号Adm.No. | 班级Class | J2A-J | 得分Mark | 考生须知Instructions | 1. This subject comprises Paper 1 (40%) and Paper 2 (60%). | 2.Paper 1 consists of three sections: | 芙 | Section A : Composition | (20%) | Section B : Summary Writing (10%) | Section C : Cloze Test | (10%)"
Y,samples\校內考試（非UEC）\2025\2025年第一学期期中考\J2\^2025-1-1 J2A-J BI P2.pdf,2025-1-1 J2A-J BI P2.pdf,OK,J2,J2A-J,BI,P2,,class=封面班级栏「J2A-J」；subject=封面科目栏「ENGLISHLANGUAGE|姓名NAME」,"2025年芙蓉中华中学第一学期期中考 | 2025 First Semester Mid-term Examination,CHHS Seremban | 考卷资料 | 学生资料 | ExamPaper Information | Student'sInformation | 科目Subject | ENGLISH LANGUAGE | 姓名Name | 试卷Paper | 2 | 班级Class | 时间Time | 1HR30MINS | 学号Adm.No. | 班级Class | J2A-J | 得分Mark | 考生须知Instructions | 1. This subject comprises Paper 1 (40%) and Paper 2 (60%). | 2. Paper 2 consists of four sections: | 芙 | Section A:Comprehension | (20%) | Section B:Forms and Functions | (5%) | SectionC | :C | (10%) | mg"
Y,samples\校內考試（非UEC）\2025\2025年第一学期期中考\J2\^2025-1-1 J2A-J BM P1.pdf,2025-1-1 J2A-J BM P1.pdf,OK,J2,J2A-J,BM,P1,,class=封面班级栏「J2A-J」；subject=封面科目栏「BAHASAMALAYSIA|姓名NAME」,"2025年芙蓉中华中学第一学期期中考试 | 2025 First Semester Mid-term Examination, CHHS Seremban | 考卷资料 | 学生资料 | Exam PaperInformation | Student'sInformation | 科目Subject | BAHASAMALAYSIA | 姓名Name | 试卷Paper | 1 | 班级Class | 时间Time | 1HR 30MINS | 学号Adm.No. | ( | ） | 班级Class | J2A-J | 得分Mark | 考生须知Instructions | 1. Kertas 1 mengandungi 3 bahagian : | Bahagian A: Karangan | Bahagian B: Rumusan | Bahagian C: Kefahaman | 芙 | Anda dikehendaki menjawab semua soalan."
Y,samples\校內考試（非UEC）\2025\2025年第一学期期中考\J2\^2025-1-1 J2A-J BM P2.pdf,2025-1-1 J2A-J BM P2.pdf,OK,J2,J2A-J,BM,P2,,class=封面班级栏「J2A-J」；subject=封面科目栏「BAHASAMALAYSIA|姓名NAME」,"2025年芙蓉中华中学第一学期期中考试 | 2025FirstSemesterMid-termExamination,CHHS Seremban | 考卷资料 | 学生资料 | Exam Paper Information | Student'sInformation | 科目Subject | BAHASAMALAYSIA | 姓名Name | 试卷Paper | 2 | 班级Class | 时间Time | 1HR | 学号Adm.No. | ( | 班级Class | J2A-J | 得分Mark | 考生须知Instructions | 1. Jawab semua 50 soalan Kertas 2. Bagi setiap soalan, pilih jawapan yang betul atau yang paling | tepat. | 2. | Kemudian hitamkan_ruang berkenaan pada kertas OMR yang dibekalkan dengan pensel 5B. | 芙 | Kertas 2 ini mengandu"
Y,samples\校內考試（非UEC）\2025\2025年第一学期期中考\J2\^2025-1-1 J2A-J CALLIGRAPHY.pdf,2025-1-1 J2A-J CALLIGRAPHY P2.pdf,OK,J2,J2A-J,CALLIGRAPHY,P2,,class=封面班级栏「J2A-J」；subject=封面科目栏「华文书法CALLIGRAPHY|姓名NAME」,"2025年芙蓉中华中学第一学期期中考试 | 2025First Semester Mid-term Examination,CHHS Seremban | 考卷资料 | 学生资料 | Exam Paper Information | Student's Information | 科目Subject | 华文书法CALLIGRAPHY | 姓名Name | 试卷Paper | 2 | 班级Class | 时间Time | 30MINS | 学号Adm.No. | ( | ） | 班级Class | J2A-J | 得分Mark | 考生须知Instructions | 1.考生须依指定字范完成书法试卷。 | 2.限用楷书或隶书书写。 | 3.简体或繁体字均可，惟避免混用。 | 4.考生不可与考场内任何同学共用用具。不可带报纸进入考场，只允许以绒布做为桌垫。 | 5.考试进行中，考生不得外出清洗用具。 | 芙 | 6.每位考生限用两张米字格纸，并自选一张呈交。 | 7.题目卷及答案卷必须于考试结束时一并回收。"
Y,samples\校內考試（非UEC）\2025\2025年第一学期期中考\J2\^2025-1-1 J2A-J MUSIC.pdf,2025-1-1 J2A-J MUSIC P1.pdf,OK,J2,J2A-J,MUSIC,P1,,class=封面班级栏「J2A-J」；subject=封面科目栏「音乐MUSIC|姓名NAME」,"2025年芙蓉中华中学第一学期期中考试 | 2025 First Semester Mid-term Examination, CHHS Seremban | 考卷资料 | 学生资料 | Exam Paper Information | Student'sInformation | 科目Subject | 音乐MUSIC | 姓名Name | 试卷Paper | 1 | 班级Class | 时间Time | 1HR | 学号Adm.No. | ( | 班级Class | J2A-J | 得分Mark | 考生须知Instructions | 1．本试卷共有选择题50题，总分100%。 | 2. | 回答所有的问题。请使用2B铅笔在OMR电脑卡上将所选择的答案涂黑。 | 3．此考卷共印有5页。 | 1. | This paper consists of 50 objective questions, total 100%. | Answer all the objective questions. Mark the answer with 2B pencil on OMR card. |"
Y,samples\校內考試（非UEC）\2025\2025年第一学期期中考\J2\^2025-1-1 J2A-J UEC MATHS.pdf,2025-1-1 J2A-J UEC MATHS.pdf,OK,J2,J2A-J,UEC MATHS,,,class=封面班级栏「J2A-J」；subject=封面科目栏「统考数学UECMATHS|姓名NAME」,"2025年芙蓉中华中学第一学期期中考试 | 2025FirstSemesterMid-termExamination,CHHSSeremban | 考卷资料 | 学生资料 | Exam Paper Information | Student'sInformation | 科目Subject | 统考数学UECMATHS | 姓名Name | 试卷Paper | 班级Class | - | 时间Time | 2HRS | 学号Adm.No. | 班级Class | J2A-J | 得分Mark | 考生须知Instructions | 1.此试卷共分为两个部分：A.选择题（30%）及B.作答题（70%）。 | 2.选择题15题全做，答案须写在选择题表格的空格内。 | 比 | 3.作答题15题全做，所有的答案必须做在每题的空间内，必要的演算必须清楚地写出。"
Y,samples\校內考試（非UEC）\2025\2025年第一学期期中考\J2\^2025-1-1 J2A-J UEC SCIENCE.pdf,2025-1-1 J2A-J UEC SCIENCE.pdf,OK,J2,J2A-J,UEC SCIENCE,,,class=封面班级栏「J2A-J」；subject=封面科目栏「综合科学UECSCIENCE|姓名NAME」,"2025年芙蓉中华中学第一学期期中考试 | 2025FirstSemesterMid-termExamination,CHHS Seremban | 考卷资料 | 学生资料 | Exam Paper Information | Student'sInformation | 科目Subject | 综合科学UEC SCIENCE | 姓名Name | 试卷Paper | 班级Class | - | 时间Time | 1HR | 学号Adm.No. | ( | ） | 班级Class | J2A-J | 得分Mark | 考生须知Instructions | 1．本试卷共分二部分： | 甲组 30题选择题 (60%) | 乙组5题作答题(40%) | 2.考生必须在规定的1小时内完成作答。 | 3.选择题全答。选出正确或最佳的答案，然后用5B铅笔涂黑“OMR”答案纸上相应的字母所在的 | 小方格。 | 4.作答题全答。答案必须用黑或蓝墨色的圆珠笔书写并把答案填写在作答题的空格内。 | 5．本试卷共印7页。"
Y,samples\校內考試（非UEC）\2025\2025年第一学期期中考\J2\^2025-1-1 J2A-J UGEO.pdf,2025-1-1 J2A-J UEC GEO P2.pdf,OK,J2,J2A-J,UEC GEO,P2,,class=封面班级栏「J2A-J」；subject=封面科目栏「统考地理UGEO|姓名NAME」,"2025年芙蓉中华中学第一学期期中考试 | 2025First Semester Mid-term Examination,CHHS Seremban | 考卷资料 | 学生资料 | ExamPaperInformation | Student'sInformation | 科目Subject | 统考地理UGEO | 姓名Name | 试卷Paper | 班级Class | 二 | 时间Time | 1HR30MINS | 学号Adm.No. | ( | 班级Class | J2A-J | 得分Mark | 考生须知Instructions | 1.此试卷共分为三部分： | A:选择题 | (40%) | B:看图填充 | (30%) | C:问答题 | (30%) | 2. | 选择题答案须填写在OMR卡上。 | 芙 | B项和C项答案须填写在特备答案卷上 | 4.此试卷共印8面。"
Y,samples\校內考試（非UEC）\2025\2025年第一学期期中考\J2\^2025-1-1 J2A-J UHIS.pdf,2025-1-1 J2A-J UEC HISTORY P1.pdf,OK,J2,J2A-J,UEC HISTORY,P1,,class=封面班级栏「J2A-J」；subject=封面科目栏「统考历史UHIS|姓名NAME」,"2025年芙蓉中华中学第一学期期中考试 | 2025First Semester Mid-term Examination,CHHS Seremban | 考卷资料 | 学生资料 | ExamPaperInformation | Student's Information | 科目Subject | 统考历史UHIS | 姓名Name | 试卷Paper | 1 | 班级Class | 时间Time | 1HR30MINS | 学号Adm.No. | ( | ） | 班级Class | J2A-J | 得分Mark | 考生须知Instructions | 1．本试卷共分成：甲组：选择题(50%)，乙组：综合题(20%)，丙组：简答题(30%)。 | 2. | 甲组选择题30题全做，选出正确或最佳的答案，用5B铅笔将OMIR卡上相应的小方格涂黑。 | 3. | 乙组综合题与丙组问答题，请作答于单线纸上 | 芙 | 4. | 只可用蓝色或黑色钢笔或圆珠笔书写。 | 本试卷共印6页， | 5"
,samples\校內考試（非UEC）\2025\2025年第一学期期中考\J3\^ 2025-1-1 J3A-I BM P1.pdf,2025-1-1 J3A-J31 BM P1.pdf,REVIEW,J3,J3A-J31,BM,P1,班级代号 J3A-J31 不在目前的班级名单里（可能是旧代号、OCR 读错，或是 config/classes.json 要更新）,class=封面班级栏「J3A-J31」；subject=封面科目栏「BAHASAMALAYSIA|姓名NAME」,"2025年芙蓉中华中学第一学期期中考试 | 2025 First Semester Mid-term Examination, CHHS Seremban | 考卷资料 | 学生资料 | ExamPaperInformation | Student'sInformation | 科目Subject | BAHASAMALAYSIA | 姓名Name | 试卷Paper | 1 | 班级Class | 时间Time | 1HR30MINS | 学号Adm.No. | ( | C | 班级Class | J3A-J31 | 得分Mark | 考生须知Instructions | ARAHAN: | 1.Buka kertas ujian ini apabila | Untuk Kegunaan Pemeriksa | diberitahu. | Nama Pemeriksa: | 2.Tulis nama,nombor admin dan | namakelas anda pada ruang | Markah | Markah | Bahagian | Soalan | yang dis"
,samples\校內考試（非UEC）\2025\2025年第一学期期中考\J3\^ 2025-1-1 J3A-I BM P2.pdf,2025-1-1 J3A-J31 BM P2.pdf,REVIEW,J3,J3A-J31,BM,P2,班级代号 J3A-J31 不在目前的班级名单里（可能是旧代号、OCR 读错，或是 config/classes.json 要更新）,class=封面班级栏「J3A-J31」；subject=封面科目栏「BAHASAMALAYSIA|姓名NAME」,"2025年芙蓉中华中学第一学期期中考试 | 2025 First Semester Mid-term Examination,CHHS Seremban | 考卷资料 | 学生资料 | ExamPaperInformation | Student'sInformation | 科目Subject | BAHASAMALAYSIA | 姓名Name | 试卷Paper | 2 | 班级Class | 时间Time | 1HR | 学号Adm.No. | （ | C | 班级Class | J3A-J31 | 得分Mark | 考生须知Instructions | Untuk Kegunaan Pemeriksa | ARAHAN: | 1.Bukakertas ujianiniapabiladiberitahu. | Nama Pemeriksa: | 2.Tulisnama,nomboradmindannama | kelas pada ruang yang disediakan. | Markah | Markah | Bahagian | Soalan | Penuh | Dipe"
Y,samples\校內考試（非UEC）\2025\2025年第一学期期中考\J3\^ 2025-1-1 J3A-I GEO PBD.pdf,2025-1-1 J3A-I PBD GEO.pdf,OK,J3,J3A-I,PBD GEO,,,class=封面班级栏「J3A-I」；subject=封面科目栏「政考地理GEOPBD|姓名NAME」,"2025年芙蓉中华中学第一学期期中考试 | 2025FirstSemesterMid-term Examination,CHHS Seremban | 考卷资料 | 学生资料 | ExamPaper Information | Student's Information | 科目 Subject | 政考地理GEOPBD | 姓名Name | 试卷Paper | - | 班级Class | 时间Time | 1HR15MINS | 学号Adm.No. | （ | 班级Class | J3A-I | 得分Mark | 考生须知Instructions | 1.本科试卷共分为两部份： | A项：选择题(60%) | B项：综合题(40%) | 2.A项选择题全作答。作答前需在OMR卡上正确填写考生姓名，学号，班级及用5B铅笔将对应的小方 | 格涂黑。 | 蓉 | 芙 | ．本科试卷共印7页。"
,samples\校內考試（非UEC）\2025\2025年第一学期期中考\J3\^ 2025-1-1 J3A-I PBD MATHEMATICS.pdf,2025-1-1 J3A-I PBD MATH.pdf,REVIEW,J3,J3A-I,PBD MATH,,试卷栏「=」看不出是第几卷,class=封面班级栏「J3A-I」；subject=封面科目栏「姓名NAME|PBDMATHEMATICS」,"2025年芙蓉中华中学第一学期期中考试 | 2025 First Semester Mid-term Examination, CHHS Seremban | 考卷资料 | 学生资料 | Exam Paper Information | Student'sInformation | 政考数学 | 科目Subject | 姓名Name | PBDMATHEMATICS | 试卷Paper | 班级Class | = | 时间Time | 2HRS | 学号 Adm.No. | ( | ） | 班级Class | J3A-I | 得分Mark | 考生须知Instructions | 1. This paper consists of 8 pages. | 芙 | 2. The paper is divided into 3 sections: | Section A-20% (20 questions)"
Y,samples\校內考試（非UEC）\2025\2025年第一学期期中考\J3\^ 2025-1-1 J3A-I PBD SCIENCE.pdf,2025-1-1 J3A-I PBD SCIENCE.pdf,OK,J3,J3A-I,PBD SCIENCE,,,class=封面班级栏「J3A-I」；subject=封面科目栏「政考科学PBDSCIENCE|姓名NAME」,"2025年芙蓉中华中学第一学期期中考试 | 2025First Semester Mid-termExamination,CHHS Seremban | 考卷资料 | 学生资料 | ExamPaper Information | Student's Information | 科目Subject | 政考科学PBDSCIENCE | 姓名Name | 试卷Paper | 班级Class | - | 时间Time | 1HR 30MINS | 学号Adm.No. | ( | ） | 班级Class | J3A-I | 得分Mark | 考生须知Instructions | 1. This question paper consists of 9 pages. | 2. Answer ALL questions in Section A, Section B and Section C. | 3.S |  Section A objective questions (40%) are followed by options A, B, C and D. Choose the best op"
Y,samples\校內考試（非UEC）\2025\2025年第一学期期中考\J3\^ 2025-1-1 J3A-I PBD SEJARAH.pdf,2025-1-1 J3A-I PBD SEJARAH P1.pdf,OK,J3,J3A-I,PBD SEJARAH,P1,,class=封面班级栏「J3A-I」；subject=封面科目栏「PBDSEJARAH|姓名NAME」,"2025年芙蓉中华中学第一学期期中考试 | 2025FirstSemesterMid-termExamination,CHHSSeremban | 考卷资料 | 学生资料 | Exam PaperInformation | Student's Information | 科目Subject | PBD SEJARAH | 姓名Name | 试卷Paper | 1 | 班级Class | 时间Time | 1HR15MINS | 学号Adm.No. | 班级Class | J3A-I | 得分Mark | 考生须知Instructions | 1. Kertas soalan ini mengandungi 2 bahagian iaitu Bahagian A dan B dan C. | 2. Calon mesti menjawab semua soalan dalam Bahagian A dan Bahagian B. | 3. Semua jawapan untuk Bahagian A perlu dijawab dalam kertas OMR. | ： | 4.Semu"
Y,samples\校內考試（非UEC）\2025\2025年第一学期期中考\J3\^ 2025-1-1 J3A-J ART.pdf,2025-1-1 J3A-J ART.pdf,OK,J3,J3A-J,ART,,,class=封面班级栏「J3A-J」；subject=封面科目栏「美术ART|姓名NAME」,"2025年芙蓉中华中学第一学期期中考试 | 2025First Semester Mid-term Examination,CHHS Seremban | 考卷资料 | 学生资料 | ExamPaperInformation | Student'sInformation | 科目 Subject | 美术ART | 姓名Name | 试卷Paper | 班级Class | - | 时间Time | 2HR30MINS | 学号Adm.No. | 班级Class | J3A-J | 得分Mark | 考生须知Instructions | 1. | 作画媒材只限用铅笔。 | 2. | 不可携带任何书刊，报纸或图片进入考场，考生不可与场内任何同学共用一切用具。 | 3. | 考试进行中考生不得外出。 | 4. | 如有启用第二张画纸，请在背面注明“备用纸” | 芙 | 5. | 请将考卷与作废的画纸一同回收，视为废纸处理。"
Y,samples\校內考試（非UEC）\2025\2025年第一学期期中考\J3\^ 2025-1-1 J3A-J BC 1.pdf,2025-1-1 J3A-J BC P1.pdf,OK,J3,J3A-J,BC,P1,,class=封面班级栏「J3A-J」；subject=封面科目栏「华文BC|姓名NAME」,"2025年芙蓉中华中学第一学期期中考试 | 2025FirstSemesterMid-term Examination,CHHS Seremban | 考卷资料 | 学生资料 | Exam Paper Information | Student'sInformation | 科目Subject | 华文BC | 姓名Name | 试卷Paper | 1 | 班级Class | 时间Time | 1HR 45MINS | 学号Adm.No. | ( | 班级Class | J3A-J | 得分Mark | 考生须知Instructions | 1.本科试卷共分两份： | 试卷一：写作(40%) | 试卷二：语文测验(60%) | 2.试卷一共分两组： | 甲组：作文共5题，选答1题。用白话文写作。不可用诗歌或戏剧体裁作答。文长至少400字。 | 须作答于作文稿纸上。 | 乙组：应用文共2题，选答1题。用白话文写作，按新式应用文格式书写。须作答于单线纸上。"
Y,samples\校內考試（非UEC）\2025\2025年第一学期期中考\J3\^ 2025-1-1 J3A-J BC 2.pdf,2025-1-1 J3A-J BC P2.pdf,OK,J3,J3A-J,BC,P2,,class=封面班级栏「J3A-J」；subject=封面科目栏「华文BC|姓名NAME」,"2025年芙蓉中华中学第一学期期中考试 | 2025 First Semester Mid-term Examination, CHHS Seremban | 考卷资料 | 学生资料 | ExamPaperInformation | Student's Information | 科目Subject | 华文BC | 姓名Name | 试卷Paper | 2 | 班级Class | 时间Time | 1HR30MINS | 学号Adm.No. | ( | ） | 班级Class | J3A-J | 得分Mark | 考生须知Instructions | 1.本科试卷共分两份： | 试卷一：写作 (40%) | 试卷二：语文测验 (60%) | 2.试卷二题目共分三组： | 甲组：语文基础知识 | 蓉 | 芙 | 乙组：现代文阅读 | 丙组：文言文阅读"
Y,samples\校內考試（非UEC）\2025\2025年第一学期期中考\J3\^ 2025-1-1 J3A-J BI P1.pdf,2025-1-1 J3A-J BI P1.pdf,OK,J3,J3A-J,BI,P1,,class=封面班级栏「J3A-J」；subject=封面科目栏「ENGLISHLANGUAGE|姓名NAME」,"2025年芙蓉中华中学第一学期期中考试 | 2025 First Semester Mid-term Examination, CHHS Seremban | 考卷资料 | 学生资料 | Exam PaperInformation | Student'sInformation | 科目Subject | ENGLISHLANGUAGE | 姓名Name | 试卷Paper | 1 | 班级Class | 时间Time | 1HR30MINS | 学号Adm.No. | 班级Class | J3A-J | 得分Mark | 考生须知Instructions | 1. This subject comprises Paper 1 (40%) and Paper 2 (60%). | 2. Paper 1 consists of three sections: | Section A : Composition | (20%) | 芙 | Section B : Summary Writing (10%) | Section C : Cloze Test | (%01)"
Y,samples\校內考試（非UEC）\2025\2025年第一学期期中考\J3\^ 2025-1-1 J3A-J BI P2.pdf,2025-1-1 J3A-J BI P2.pdf,OK,J3,J3A-J,BI,P2,,class=封面班级栏「J3A-J」；subject=封面科目栏「ENGLISHLANGUAGE|姓名NAME」,"2025年芙蓉中华中学第一学期期中考试 | 2025First SemesterMid-termExamination,CHHS Seremban | 考卷资料 | 学生资料 | ExamPaperInformation | Student'sInformation | 科目Subject | ENGLISH LANGUAGE | 姓名Name | 试卷Paper | 2 | 班级Class | 时间Time | 1HR30MINS | 学号Adm.No. | 班级Class | J3A-J | 得分Mark | 考生须知Instructions | 1. This subject comprises Paper 1 (40%) and Paper 2 (60%). | 2.Paper2 consists of four sections: | Section A : Comprehension | (20%) | 芙 | Section B:Forms and Functions | (5%) | Section C : Closest in Meanimg | (10%) | 25"
Y,samples\校內考試（非UEC）\2025\2025年第一学期期中考\J3\^ 2025-1-1 J3A-J UEC MATHS.pdf,2025-1-1 J3A-J UEC MATHS.pdf,OK,J3,J3A-J,UEC MATHS,,,class=封面班级栏「J3A-J」；subject=封面科目栏「统考数学UECMATHS|姓名NAME」,"2025年芙蓉中华中学第一学期期中考试 | 2025First SemesterMid-termExamination,CHHSSeremban | 考卷资料 | 学生资料 | ExamPaperInformation | Student's Information | 科目Subject | 统考数学UECMATHS | 姓名Name | 试卷Paper | - | 班级Class | 时间Time | 2HRS | 学号Adm.No. | ( | ） | 班级Class | J3A-J | 得分Mark | 考生须知Instructions | 1.此试卷共分两部分：A.选择题(40%)及B.作答题(60%)。 | 2.作答题6题全做。每题必须用新的一面作答。 | 3.只可用蓝色或黑色的钢笔或圆珠笔书写，惟可用铅笔画图。 | ·不必抄题，惟试题号码必须书写清楚。所有必要的演算必须清楚地写出。必要的几何图形须画出。 | 5.选择题20题全做。选出正确的答案，然后用5B铅笔将OMR卡上相应的字母所在的小方格涂黑。 | 试券共有5页"
Y,samples\校內考試（非UEC）\2025\2025年第一学期期中考\J3\^ 2025-1-1 J3A-J UEC SCIENCE.pdf,2025-1-1 J3A-J UEC SCIENCE.pdf,OK,J3,J3A-J,UEC SCIENCE,,,class=封面班级栏「J3A-J」；subject=封面科目栏「统考科学UECSCIENCE|姓名NAME」,"2025年芙蓉中华中学第一学期期中考试 | 2025First SemesterMid-termExamination,CHHS Seremban | 考卷资料 | 学生资料 | Exam Paper Information | Student's Information | 科目Subject | 统考科学UEC SCIENCE | 姓名Name | 试卷Paper | 班级Class | 时间Time | 1HR30MINS | 学号Adm.No. | ( | ) | 班级Class | J3A-J | 得分Mark | 考生须知Instructions | 1．本试卷共分二部分： | 甲组：30题选择题 (45%) | 乙组：7题作答题(55%) | 芙 | 2.考生必须在规定的1小时30分钟内完成作答。 | 3.选择题全答。选出正确或最佳的答案，然后用5B铅笔涂黑“OMR”答案纸上相应的字母所 | 在的小方格。"
Y,samples\校內考試（非UEC）\2025\2025年第一学期期中考\J3\^ 2025-1-1 J3A-J UGEO.pdf,2025-1-1 J3A-J UEC GEO.pdf,OK,J3,J3A-J,UEC GEO,,,class=封面班级栏「J3A-J」；subject=封面科目栏「统考地理UGEO|姓名NAME」,"2025年芙蓉中华中学第一学期期中考试 | 2025First Semester Mid-term Examination, CHHS Seremban | 考卷资料 | 学生资料 | ExamPaperInformation | Student'sInformation | 科目Subject | 统考地理UGEO | 姓名Name | 试卷Paper | 班级Class | - | 时间Time | 1HR30MINS | 学号Adm.No. | ( | 班级Class | J3A-J | 得分Mark | 考生须知Instructions | 1.此试卷共分为二部分： | A:选择题（50%） | B:作答题（50%） | 甲组：必答题（20%） | 2题全答。 | 乙组：选答题（30%） | 芙 | (A)马来西亚地理：2题选答1题； | (B)自然地理 | ：2题选答1题；"
Y,samples\校內考試（非UEC）\2025\2025年第一学期期中考\J3\^ 2025-1-1 J3A-J UHIS.pdf,2025-1-1 J3A-J UEC HISTORY P1.pdf,OK,J3,J3A-J,UEC HISTORY,P1,,class=封面班级栏「J3A-J」；subject=封面科目栏「统考历史UHIS|姓名NAME」,"2025年芙蓉中华中学第一学期期中考试 | 2025FirstSemesterMid-termExamination,CHHSSeremban | 考卷资料 | 学生资料 | Exam Paper Information | Student'sInformation | 科目Subject | 统考历史UHIS | 姓名Name | 试卷Paper | 1 | 班级Class | 时间Time | 1HR30MINS | 学号Adm.No. | 班级Class | J3A-J | 得分Mark | 考生须知Instructions | 1．本科试卷共分三部分甲组：选择题(50%)，乙组：综合题(20%)和丙组：问答题(30%) | 2. | 甲组选择题25题全做，选出正确或最佳的答案，然后用5B铅笔将OMIR卡上相应的字母所在的 | 小方格涂黑。 | 3. | 乙组综合题与丙组问答题须全部作答于单线纸上。 | 芙 | 只可用蓝色或黑色的钢笔或圆珠笔书写。 | 5.本试卷共印6面。"
Y,samples\校內考試（非UEC）\2025\2025年第一学期期中考\J3\^ 2025-1-1 J3J BM P1.pdf,2025-1-1 J3J BM P1.pdf,OK,J3,J3J,BM,P1,,class=封面班级栏「J3J」；subject=封面科目栏「BAHASAMALAYSIA|姓名NAME」,"2025年芙蓉中华中学第一学期期中考试 | 2025First SemesterMid-term Examination,CHHS Seremban | 考卷资料 | 学生资料 | ExamPaperInformation | Student'sInformation | 科目Subject | BAHASAMALAYSIA | 姓名Name | 试卷Paper | 1 | 班级Class | 时间Time | 1HR30MINS | 学号Adm.No. | 班级Class | J3J | 得分Mark | 考生须知Instructions | 1. Kertas 1 mengandungi 3 bahagian: | Bahagian A: Karangan, | Bahagian B: Rumusan, | Bahagian C: Kefahaman. | Anda dikehendaki menjawab semua soalan. | 芙 |  2. Tulis tajuk atau nombor soalan yang anda pilih bagi Bahagian A."
Y,samples\校內考試（非UEC）\2025\2025年第一学期期中考\J3\^ 2025-1-1 J3J BM P2.pdf,2025-1-1 J3J BM P2.pdf,OK,J3,J3J,BM,P2,,class=封面班级栏「J3J」；subject=封面科目栏「BAHASAMALAYSIA|姓名NAME」,"2025年芙蓉中华中学第一学期期中考试 | 2025First SemesterMid-termExamination,CHHSSeremban | 考卷资料 | 学生资料 | ExamPaperInformation | Student's Information | 科目Subject | BAHASAMALAYSIA | 姓名Name | 试卷Paper | 2 | 班级Class | 时间Time | 1HR | 学号Adm.No. | （ | 班级Class | J3J | 得分Mark | 考生须知Instructions | 1. |  Jawab semua 50 soalan dalam Kertas 2. Bagi setiap soalan, pilih jawapan yang betul atau yang | paling tepat. | 2. | Kemudian hitamkan ruang bekenaan pada kertas jawapan OMR yang dibekalkan dengan pensel | 2B. | 芙 | 3. | K"
,samples\校內考試（非UEC）\2025\2025年第一学期期中考\J3\^ 2025-1-1 J3J MUSIC.pdf,2025-1-1 J3J MUSIC.pdf,REVIEW,J3,J3J,MUSIC,,试卷栏「、」看不出是第几卷,class=封面班级栏「J3J」；subject=封面科目栏「音乐MUSIC|姓名NAME」,"2025年芙蓉中华中学第一学期期中考试 | 2025 First Semester Mid-term Examination, CHHS Seremban | 考卷资料 | 学生资料 | ExamPaperInformation | Student'sInformation | 科目Subject | 音乐MUSIC | 姓名Name | 试卷Paper | 、 | 班级Class | 时间Time | 30MINS | 学号Adm.No. | ( | 1 | 班级Class | J3J | 得分Mark | 考生须知Instructions | 1.本试卷共有选择题10题，基本乐理10题，总共100%。 | 2.请使用2B铅笔回答所有的问题。 | 3.此考卷共印有4页。 | '. This paper consists of 10 objective questions and 10 music theory questions, total 100%. | 2. Answer all the questions with 2B pencil."
Y,"samples\校內考試（非UEC）\2025\2025年第一学期期中考\S1\2025-1-1 AC1A,U1F  UGEO.pdf","2025-1-1 AC1A, U1A UEC GEO.pdf",OK,S1,"AC1A, U1A",UEC GEO,,,"class=封面班级栏「AC1A,U1A」；class_streams=文商班、统考班（不考SPM）；subject=封面科目栏「统考地理UGEO|姓名NAME」","2025年芙蓉中华中学第一学期期中考试 | 2025First Semester Mid-term Examination,CHHS Seremban | 考卷资料 | 学生资料 | ExamPaperInformation | Student'sInformation | 科目Subject | 统考地理UGEO | 姓名Name | 试卷Paper | 班级Class | - | 时间Time | 1HR30MINS | 学号Adm.No. | 班级Class | AC1A,U1A | 得分Mark | 考生须知Instructions | 1.此试卷共分为三部分： | 甲组、选择题（40%） | 乙组、综合题（40%） | 丙组、问答题（20%） | 2.甲组选择题40题全做。选出正确或最佳答案，用5B铅笔将OMR卡上相应的小方格涂黑。"
,samples\校內考試（非UEC）\2025\2025年第一学期期中考\S1\2025-1-1 AC1A-C1F SPM MATH.pdf,"2025-1-1 AC1A, C1A-F SPM MATH.pdf",REVIEW,S1,"AC1A, C1A-F",SPM MATH,,试卷栏「=」看不出是第几卷,"class=封面班级栏「AC1A,C1A-F」；class_streams=商科班、文商班；subject=封面科目栏「姓名NAME|SPMMATHEMATICS」","2025年芙蓉中华中学第一学期期中考试 | 2025FirstSemesterMid-termExamination,CHHSSeremban | 考卷资料 | 学生资料 | ExamPaperInformation | Student's Information | 政考数学 | 科目Subject | 姓名Name | SPMMATHEMATICS | 试卷Paper | 班级Class | = | 时间Time | 2HRS | 学号Adm.No. | ( | 班级Class | AC1A, C1A-F | 得分Mark | 考生须知Instructions | 1.The question paper consists of 11 pages. | 2. This question paper is divided into 2 sections which are sections A and B. Section A consists of40 marks | (20 questions) and section B is 60 marks (7 questions)."
Y,samples\校內考試（非UEC）\2025\2025年第一学期期中考\S1\2025-1-1 AC1A-C1F SPM SCIENCE.pdf,"2025-1-1 AC1A, C1A-F SPM SCIENCE.pdf",OK,S1,"AC1A, C1A-F",SPM SCIENCE,,,"class=封面班级栏「AC1A,C1A-F」；class_streams=商科班、文商班；subject=封面科目栏「政考科学SPMSCIENCE|姓名NAME」","2025年芙蓉中华中学第一学期期中考试 | 2025First SemesterMid-termExamination,CHHS Seremban | 考卷资料 | 学生资料 | Exam Paper Information | Student'sInformation | 科目Subject | 政考科学SPMSCIENCE | 姓名Name | 试卷Paper | 班级Class | - | 时间Time | 1HR30MINS | 学号Adm.No. | ( | > | 班级Class | AC1A,C1A-F | 得分Mark | 考生须知Instructions | 1.This paper consists of 8pages. | 2.Answer ALL the questions inSectionA,Section B and Section C. | 3. Section A: Objective questions [30 marks]: Blacken your answers in OMR with 2B pencil. | 4. Section B: Su"
,samples\校內考試（非UEC）\2025\2025年第一学期期中考\S1\2025-1-1 AC1A-U1A UEC BOOOKING.pdf,"2025-1-1 AC1A, C1A-F, U1A UEC BOOKKEEPING.pdf",REVIEW,S1,"AC1A, C1A-F, U1A",UEC BOOKKEEPING,,试卷栏「、」看不出是第几卷,"class=封面班级栏「AC1A,C1A-F,U1A」；class_streams=商科班、文商班、统考班（不考SPM）；subject=封面科目栏「统考薄记UECBOOKKEEPING|姓名NAME」","2025年芙蓉中华中学第一学期期中考试 | 2025 First Semester Mid-term Examination, CHHS Seremban | 考卷资料 | 学生资料 | ExamPaperInformation | Student'sInformation | 科目Subject | 统考薄记UECBOOKKEEPING | 姓名Name | 试卷Paper | 班级Class | 、 | 时间Time | 2HRS | 学号Adm.No. | ( | ) | 班级Class | AC1A, C1A-F, U1A | 得分Mark | 考生须知Instructions | 1. | Compulsory answer all the questions: - Section A: Multiple-choice questions (20%) |  - Section B: Subjective question (80%) | 2. | Workingsmust be shown."
Y,samples\校內考試（非UEC）\2025\2025年第一学期期中考\S1\2025-1-1 AC1A-U1A UEC BUSINESS.pdf,"2025-1-1 AC1A, C1A-F, U1A UEC BUSINESS P1.pdf",OK,S1,"AC1A, C1A-F, U1A",UEC BUSINESS,P1,,"class=封面班级栏「AC1A,C1A-F,U1A」；class_streams=商科班、文商班、统考班（不考SPM）；subject=封面科目栏「商业学UECBUSINESS|姓名NAME」","2025年芙蓉中华中学第一学期期中考试 | 2025 First Semester Mid-term Examnation, CHHS Serem ban | 考卷资料 | 学生资料 | ExamPaperInformation | Student'sInformation | 科目Subject | 商业学UEC BUSINESS | 姓名Name | 试卷Paper | 一 | 班级Class | 时间Time | 2HRS | 学号Adm.No. | 班级Class | AC1A,C1A-F,U1A | 得分Mark | 考生须知Instructions | 1.此试卷共分两部分：部分一：选择题(30%), | 部分二：作答题(70%)。 | 2.部分一：选择题，20题全做，每题1.5分。 | 3.部分二：作答题分二组：甲组-必答题(55%,4题全做)。 | 乙组-个案题一题(15%,1题全答)。 | .每题必须用新的一面(前后)作答，请勿与前一题接同一页作答。 | 5.只可用蓝色或黑色的钢珠笔或圆珠笔书写。 | 题 | 随试题品 | 号码必须书写清楚。"
Y,samples\校內考試（非UEC）\2025\2025年第一学期期中考\S1\2025-1-1 AC1A-U1A UEC ECONOMICS.pdf,"2025-1-1 AC1A, C1A-F, U1A UEC ECONOMICS.pdf",OK,S1,"AC1A, C1A-F, U1A",UEC ECONOMICS,,,"class=封面班级栏「AC1A,C1A-F,U1A」；class_streams=商科班、文商班、统考班（不考SPM）；subject=封面科目栏「姓名NAME|UECECONOMICS」","2025年芙蓉中华中学第一学期期中考试 | 2025FirstSemesterMid-termExamination,CHHSSeremban | 考卷资料 | 学生资料 | ExamPaperInformation | Student'sInformation | 统考经济学 | 科目Subject | 姓名Name | UECECONOMICS | 试卷Paper | 班级Class | 时间Time | 2HRS | 学号Adm.No. | ( | 1 | 班级Class | AC1A,C1A-F,U1A | 得分Mark | 考生须知Instructions | 1.此试卷共分两部分：PartA.选择题(40%) | Part B.作答题(60%) | 2.PartA:选择题20题全做，每题2%。请把考生学号及正确的答案填写在电脑卡(OMR卡)中。 | 3.PartB:作答题4题全做，每题15%。 | 4.每题作答题必须用新的一页(前后)纸作答，不要和前一题接在同一页作答。 | 5.只可用蓝色或黑色的钢珠笔或圆珠笔书写，惟可用铅笔画图。 | 6.PartB不必抄题，惟试题号码必"
Y,"samples\校內考試（非UEC）\2025\2025年第一学期期中考\S1\2025-1-1 S1A SPM SEJRAH,.pdf","2025-1-1 S1A-B, AC1A, C1A-F SPM SEJARAH P1.pdf",OK,S1,"S1A-B, AC1A, C1A-F",SPM SEJARAH,P1,,"class=封面班级栏「S1A-B,AC1A,C1A-F」；class_streams=商科班、文商班、理科班；subject=封面科目栏「SPMSEJARAH|姓名NAME」","2025年芙蓉中华中学第一学期期中考试 | 2025First Semester Mid-term Examination, CHHS Seremban | 考卷资料 | 学生资料 | ExamPaperInformation | Student'sInformation | 科目Subject | SPMSEJARAH | 姓名Name | 试卷Paper | 1 | 班级Class | 时间Time | 2HRS | 学号Adm.No. | 班级Class | S1A-B,AC1A,C1A-F | 得分Mark | 考生须知Instructions | 1. Kertas soalan ini mengandungi 3 bahagian iaitu Bahagian A, B dan C. | 2. Calon mesti menjawab semua soalan dalam Bahagian A dan Bahagian B, dan jawab dua soalan sahaja | di Bahagian C. | 3.Semua jawapanuntukBahagian"
Y,samples\校內考試（非UEC）\2025\2025年第一学期期中考\S1\2025-1-1 S1A-B SPM ADDMATHS.pdf,2025-1-1 S1A-B SPM ADD MATHS.pdf,OK,S1,S1A-B,SPM ADD MATHS,,,class=封面班级栏「S1A-B」；class_streams=理科班；subject=封面科目栏「姓名NAME|SPMADDITIONALMATHS.」,"2025年芙蓉中华中学第一学期期中考试 | 2025First Semester Mid-term Examination,CHHS Seremban | 考卷资料 | 学生资料 | ExamPaperInformation | Student'sInformation | 政考附数 | 科目Subject | 姓名Name | SPMADDITIONALMATHS. | 试卷Paper | 班级Class | 时间Time | 2HRS | 学号Adm.No. | （ | 班级Class | S1A-B | 得分Mark | 考生须知Instructions | 1. This paper consists of 15 questions on 5 printed pages. | Answer all questions. | 3. Show your working. It may help you to get marks."
Y,samples\校內考試（非UEC）\2025\2025年第一学期期中考\S1\2025-1-1 S1A-B SPM BIOLOGY.pdf,2025-1-1 S1A-B SPM BIOLOGY.pdf,OK,S1,S1A-B,SPM BIOLOGY,,,class=封面班级栏「S1A-B」；class_streams=理科班；subject=封面科目栏「政考生物SPMBIOLOGY|姓名NAME」,"2025年芙蓉中华中学第一学期期中考试 | 2025First Semester Mid-termExamination,CHHS Seremban | 考卷资料 | 学生资料 | ExamPaperInformation | Student's Information | 科目Subject | 政考生物SPMBIOLOGY | 姓名Name | 试卷Paper | - | 班级Class | 时间Time | 2HRS | 学号Adm.No. | ( | ) | 班级Class | S1A-B | 得分Mark | 考生须知Instructions | 1. This question paper consists of 8 pages. |  2. There are three sections in this paper. | 3. Section A consists of 30 objectives. For each question, select the best answer from the options A, | B,Cand D.Answer theque"
Y,samples\校內考試（非UEC）\2025\2025年第一学期期中考\S1\2025-1-1 S1A-B SPM CHEMITSRY.pdf,2025-1-1 S1A-B SPM CHEMISTRY.pdf,OK,S1,S1A-B,SPM CHEMISTRY,,,class=封面班级栏「S1A-B」；class_streams=理科班；subject=封面科目栏「政考化学SPMCHEMISTRY|姓名NAME」,"2025年芙蓉中华中学第一学期期中考试 | 2025First Semester Mid-termExamination,CHHS Seremban | 考卷资料 | 学生资料 | Exam PaperInformation | Student'sInformation | 科目Subject | 政考化学SPMCHEMISTRY | 姓名Name | 试卷Paper | 班级Class | - | 时间Time | 2HRS | 学号Adm.No. | C | 班级Class | S1A-B | 得分Mark | 考生须知Instructions | 1. The question paper consists of 10 printed pages. | 2.Read the instructions carefully. | 3.This paper consists of three sections: | Section A: Objective Questions [30 marks] | -Answer all the questions in OMR card prov"
,samples\校內考試（非UEC）\2025\2025年第一学期期中考\S1\2025-1-1 S1A-B SPM PHYSICS.pdf,2025-1-1 S1A-B SPM PHYSICS.pdf,REVIEW,S1,S1A-B,SPM PHYSICS,,"试卷栏「""」看不出是第几卷",class=封面班级栏「S1A-B」；class_streams=理科班；subject=封面科目栏「政考物理SPMPHYSICS|姓名NAME」,"2025年芙蓉中华中学第一学期期中考试 | 2025First Semester Mid-term Examination,CHHS Seremban | 考卷资料 | 学生资料 | ExamPaperInformation | Student's Information | 科目Subject | 政考物理SPMPHYSICS | 姓名Name | 试卷Paper | "" | 班级Class | 时间Time | 2HRS | 学号Adm.No. | ( | ) | 班级Class | S1A-B | 得分Mark | 考生须知Instructions | 1. This question paper consists of 11 pages. | 2. Answer all questions. | 3. Write your answer for Section A in OMR, Section B in spaces provided in this question paper and Section C |  in text pad or graph paper prov"
Y,samples\校內考試（非UEC）\2025\2025年第一学期期中考\S1\2025-1-1 S1A-B UEC ADV MATH.pdf,2025-1-1 S1A-B UEC ADV MATHS Ⅱ.pdf,OK,S1,S1A-B,UEC ADV MATHS Ⅱ,,,class=封面班级栏「S1A-B」；class_streams=理科班；subject=封面科目栏「姓名NAME|UECADVANCEDMATHEMATICSII」,"2025年芙蓉中华中学第一学期期中考试 | 2025First SemesterMid-termExamination,CHHSSeremban | 考卷资料 | 学生资料 | Exam Paper Information | Student'sInformation | 统考高级数学ⅡI | 科目Subject | 姓名Name | UEC Advanced Mathematics II | 试卷Paper | 班级Class | - | 时间Time | 2HRS | 学号Adm.No. | ( | 班级Class | S1A-B | 得分Mark | 考生须知Instructions | 1.此试卷共分两部分： | A.选择题(16%)。每题2分，8题全做。把答案填写在第2页的空格中。 | B.作答题(84%)。11题全做。 | 此试卷共有5页。 | 3.数学公式表印在第2页。 | 4.考生可使用CASIOfx-570MS，CASIOfx-570MS-2，CASIOfx-350MS，CASIOfx-350MS-2，"
,samples\校內考試（非UEC）\2025\2025年第一学期期中考\S1\2025-1-1 S1A-B UEC BIOLOGY.pdf,,REVIEW,S1,S1A-B,,,封面读不到科目栏,class=封面班级栏「S1A-B」；class_streams=理科班,"2025年芙蓉中华中学第一学期期中考试 | 2025 First Semester Mid-term Examination, CHHS Seremban | 考卷资料 | 学生资料 | Exam Paper Information | Student's Infornation | 科目Subjcct | 统考生物UECBIOLOGY | 姓名Name | 试卷Paper | - | 班级Class | 时间Time | 1HR30MINS | 学号Adm.No. | ( | ） | 班级Class | S1A-B | 得分Mark | 考生须知Instructions | 1.此试卷共印有5页。 | 2.此试卷共分两部分：A.选择题(40%)及B.作答题(60%)。 | 3.选择题20题全做，选出最佳答案，然后用5B铅笔将OMR卡上相应的字母所在的小圈涂黑。 | 4.作答题5题全做。答案填写在作答卷中。 | Thisg | mlest | istsof"
Y,samples\校內考試（非UEC）\2025\2025年第一学期期中考\S1\2025-1-1 S1A-B UEC CHEMISTRY.pdf,2025-1-1 S1A-B UEC CHEMISTRY.pdf,OK,S1,S1A-B,UEC CHEMISTRY,,,class=封面班级栏「S1A-B」；class_streams=理科班；subject=封面科目栏「统考化学UECCHEMISTRY|姓名NAME」,"2025年芙蓉中华中学第一学期期中考试 | 2025First Semester Mid-term Examination,CHHS Seremban | 考卷资料 | 学生资料 | ExamPaperInformation | Student'sInformation | 科目Subject | 统考化学UECCHEMISTRY | 姓名Name | 试卷Paper | 班级Class | - | 时间Time | 1HR 30MINS | 学号Adm.No. | 班级Class | S1A-B | 得分Mark | 考生须知Instructions | 1. | The question paper consists of 6 printed pages. | 2. | Read the instructions carefully. | 3. | This paper consists of three sections: | Section A: Objective Questions (40%) | - Answer all the questions in OMR card"
Y,samples\校內考試（非UEC）\2025\2025年第一学期期中考\S1\2025-1-1 S1A-B UEC PHYSICS.pdf,2025-1-1 S1A-B UEC PHYSICS P1.pdf,OK,S1,S1A-B,UEC PHYSICS,P1,,class=封面班级栏「S1A-B」；class_streams=理科班；subject=封面科目栏「统考物理UECPHYSICS|姓名NAME」,"2025年芙蓉中华中学第一学期期中考试 | 2025First Semester Mid-termExamination,CHHS Seremban | 考卷资料 | 学生资料 | ExamPaperInformation | Student's Information | 科目Subject | 统考物理UECPHYSICS | 姓名Name | 试卷Paper | 1 | 班级Class | 时间Time | 1HR30MINS | 学号Adm.No. | ( | ） | 班级Class | S1A-B | 得分Mark | 考生须知Instructions | 1.Thisquestion paper consists of 7 pages. | 2. Answer all questions. | 3. Write your answer for Section A in OMR and Section B in spaces provided in this question paper."
,samples\校內考試（非UEC）\2025\2025年第一学期期中考\S1\2025-1-1 S1A-C1F SPM P. SENI.pdf,"2025-1-1 S1A-B, AC1A, C1A-F SPM P. SENI.pdf",REVIEW,S1,"S1A-B, AC1A, C1A-F",SPM P. SENI,,试卷栏「、」看不出是第几卷,"class=封面班级栏「S1A-B,AC1A,C1A-F」；class_streams=商科班、文商班、理科班；subject=封面科目栏「政考美术SPMP.SENI(选修)|姓名NAME」","2025年芙蓉中华中学第一学期期中考试 | 2025First SemesterMid-term Examination,CHHS Seremban | 考卷资料 | 学生资料 | ExamPaperInformation | Student'sInformation | 科目Subject | 政考美术SPMP.SENI(选修) | 姓名Name | 试卷Paper | 、 | 班级Class | 时间Time | 2HRS30MINS | 学号Adm.No. | ( | ( | 班级Class | S1A-B,AC1A,C1A-F | 得分Mark | 考生须知Instructions | 1. | 作画媒材必须以不透明水彩广告颜料和透明水彩颜料为主。 | 2. | 不可携带任何书刊、报纸或图片进入考场，考生不可与考场内任何同学共用一切用具。 | 3. | 考试进行中考生不得外出更换洗刷画笔所需的水。 | 4. | 如有启用第二张画纸，请在背面注明“备用纸”。 | 5. | 请将考卷与作废的画纸一同回收，视为废纸处理。 | 6. | 请在画纸背面注明姓名、学号、班级与所选择的题目编"
Y,samples\校內考試（非UEC）\2025\2025年第一学期期中考\S1\2025-1-1 S1B P. ISLAM SPM P1.pdf,2025-1-1 S1B SPM P. ISLAM P1.pdf,OK,S1,S1B,SPM P. ISLAM,P1,,class=封面班级栏「S1B」；class_streams=理科班；subject=封面科目栏「PENDIDIKANISLAMSPM|姓名NAME」,"2025年芙蓉中华中学第一学期期中考试 | 2025Mid-termFirstSemesterExamination,CHHSSeremban | 考卷资料 | 学生资料 | Exam PaperInformation | Student'sInformation | 科目Subject | PENDIDIKANISLAMSPM | 姓名Name | 试卷Paper | 1 | 班级Class | 时间Time | 1HR 30MINS | 学号Adm.No. | ( | 班级Class | S1B | 得分Mark | 考生须知Instructions | 1. Kertas ini mengandungi 5 soalan iaitu soalan bahagian Al Quran & Hadis, Akidah, Feqah dan Sirah dan | Tamadum Islam&AkhlakIslamiyyah. | . Tulis jawapan dalam kertas garis satu yang dibekalkan oleh pengawas peperiks"
Y,samples\校內考試（非UEC）\2025\2025年第一学期期中考\S1\2025-1-1 U1A ART.pdf,2025-1-1 U1A ART P1.pdf,OK,S1,U1A,ART,P1,,class=封面班级栏「U1A」；class_streams=统考班（不考SPM）；subject=封面科目栏「美术ART(选修)|姓名NAME」,"2025年芙蓉中华中学第一学期期中考试 | 2025First Semester Mid-term Examination, CHHS Seremban | 考卷资料 | 学生资料 | ExamPaperInformation | Student'sInformation | 科目Subject | 美术ART(选修) | 姓名Name | 试卷Paper | 1 | 班级Class | 时间Time | 2 HRS | 学号Adm.No. | ( | ） | 班级Class | U1A | 得分Mark | 考生须知Instructions | 1.作画媒材必须以不透明水彩广告颜料和透明水彩颜料为主。 | 2.不可携带任何书刊、报纸或图片进入考场，考生不可与考场内任何同学共用一切用具。 | 3.考试进行中考生不得外出更换洗刷画笔所需的水。 | “.如有启用第二张画纸，请在背面注明“备用纸”。 | 5.请将考卷与作废的画纸一同回收，视为废纸处理。 | 在田级 | 兴品 | 目编号"
Y,samples\校內考試（非UEC）\2025\2025年第一学期期中考\S1\2025-1-1 U1A BM P1.pdf,2025-1-1 U1A BM P1.pdf,OK,S1,U1A,BM,P1,,class=封面班级栏「U1A」；class_streams=统考班（不考SPM）；subject=封面科目栏「BAHASAMALAYSIA|姓名NAME」,"2025年芙蓉中华中学第一学期期中考试 | 2025First Semester Mid-term Examination,CHHS Seremban | 考卷资料 | 学生资料 | ExamPaperInformation | Student's Information | 科目Subject | BAHASAMALAYSIA | 姓名Name | 试卷Paper | 1 | 班级Class | 时间Time | 1HR40MINS | 学号Adm.No. | ( | > | 班级Class | U1A | 得分Mark | 考生须知Instructions | 1. Kertas soalan ini terdiri daripada tiga bahagian, iaitu Bahagian A, Bahagian B, dan Bahagian C. | 2. Calon diwajibkan menjawab SEMUA bahagian. | Jawaban anda perlu dijawab dalam kertas kajang yang disediakan. | "
Y,samples\校內考試（非UEC）\2025\2025年第一学期期中考\S1\2025-1-1 U1A MUSIC.pdf,2025-1-1 U1A MUSIC.pdf,OK,S1,U1A,MUSIC,,,class=封面班级栏「U1A」；class_streams=统考班（不考SPM）；subject=封面科目栏「音乐MUSIC|姓名NAME」,"2025年芙蓉中华中学第一学期期中考试 | 2025FirstSemesterMid-termExamination,CHHSSeremban | 考卷资料 | 学生资料 | ExamPaperInformation | Student's Information | 科目Subject | 音乐MUSIC | 姓名Name | 试卷Paper | 班级Class | - | 时间Time | 30MINS | 学号Adm.No. | ( | （ | 班级Class | U1A | 得分Mark | 考生须知Instructions | 1.本试卷有A项选择题和B项基本乐理，总共100%。 | 2.请使用2B铅笔回答所有的问题。 | 3.此考卷共印有3页。 | This paper consists of 2 sections.Section A contains objective questions and section B is basic music | theory, making up a total of 100%."
Y,samples\校內考試（非UEC）\2025\2025年第一学期期中考\S1\^2025 1-1 S1A-C1F BM P1.pdf,"2025-1-1 S1A-B, AC1A, C1A-F BM P1.pdf",OK,S1,"S1A-B, AC1A, C1A-F",BM,P1,,"class=封面班级栏「S1A-B,AC1A,C1A-F」；class_streams=商科班、文商班、理科班；subject=封面科目栏「BAHASAMALAYSIA|姓名NAME」","2025年芙蓉中华中学第一学期期中考试 | 2025First SemesterMid-termExamination,CHHS Seremban | 考卷资料 | 学生资料 | ExamPaper Information | Student'sInformation | 科目 Subject | BAHASAMALAYSIA | 姓名Name | 试卷Paper | 1 | 班级Class | 时间Time | 2HRS | 学号Adm.No. | ( | ） | 班级Class | S1A-B,AC1A, C1A-F | 得分Mark | 考生须知Instructions | 1. Kertas 1 soalan ini mengandungi tiga (3) bahagian: | BAHAGIAN A: Sistem dan Aplikasi Bahasa | BAHAGIANB:Pemahaman PetikanUmum | 芙 | BAHAGIANC:Rumusan"
Y,samples\校內考試（非UEC）\2025\2025年第一学期期中考\S1\^2025 1-1 S1A-C1F CHINESE LITERATURE.pdf,"2025-1-1 S1A-B, AC1A, C1A-F CHINESE LITERATURE P1.pdf",OK,S1,"S1A-B, AC1A, C1A-F",CHINESE LITERATURE,P1,,"class=封面班级栏「S1A-B,AC1A,C1A-F」；class_streams=商科班、文商班、理科班；subject=封面科目栏「姓名NAME|CHINESELITERATURE」","2025年芙蓉中华中学第一学期期中考试 | 2025First Semester Mid-term Examination,CHHS Seremban | 考卷资料 | 学生资料 | ExamPaperInformation | Student'sInformation | 华文文学 (选修) | 科目Subject | 姓名Name | CHINESELITERATURE | 试卷Paper | 班级Class | 1 | 时间Time | 2HR 30MINS | 学号Adm.No. | 班级Class | S1A-B,AC1A,C1A-F | 得分Mark | 考生须知Instructions | 1.此试卷共有三个部分： | (一)文选 60% | （二)小说20% | 芙 | （三）戏剧20% | 2.共须回答10题，各题10分。 | 正 | 题"
Y,samples\校內考試（非UEC）\2025\2025年第一学期期中考\S1\^2025 1-1 S1A-C1F P. MORAL.pdf,"2025-1-1 S1A-B, AC1A, C1A-F SPM P. MORAL P1.pdf",OK,S1,"S1A-B, AC1A, C1A-F",SPM P. MORAL,P1,,"class=封面班级栏「S1A-B,AC1A,C1A-F」；class_streams=商科班、文商班、理科班；subject=封面科目栏「PENDIDIKANMORALSPM|姓名NAME」","2025年芙蓉中华中学第一学期期中考试 | 2025First Semester Mid-termExamination,CHHS Seremban | 考卷资料 | 学生资料 | ExamPaperInformation | Student'sInformation | 科目Subject | PENDIDIKANMORALSPM | 姓名Name | 试卷Paper | 1 | 班级Class | 时间Time | 1HR 30MINS | 学号Adm.No. | ( | ） | 班级Class | S1A-B,AC1A,C1A-F | 得分Mark | 考生须知Instructions | 1. Kertas soalan ini mengandungi tiga bahagian: | Bahagian A: 3 soalan - (30 markah) | 芙 | Bahagian B: 1 soalan - (10 markah) | Bahagian C: 1 soalan - (20 markah)"
Y,samples\校內考試（非UEC）\2025\2025年第一学期期中考\S1\^2025 1-1 S1A-U1A BC P1.pdf,"2025-1-1 S1A-B, AC1A, C1A-F, U1A BC P1.pdf",OK,S1,"S1A-B, AC1A, C1A-F, U1A",BC,P1,,"class=封面班级栏「S1A-B,AC1A,C1A-F,U1A」；class_streams=商科班、文商班、理科班、统考班（不考SPM）；subject=封面科目栏「华文BC|姓名NAME」","2025年芙蓉中华中学第一学期期中考试 | 2025FirstSemester Mid-termExamination,CHHS Seremban | 考卷资料 | 学生资料 | Exam Paper Information | Student's Information | 科目Subject | 华文BC | 姓名Name | 试卷Paper | 1 | 班级Class | 时间Time | 1HR 45MINS | 学号Adm.No. | 班级Class | S1A-B,AC1A,C1A-F,U1A | 得分Mark | 考生须知Instructions | 1.本科试卷共分两份： | 试卷一：写作(40%) | 试卷二：语文测验(60%) | 2.试卷一共分两组： | 甲组：作文共5题，选答1题。用白话文写作。不可用诗歌或戏剧体裁作答。文长至少 | 500字。须作答于作文稿纸上。 | 选答1题 | 用 | 格式书写 | 须作答干单线"
Y,samples\校內考試（非UEC）\2025\2025年第一学期期中考\S1\^2025 1-1 S1A-U1A BC P2.pdf,"2025-1-1 S1A-B, AC1A, C1A-F, U1A BC P2.pdf",OK,S1,"S1A-B, AC1A, C1A-F, U1A",BC,P2,,"class=封面班级栏「S1A-B,AC1A,C1A-F,U1A」；class_streams=商科班、文商班、理科班、统考班（不考SPM）；subject=封面科目栏「华文BC|姓名NAME」","2025年芙蓉中华中学第一学期期中考试 | 2025First SemesterMid-term Examination,CHHS Seremban | 考卷资料 | 学生资料 | Exam Paper Information | Student's Information | 科目Subject | 华文BC | 姓名Name | 试卷Paper | 2 | 班级Class | 时间Time | 1HR45MINS | 学号Adm.No. | ( | ） | 班级Class | S1A-B,AC1A,C1A-F,U1A | 得分Mark | 考生须知Instructions | 1.本科试卷共分两份： | 试卷一：写作(40%) | 试卷二：语文测验(60%) | 2.试卷二题目共分三组： | 甲组：语文基础知识与文学文化常识 | 乙组：现代文阅读 | 丙组：古诗文阅读 | 店 | 3.甲、乙、丙组的答案，须作答于特备作答纸的特备空格内。答题的编号必须与题目编号相符。 | 考生的所有签案"
Y,samples\校內考試（非UEC）\2025\2025年第一学期期中考\S1\^2025 1-1 S1A-U1A BI P1.pdf,"2025-1-1 S1A-B, AC1A, C1A-F, U1A BI P1.pdf",OK,S1,"S1A-B, AC1A, C1A-F, U1A",BI,P1,,"class=封面班级栏「S1A-B,AC1A,C1A-F,U1A」；class_streams=商科班、文商班、理科班、统考班（不考SPM）；subject=封面科目栏「ENGLISHLANGUAGE|姓名NAME」","2025年芙蓉中华中学第一学期期中考试 | 2025First Semester Mid-term Examination,CHHS Seremban | 考卷资料 | 学生资料 | ExamPaperInformation | Student'sInformation | 科目Subject | ENGLISH LANGUAGE | 姓名Name | 试卷Paper | 1 | 班级Class | 时间Time | 1HR30MINS | 学号Adm.No. | 班级Class | S1A-B,AC1A,C1A-F,U1A | 得分Mark | 考生须知Instructions | 1. This subject comprises two papers: | Paper 1: Writing | (50%) | Paper 2: Reading and Language Use | (50%) | 芙 | 2.Complete Paper 1 within 1 hour 30 minutes allocated."
Y,samples\校內考試（非UEC）\2025\2025年第一学期期中考\S1\^2025 1-1 S1A-U1A BI P2.pdf,"2025-1-1 S1A-B, AC1A, C1A-F, U1A BI P2.pdf",OK,S1,"S1A-B, AC1A, C1A-F, U1A",BI,P2,,"class=封面班级栏「SIA-B,ACIA,C1A-F,U1A」；class_streams=商科班、文商班、理科班、统考班（不考SPM）；subject=封面科目栏「ENGLISHLANGUAGE|姓名NAME」","2025年芙蓉中华中学第一学期期中考试 | 2025 First Semester Mid-term Examination, CHHS Seremban | 考卷资料 | 学生资料 | Exam PaperInformation | Student'sInformation | 科目Subject | ENGLISH LANGUAGE | 姓名Name | 试卷Paper | 2 | 班级Class | 时间Time | 1HR 30MINS | 学号 Adm.No. | 班级Class | SIA-B, ACIA, C1A-F, U1A | 得分Mark | 考生须知Instructions | 1.This subject comprises two papers: | Paper 1: Writing | (50%) | Paper 2: Reading and Language Use | (50%) | 2.Paper 2 consistsof two sections: | 芙 | Section A: Reading | (30%) | There are three "
Y,"samples\校內考試（非UEC）\2025\2025年第一学期期中考\S1\^2025-1-1 AC1A, C1A-B, C1D SPM ADDMATHS.pdf","2025-1-1 AC1A, C1A-B, C1D SPM ADD MATHS.pdf",OK,S1,"AC1A, C1A-B, C1D",SPM ADD MATHS,,,"class=封面班级栏「AC1A,C1A-B,C1D」；class_streams=商科班、文商班；subject=封面科目栏「姓名NAME|SPMADDITIONALMATHS.」","2025年芙蓉中华中学第一学期期中考试 | 2025 First Semester Mid-term Examination, CHHS Seremban | 考卷资料 | 学生资料 | Exam Paper Information | Student'sInformation | 政考附数(选修) | 科目Subject | 姓名Name | SPMADDITIONALMATHS. | 试卷Paper | 班级Class | 时间Time | 2HRS | 学号Adm.No. | ( | 班级Class | AC1A, C1A-B, C1D | 得分Mark | 考生须知Instructions | 1. This paper consists of 15 questions on 5 printed pages. | 芙 | ...Answer all questions. | 蓉 | 3.Show yourworking.It may help you toget marks."
Y,"samples\校內考試（非UEC）\2025\2025年第一学期期中考\S1\^2025-1-1 AC1A, C1A-F, U1A UEC ADV MATH.pdf","2025-1-1 AC1A, C1A-F, U1A UEC ADV MATHS P1.pdf",OK,S1,"AC1A, C1A-F, U1A",UEC ADV MATHS,P1,,"class=封面班级栏「AC1A,C1A-F,U1A」；class_streams=商科班、文商班、统考班（不考SPM）；subject=封面科目栏「姓名NAME|UECADVANCEDMATHEMATICS」","2025年芙蓉中华中学第一学期期中考试 | 2025First Semester Mid-term Examination,CHHS Seremban | 考卷资料 | 学生资料 | Exam Paper Information | Student'sInformation | 统考高级数学 | 科目Subject | 姓名 Name | UECAdvancedMathematics | 试卷Paper | 班级Class | 一 | 时间Time | 2HRS | 学号Adm.No. | （ | ） | 班级Class | AC1A,C1A-F, U1A | 得分Mark | 考生须知Instructions | 1.此试卷共分两部分： | PartA.选择题(16%)。每题2分，8题全做。把答案填写在第2页的空格中。 | PartB.作答题（84%)。10题全做。 | 芙 | 此试卷共有4页。 | 蓉 | 3.数学公式表在第2页。 | 4.考生可使用CA"
Y,"samples\校內考試（非UEC）\2025\2025年第一学期期中考\S1\^2025-1-1 AC1A,U1A UHIS.pdf","2025-1-1 AC1A, U1A UEC HISTORY P1.pdf",OK,S1,"AC1A, U1A",UEC HISTORY,P1,,"class=封面班级栏「AC1A,U1A」；class_streams=文商班、统考班（不考SPM）；subject=封面科目栏「统考历史UHIS|姓名NAME」","2025年芙蓉中华中学第一学期期中考试 | 2025First SemesterMid-termExamination,CHHSSeremban | 考卷资料 | 学生资料 | ExamPaperInformation | Student's Information | 科目Subject | 统考历史UHIS | 姓名Name | 试卷Paper | 1 | 班级Class | 时间Time | 2HRS | 学号Adm.No. | C | 班级Class | AC1A,U1A | 得分Mark | 考生须知Instructions | 1.本试卷共分成五个部分：A项选择题(30%)，B项填空题(10%)，C项配对题(5%)，D项看图作答 | (10%),及E项问答题(45%)。 | 2.A项选择题30题全做。选出正确或最佳的答案，用5B铅笔将OMR卡上相应的小方格涂黑。 | 3.B项至E项，须全作答在单线纸上 | 只可用蓝色或黑色钢笔或圆珠笔书写"
,"samples\校內考試（非UEC）\2025\2025年第一学期期中考\S2\^2025 1-1 S2AB,AC2A,C2A-E CHINESE LITERATURE.pdf","2025-1-1 S2A-B, AC2A, C2A-E CHINESE LITERATURE.pdf",REVIEW,S2,"S2A-B, AC2A, C2A-E",CHINESE LITERATURE,,试卷栏「=」看不出是第几卷,"class=封面班级栏「S2A-B,AC2A,C2A-E」；class_streams=商科班、文商班、理科班；subject=封面科目栏「姓名NAME|CHINESELITERATURE」","2025年芙蓉中华中学第一学期期中考试 | 2025First Semester Mid-term Examination,CHHS Seremban | 考卷资料 | 学生资料 | ExamPaperInformation | Student'sInformation | 华文文学 (选修) | 科目Subject | 姓名Name | CHINESELITERATURE | 试卷Paper | 班级Class | = | 时间Time | 2HR30MINS | 学号Adm.No. | 班级Class | S2A-B,AC2A,C2A-E | 得分Mark | 考生须知Instructions | 1.此试卷共有三个部分： | (一)文选 60% | （二）小说20% | 芙 | （三）戏剧20% | 2.共须回答10题，各题10分。"
Y,"samples\校內考試（非UEC）\2025\2025年第一学期期中考\S2\^2025 1-1AC2A, U2A UGEO.pdf","2025-1-1 AC2A, U2A UEC GEO.pdf",OK,S2,"AC2A, U2A",UEC GEO,,,"class=封面班级栏「AC2A,U2A」；class_streams=文商班、统考班（不考SPM）；subject=封面科目栏「统考地理UGEO|姓名NAME」","2025年芙蓉中华中学第一学期期中考试 | 2025 First Semester Mid-term Examination, CHHS Seremban | 考卷资料 | 学生资料 | Exam Paper Information | Student's Information | 科目Subject | 统考地理UGEO | 姓名Name | 试卷Paper | 班级Class | 时间Time | 2HRS | 学号Adm.No. | ( | ） | 班级Class | AC2A,U2A | 得分Mark | 考生须知Instructions | 1.此试卷共分为二部分： | 甲：选择题 | (40%) | 乙：问答题 | (60%) | 2.选择题答案须填写在OMR卡上。 | 3.问答题必须全答，须作答在单线纸。 | 芙 | 1.此试卷共印6面。 | 蓉 | o+ | secti | 门"
Y,samples\校內考試（非UEC）\2025\2025年第一学期期中考\S2\^2025 1-1S2A-U2A BC P1.pdf,"2025-1-1 S2A-B, AC2A, C2A-E, U2A BC P1.pdf",OK,S2,"S2A-B, AC2A, C2A-E, U2A",BC,P1,,"class=封面班级栏「S2A-B,AC2A,C2A-E,U2A」；class_streams=商科班、文商班、理科班、统考班（不考SPM）；subject=封面科目栏「华文BC|姓名NAME」","2025年芙蓉中华中学第一学期期中考试 | 2025FirstSemesterMid-termExamination,CHHSSeremban | 考卷资料 | 学生资料 | Exam Paper Information | Student'sInformation | 科目Subject | 华文BC | 姓名Name | 试卷Paper | 1 | 班级Class | 时间Time | 1HR 45MINS | 学号Adm.No. | ( | 班级Class | S2A-B,AC2A,C2A-E,U2A | 得分Mark | 考生须知Instructions | 1.本科试卷共分两份： | 试卷一：写作(40%) | 试卷二：语文测验(60%) | 2.试卷一共分两组： | 甲组：作文共5题，选答1题。用白话文写作。不可用诗歌或戏剧体裁作答。文长至少600字。 | 须作答于作文稿纸上。 | 乙组：应用文共2题，选答1题。用白话文写作，按新式应用文格式书写。须作答于单线纸上。 | 3.只可用蓝色或黑色的原"
Y,samples\校內考試（非UEC）\2025\2025年第一学期期中考\S2\^2025 1-1S2A-U2A BC P2.pdf,"2025-1-1 S2A-B, AC2A, C2A-E, U2A BC P2.pdf",OK,S2,"S2A-B, AC2A, C2A-E, U2A",BC,P2,,"class=封面班级栏「S2A-B,AC2A,C2A-E,U2A」；class_streams=商科班、文商班、理科班、统考班（不考SPM）；subject=封面科目栏「华文BC|姓名NAME」","2025年芙蓉中华中学第一学期期中考试 | 2025 First Semester Mid-term Examination, CHHS Seremban | 考卷资料 | 学生资料 | Exam Paper Information | Student's Information | 科目Subject | 华文BC | 姓名Name | 试卷Paper | 2 | 班级Class | 时间Time | 1HR 45MINS | 学号Adm.No. | ( | 班级Class | S2A-B,AC2A,C2A-E,U2A | 得分Mark | 考生须知Instructions | 1.本科试卷共分两份： | 试卷一：写作 | (40%) | 试卷二：语文测验(60%) | 2.试卷二题目共分三组： | 甲组：语文基础知识与文学文化常识 | 芙 | 乙组：现代文阅读 | 丙组：古诗文阅读"
Y,samples\校內考試（非UEC）\2025\2025年第一学期期中考\S2\^2025 1-1S2A-U2A BI P1.pdf,"2025-1-1 S2A-B, AC2A, C2A-E, U2A BI P1.pdf",OK,S2,"S2A-B, AC2A, C2A-E, U2A",BI,P1,,"class=封面班级栏「S2A-B,AC2A,C2A-E,U2A」；class_streams=商科班、文商班、理科班、统考班（不考SPM）；subject=封面科目栏「ENGLISHLANGUAGE|姓名NAME」","2025年芙蓉中华中学第一学期期中考试 | 2025 First Semester Mid-term Examination, CHHS Seremban | 考卷资料 | 学生资料 | ExamPaperInformation | Student'sInformation | 科目Subject | ENGLISH LANGUAGE | 姓名Name | 试卷Paper | 1 | 班级Class | 时间Time | 1HR30MINS | 学号Adm.No. | 班级Class | S2A-B, AC2A, C2A-E, U2A | 得分Mark | 考生须知Instructions | 1. This subject comprises two papers: | Paper 1: Writing | (50%) | Paper 2: Reading and Language Use | (50%) | 芙 | 2. | Complete Paper 1within 1hour30 minutes allocated."
Y,samples\校內考試（非UEC）\2025\2025年第一学期期中考\S2\^2025 1-1S2A-U2A BI P2.pdf,"2025-1-1 S2A-B, AC2A, C2A-E, U2A BI P2.pdf",OK,S2,"S2A-B, AC2A, C2A-E, U2A",BI,P2,,"class=封面班级栏「S2A-B,AC2A,C2A-E,U2A」；class_streams=商科班、文商班、理科班、统考班（不考SPM）；subject=封面科目栏「ENGLISHLANGUAGE|姓名NAME」","2025年芙蓉中华中学第一学期期中考试 | 2025First Semester Mid-term Examination,CHHS Seremban | 考卷资料 | 学生资料 | ExamPaper Information | Student'sInformation | 科目Subject | ENGLISH LANGUAGE | 姓名Name | 试卷Paper | 2 | 班级Class | 时间Time | 1HR30MINS | 学号Adm.No. | 班级Class | S2A-B,AC2A, C2A-E, U2A | 得分Mark | 考生须知Instructions | 1.This subject comprises two papers: | Paper 1: Writing | (50%) | Paper 2:Reading and LanguageUse | (50%) | 2.Paper 2 consists of two sections: | 芙 | Section A:Reading | (30%) | There are three parts i"
Y,"samples\校內考試（非UEC）\2025\2025年第一学期期中考\S2\^2025 1-1S2AB,AC2A,C2A-E BM P1.pdf","2025-1-1 S2A-B, AC2A, C2A-E BM P1.pdf",OK,S2,"S2A-B, AC2A, C2A-E",BM,P1,,"class=封面班级栏「S2A-B,AC2A,C2A-E」；class_streams=商科班、文商班、理科班；subject=封面科目栏「BAHASAMALAYSIA|姓名NAME」","2025年芙蓉中华中学第一学期期中考试 | 2025FirstSemesterMid-termExamination,CHHSSeremban | 考卷资料 | 学生资料 | Exam Paper Information | Student's Information | 科目Subject | BAHASAMALAYSIA | 姓名Name | 试卷Paper | 1 | 班级Class | 时间Time | 2HR | 学号Adm.No. | ( | 班级Class | S2A-B, AC2A, C2A-E | 得分Mark | 考生须知Instructions | 1. Kertas 1 ini mengandungi tiga (3) bahagian: | BAHAGIAN A:Sistem danAplikasi Bahasa | BAHAGIAN B:Pemahaman Petikan Umum | BAHAGIAN C:Rumusan | 芙 | Andadikehendakimenjawabsemuasoalan."
Y,"samples\校內考試（非UEC）\2025\2025年第一学期期中考\S2\^2025 1-1S2AB,AC2A,C2A-E P. MORAL SPM.pdf","2025-1-1 S2A-B, AC2A, C2A-E SPM P. MORAL P1.pdf",OK,S2,"S2A-B, AC2A, C2A-E",SPM P. MORAL,P1,,"class=封面班级栏「S2A-B,AC2A,C2A-E」；class_streams=商科班、文商班、理科班；subject=封面科目栏「PENDIDIKANMORALSPM|姓名NAME」","2025年芙蓉中华中学第一学期期中考试 | 2025 First Semester Mid-term Examination, CHHS Seremban | 考卷资料 | 学生资料 | Exam PaperInformation | Student's Information | 科目Subject | PENDIDIKANMORALSPM | 姓名Name | 试卷Paper | 1 | 班级Class | 时间Time | 1HR30MINS | 学号Adm.No. | ( | = | 班级Class | S2A-B,AC2A,C2A-E | 得分Mark | 考生须知Instructions | 1. Kertas soalan ini mengandungi tiga bahagian: | Bahagian A: 3 soalan - (30 markah) | 芙 | Bahagian B: 1 soalan - (10 markah) | Bahagian C: 1 soalan - (20 markah)"
Y,"samples\校內考試（非UEC）\2025\2025年第一学期期中考\S2\^2025 1-1S2AB,AC2A,C2A-E SPM MATH.pdf","2025-1-1 S2A-B, AC2A, C2A-E SPM MATH.pdf",OK,S2,"S2A-B, AC2A, C2A-E",SPM MATH,,,"class=封面班级栏「S2A-B,AC2A,C2A-E」；class_streams=商科班、文商班、理科班；subject=封面科目栏「姓名NAME|SPMMATHEMATICS」","2025年芙蓉中华中学第一学期期中考试 | 2025First SemesterMid-term Examination,CHHS Seremban | 考卷资料 | 学生资料 | ExamPaperInformation | Student'sInformation | 政考数学 | 科目Subject | 姓名Name | SPMMATHEMATICS | 试卷Paper | 班级Class | - | 时间Time | 2HRS | 学号Adm.No. | （ | 班级Class | S2A-B, AC2A, C2A-E | 得分Mark | 考生须知Instructions | 1. This paper consists of two sections: | Section A: Multiple choices questions (40%). 2% for each question, and answer all 20 questions. | Section B: Subjective questions (60%). Answer all 8 questions. "
Y,"samples\校內考試（非UEC）\2025\2025年第一学期期中考\S2\^2025 1-1S2AB,AC2A,C2A-E SPM PRINSIP PERAKAUNAN.pdf","2025-1-1 S2A-B, AC2A, C2A-F SPM PRINSIP PERAKAUNAN.pdf",OK,S2,"S2A-B, AC2A, C2A-F",SPM PRINSIP PERAKAUNAN,,,"class=封面班级栏「S2A-B,AC2A,C2A-F」；class_streams=商科班、文商班、理科班；subject=封面科目栏「姓名NAME|PERAKAUNAN(选修)」","2025年芙蓉中华中学第一学期期中考试 | 2025 First Semester Mid-term Examination, CHHS Seremban | 考卷资料 | 学生资料 | ExamPaperInformation | Student's Information | SPM-PRINSIP | 科目Subject | 姓名Name | PERAKAUNAN（选修) | 试卷Paper | 班级Class | - | 时间Time | 2HRS | 学号Adm.No. | ( | ) | 班级Class | S2A-B,AC2A, C2A-F | 得分Mark | 考生须知Instructions | 1. Kertas soalan ini mengandungi 3 soalan. | 站 | 2. Jawab semua soalan subjektif dalam kertas kajang yang disediakan."
Y,"samples\校內考試（非UEC）\2025\2025年第一学期期中考\S2\^2025 1-1S2AB,AC2A,C2A-E SPM SEJARAH.pdf","2025-1-1 S2A-B, AC2A, C2A-E SPM SEJARAH P1.pdf",OK,S2,"S2A-B, AC2A, C2A-E",SPM SEJARAH,P1,,"class=封面班级栏「S2A-B,AC2A,C2A-E」；class_streams=商科班、文商班、理科班；subject=封面科目栏「SPMSEJARAH|姓名NAME」","2025年芙蓉中华中学第一学期期中考试 | 2025FirstSemester Mid-term Examination,CHHS Seremban | 考卷资料 | 学生资料 | ExamPaperInformation | Student'sInformation | 科目Subject | SPMSEJARAH | 姓名Name | 试卷Paper | 1 | 班级Class | 时间Time | 2HRS | 学号Adm.No. | ( | 一 | 班级Class | S2A-B,AC2A,C2A-E | 得分Mark | 考生须知Instructions | 1. Kertas soalan ini mengandungi 3 bahagian iaitu Bahagian A, B dan C. | 2. Calon mesti menjawab semua soalan dalam Bahagian A dan Bahagian B, dan jawab dua soalan sahaja | di Bahagian C. | 3. Semua jawapan untuk"
Y,"samples\校內考試（非UEC）\2025\2025年第一学期期中考\S2\^2025-1-1 AC2A, C2A-E SPM ADDMATH.pdf","2025-1-1 AC2A, C2A-E SPM ADD MATHS.pdf",OK,S2,"AC2A, C2A-E",SPM ADD MATHS,,,"class=封面班级栏「AC2A,C2A-E」；class_streams=商科班、文商班；subject=封面科目栏「姓名NAME|SPMADDITIONALMATHS.」","2025年芙蓉中华中学第一学期期中考试 | 2025First Semester Mid-term Examination, CHHS Seremban | 考卷资料 | 学生资料 | ExamPaperInformation | Student'sInformation | 政考附数(选修) | 科目Subject | 姓名Name | SPMADDITIONALMATHS. | 试卷Paper | 班级Class | - | 时间Time | 2HRS | 学号Adm.No. | ( | C | 班级Class | AC2A,C2A-E | 得分Mark | 考生须知Instructions | 1. This paper consists of 14 questions on 4 printed pages. | 2.Answer all questions. | '. The formulae are printed at the 2nd | 芙 | page. | 中 | 4. Show your working. It may help you to get marks."
,"samples\校內考試（非UEC）\2025\2025年第一学期期中考\S2\^2025-1-1 AC2A, C2A-E SPM SCIENCE.pdf","2025-1-1 AC2A, C2A-E SPM SCIENCE.pdf",REVIEW,S2,"AC2A, C2A-E",SPM SCIENCE,,试卷栏「“」看不出是第几卷,"class=封面班级栏「AC2A,C2A-E」；class_streams=商科班、文商班；subject=封面科目栏「政考科学SPMSCIENCE|姓名NAME」","2025年芙蓉中华中学第一学期期中考试 | 2025First Semester Mid-term Examination,CHHS Seremban | 考卷资料 | 学生资料 | Exam Paper Information | Student'sInformation | 科目Subject | 政考科学SPM SCIENCE | 姓名Name | 试卷Paper | 班级Class | “ | 时间Time | 1HR30MINS | 学号Adm.No. | （） | 班级Class | AC2A,C2A-E | 得分Mark | 考生须知Instructions | 1. This paper consists of 10 pages. | 2.Answer ALL the questions in Section A, Section B and Section C. | 3. Section A: Objective questions [30 marks]: Blacken your answers in OMR with 2B pencil. | 4. Section"
Y,"samples\校內考試（非UEC）\2025\2025年第一学期期中考\S2\^2025-1-1 AC2A, C2A-E, U2A UEC ACCOUNTING.pdf","2025-1-1 AC2A, C2A-F, U2A UEC BOOKKEEPING.pdf",OK,S2,"AC2A, C2A-F, U2A",UEC BOOKKEEPING,,,"class=封面班级栏「AC2A,C2A-F,U2A」；class_streams=商科班、文商班、统考班（不考SPM）；subject=封面科目栏「统考会计UECACCOUNTING|姓名NAME」","2025年芙蓉中华中学第一学期期中考试 | 2025FirstSemester Mid-termExamination,CHHS Seremban | 考卷资料 | 学生资料 | ExamPaperInformation | Student'sInformation | 科目Subject | 统考会计UECACCOUNTING | 姓名Name | 试卷Paper | 班级Class | - | 时间Time | 2HRS | 学号Adm.No. | ( | > | 班级Class | AC2A,C2A-F,U2A | 得分Mark | 考生须知Instructions | 1. Compulsory answer all the questions: - Section A: Multiple-choice questions (10%) | -Section B: Subjective questions (90%) | 芙 | 2. Please answer all the questions in the single-lined paper."
Y,"samples\校內考試（非UEC）\2025\2025年第一学期期中考\S2\^2025-1-1 AC2A, C2A-E, U2A UEC ADV MATH.pdf","2025-1-1 AC2A, C2A-E, U2A UEC ADV MATHS.pdf",OK,S2,"AC2A, C2A-E, U2A",UEC ADV MATHS,,,"class=封面班级栏「AC2A,C2A-E,U2A」；class_streams=商科班、文商班、统考班（不考SPM）；subject=封面科目栏「姓名NAME|UECADVANCEDMATHEMATICS」","2025年芙蓉中华中学第一学期期中考试 | 2025FirstSemesterMid-termExamination,CHHSSeremban | 考卷资料 | 学生资料 | Exam PaperInformation | Student'sInformation | 统考高级数学 | 科目Subject | 姓名Name | UEC Advanced Mathematics | 试卷Paper | 班级Class | 时间Time | 2HRS | 学号Adm.No. | ( | 班级Class | AC2A, C2A-E, U2A | 得分Mark | 考生须知Instructions | 1.此试卷共分两部分： | PartA.选择题(20%)。每题2分，10题全做。把答案填写在第2页的空格中。 | Part B.作答题(80%)。10题全做。 | 2.此试卷共有5页。 | 芙 | 3.数学公式表在第2页。 | 4.考生可使用CASIOfx-570MS，CASIOfx-570MS-2，CASIOfx-350MS，CASIOfx-350MS-2,"
,"samples\校內考試（非UEC）\2025\2025年第一学期期中考\S2\^2025-1-1 AC2A, C2A-E, U2A UEC BUSINESS.pdf","2025-1-1 AC2A, C2A-E, U2A UEC BUSINESS.pdf",REVIEW,S2,"AC2A, C2A-E, U2A",UEC BUSINESS,,试卷栏「!」看不出是第几卷,"class=封面班级栏「AC2A,C2A-E,U2A」；class_streams=商科班、文商班、统考班（不考SPM）；subject=封面科目栏「商业学UECBUSINESS|姓名NAME」","2025年芙蓉中华中学第一学期期中考试 | 2025First Semester Mid-term Examination,CHHS Seremban | 考卷资料 | 学生资料 | ExamPaperInformation | Student's Information | 科目Subject | 商业学UEC BUSINESS | 姓名Name | 试卷Paper | 班级Class | ！ | 时间Time | 2HRS | 学号Adm.No. | 班级Class | AC2A,C2A-E,U2A | 得分Mark | 考生须知Instructions | 1.此试卷共分两部分：部分一：选择题(30%), | 部分二：作答题(70%)。 | 2.部分一：选择题，30题全做，每题1分。 | 3.部分二：作答题分二组：甲组-必答题(55%,4题全做)。 | 乙组-个案题一题（15%,1题全答）。 | 4.每题必须用新的一面（前后）作答，请勿与前一趟接同一页作答芙 | 5.只可用蓝色或黑色的钢珠笔或圆珠笔书写。 | 码必须书写清楚"
Y,"samples\校內考試（非UEC）\2025\2025年第一学期期中考\S2\^2025-1-1 AC2A, C2A-E, U2A UEC ECONOMICS.pdf","2025-1-1 AC2A, C2A-E, U2A UEC ECONOMICS.pdf",OK,S2,"AC2A, C2A-E, U2A",UEC ECONOMICS,,,"class=封面班级栏「AC2A,C2A-E,U2A」；class_streams=商科班、文商班、统考班（不考SPM）；subject=封面科目栏「姓名NAME|UECECONOMICS」","2025年芙蓉中华中学第一学期期中考试 | 2025 First Semester Mid-term Examination, CHHS Seremban | 考卷资料 | 学生资料 | ExamPaperInformation | Student'sInformation | 统考经济学 | 科目Subject | 姓名Name | UEC ECONOMICS | 试卷Paper | 班级Class | 时间Time | 2HRS | 学号Adm.No. | C | ） | 班级Class | AC2A,C2A-E,U2A | 得分Mark | 考生须知Instructions | 1.此考卷共分两部分：部分一.选择题(40%) | 部分二.作答题(60%) | 2.部分一：选择题20题全做，每题2%。答案填写在OMR卡。 | 3.部分二：作答题4题，每题15%(4题全做)。 | 芙 | 4.只可用蓝色或黑色的钢珠笔或圆珠笔书写，惟可用铅笔画图。 | 5.不必抄题，惟试题号码必须书写清楚。"
Y,"samples\校內考試（非UEC）\2025\2025年第一学期期中考\S2\^2025-1-1 AC2A,U2A UHIS.pdf","2025-1-1 AC2A, U2A UEC HISTORY P1.pdf",OK,S2,"AC2A, U2A",UEC HISTORY,P1,,"class=封面班级栏「AC2A,U2A」；class_streams=文商班、统考班（不考SPM）；subject=封面科目栏「统考历史UHIS|姓名NAME」","2025年芙蓉中华中学第一学期期中考试 | 2025 First Semester Mid-term Examination, CHHS Seremban | 考卷资料 | 学生资料 | ExamPaperInformation | Student's Information | 科目Subject | 统考历史UHIS | 姓名Name | 试卷Paper | 1 | 班级Class | 时间Time | 2HRS | 学号Adm.No. | ( | 班级Class | AC2A,U2A | 得分Mark | 考生须知Instructions | 1. | 本科试卷共分三部分甲组：选择题(30%)，乙组：综合题(25%)和丙组：问答题(45%) | 2. | 甲组选择题30题全做，选出正确或最佳的答案，然后用5B铅笔将OMR卡上相应的字母所在的 | 小方格涂黑。 | 3. | 乙组综合题与丙组问答题须全部作答于单线纸上。 | 芙 | 只可用蓝色或黑色的钢笔或圆珠笔书写。 | 5．本试卷共印6面。"
Y,samples\校內考試（非UEC）\2025\2025年第一学期期中考\S2\^2025-1-1 S2A-B SPM ADDMATH.pdf,2025-1-1 S2A-B SPM ADD MATHS.pdf,OK,S2,S2A-B,SPM ADD MATHS,,,class=封面班级栏「S2A-B」；class_streams=理科班；subject=封面科目栏「姓名NAME|SPMADDITIONALMATHS.」,"2025年芙蓉中华中学第一学期期中考考试 | 2025First SemesterMid-termExamination,CHHS Seremban | 考卷资料 | 学生资料 | Exam Paper Information | Student'sInformation | 政考附数 | 科目Subject | 姓名Name | SPM ADDITIONAL MATHS. | 试卷Paper | 班级Class | 时间Time | 2HRS | 学号Adm.No. | 班级Class | S2A-B | 得分Mark | 考生须知Instructions | 1. | This paper consists of 14 questions on 5 printed pages. | 2. | Answer all questions. | 芙 | 3. | The formulae are printed at the 2nd page. | 4. | Show yourworking.Itmay helpyou togetmarks."
,samples\校內考試（非UEC）\2025\2025年第一学期期中考\S2\^2025-1-1 S2A-B SPM BIOLOGY.pdf,2025-1-1 S2A-B SPM BIOLOGY.pdf,REVIEW,S2,S2A-B,SPM BIOLOGY,,试卷栏「=」看不出是第几卷,class=封面班级栏「S2A-B」；class_streams=理科班；subject=封面科目栏「政考生物SPMBIOLOGY|姓名NAME」,"2025年芙蓉中华中学第一学期期中考试 | 2025FirstSemesterMid-termExamination,CHHSSeremban | 考卷资料 | 学生资料 | ExamPaperInformation | Student's Information | 科目Subject | 政考生物SPMBIOLOGY | 姓名Name | 试卷Paper | 班级Class | = | 时间Time | 2HRS | 学号Adm.No. | ( | 班级Class | S2A-B | 得分Mark | 考生须知Instructions | 1.本试卷共印有10页。 | 2.本试卷共分为3组试题。 | 3.A组为选择题。从A、B、C及D中选出最佳答案，并用5B铅笔在OMR卡相应的字母上涂黑。 | 4.B组为简答题。所有作答请作答于试卷所提供的空间内。 | 芙 | .C组为作答题。请作答于单线纸上。"
Y,samples\校內考試（非UEC）\2025\2025年第一学期期中考\S2\^2025-1-1 S2A-B SPM CHEMISTRY.pdf,2025-1-1 S2A-B SPM CHEMISTRY.pdf,OK,S2,S2A-B,SPM CHEMISTRY,,,class=封面班级栏「S2A-B」；class_streams=理科班；subject=封面科目栏「政考化学SPMCHEMISTRY|姓名NAME」,"2025年芙蓉中华中学第一学期期中考试 | 2025 First Semester Mid-term Examination, CHHS Seremban | 考卷资料 | 学生资料 | ExamPaperInformation | Student's Information | 科目Subject | 政考化学SPMCHEMISTRY | 姓名Name | 试卷Paper | 班级Class | - | 时间Time | 2 HRS | 学号Adm.No. | （ | ） | 班级Class | S2A-B | 得分Mark | 考生须知Instructions | 1.This question paper consists of 12 pages. | 2. Section A consists of 30 objectives . For each question, select the best answer from the options | A,B,C and D. Answer the questions in OMR card provided. | 3. Sec"
Y,samples\校內考試（非UEC）\2025\2025年第一学期期中考\S2\^2025-1-1 S2A-B SPM PHYSICS.pdf,2025-1-1 S2A-B SPM PHYSICS.pdf,OK,S2,S2A-B,SPM PHYSICS,,,class=封面班级栏「S2A-B」；class_streams=理科班；subject=封面科目栏「政考物理SPMPHYSICS|姓名NAME」,"2025年芙蓉中华中学第一学期期中考试 | 2025FirstSemesterMid-termExamination,CHHSSeremban | 考卷资料 | 学生资料 | Exam Paper Information | Student'sInformation | 科目Subject | 政考物理SPMPHYSICS | 姓名Name | 试卷Paper | 班级Class | 时间Time | 2HRS | 学号Adm.No. | ( | 0 | 班级Class | S2A-B | 得分Mark | 考生须知Instructions | 1. This question paper consists of 10 pages. | 2. Answer all questions. | 3. Write your answer for Section A in OMR, Section B in spaces provided in this question paper and Section C | 芙 | in text pad provided. | 4. Take gra"
Y,samples\校內考試（非UEC）\2025\2025年第一学期期中考\S2\^2025-1-1 S2A-B UEC ADV MATH 2.pdf,2025-1-1 S2A-B UEC ADV MATHS Ⅱ.pdf,OK,S2,S2A-B,UEC ADV MATHS Ⅱ,,,class=封面班级栏「S2A-B」；class_streams=理科班；subject=封面科目栏「姓名NAME|UECADVANCEDMATHEMATICSII」,"2025年芙蓉中华中学第一学期期中考试 | 2025First SemesterMid-termExamination,CHHS Seremban | 考卷资料 | 学生资料 | Exam Paper Information | Student's Information | 统考高级数学ⅡI | 科目Subject | 姓名Name | UEC Advanced Mathematics II | 试卷Paper | 班级Class | - | 时间Time | 2HRS | 学号Adm.No. | ( | 班级Class | S2A-B | 得分Mark | 考生须知Instructions | 1．此试卷共分两部分： | PartA:选择题(12%)。每题2分，6题全做。把答案填写在第2页的空格中。 | PartB:作答题（88%)。10题全做。 | 2.此试卷共有4页。 | 芙 | 3.数学公式表印在第2页。 | 4.考生可使用CASIO fx-570MS，CASIOfx-570MS-2，CASIOfx-350MS，CASIOfx-350MS-2, | CASIOfx-991"
Y,samples\校內考試（非UEC）\2025\2025年第一学期期中考\S2\^2025-1-1 S2A-B UEC BIOLOGY.pdf,2025-1-1 S2A-B UEC BIOLOGY.pdf,OK,S2,S2A-B,UEC BIOLOGY,,,class=封面班级栏「S2A-B」；class_streams=理科班；subject=封面科目栏「统考生物UECBIOLOGY|姓名NAME」,"2025年芙蓉中华中学第一学期期中考试 | 2025 First Semester Mid-term Examination, CHHS Seremban | 考卷资料 | 学生资料 | ExamPaperInformation | Student'sInformation | 科目Subject | 统考生物UECBIOLOGY | 姓名Name | 试卷Paper | 班级Class | - | 时间Time | 1HR 30MINS | 学号Adm.No. | ( | ) | 班级Class | S2A-B | 得分Mark | 考生须知Instructions | 1.本试卷共印有四页。 | 2.试题共分为两组，甲组选择题二十题，共40%。乙组问答题六题，共60%。必须全部作答。 | 甲组选择题从A,B,C和D四个答案选项中选出最适合的答案，并在OMR卡上涂黑相应的字母。 | 4.乙组作答题作答于所提供的单线纸内。必须清楚标记题号。"
Y,samples\校內考試（非UEC）\2025\2025年第一学期期中考\S2\^2025-1-1 S2A-B UEC CHEMISTRY.pdf,2025-1-1 S2A-B UEC CHEMISTRY.pdf,OK,S2,S2A-B,UEC CHEMISTRY,,,class=封面班级栏「S2A-B」；class_streams=理科班；subject=封面科目栏「统考化学UECCHEMISTRY|姓名NAME」,"2025年芙蓉中华中学第一学期期中考试 | 2025FirstSemesterMid-termExamination,CHHS Seremban | 考卷资料 | 学生资料 | ExamPaperInformation | Student's | Information | 科目Subject | 统考化学UECCHEMISTRY | 姓名Name | 试卷Paper | 班级Class | - | 时间Time | 1HR30MINS | 学号Adm.No. | 班级Class | S2A-B | 得分Mark | 考生须知Instructions | 1. This question paper consists of 7 pages. | 2. Section A consists of 20 objectives . For each question, select the best answer from the options A,B,C | and D.Answer the questions in OMR card provided. | 苦 | 3. Section"
Y,samples\校內考試（非UEC）\2025\2025年第一学期期中考\S2\^2025-1-1 S2A-B UEC PHYSICS.pdf,2025-1-1 S2A-B UEC PHYSICS.pdf,OK,S2,S2A-B,UEC PHYSICS,,,class=封面班级栏「S2A-B」；class_streams=理科班；subject=封面科目栏「统考物理UECPHYSICS|姓名NAME」,"2025年芙蓉中华中学第一学期期中考试 | 2025First Semester Mid-term Examination,CHHS Seremban | 考卷资料 | 学生资料 | ExamPaperInformation | Student'sInformation | 科目Subject | 统考物理UECPHYSICS | 姓名Name | 试卷Paper | 班级Class | 时间Time | 1HR30MINS | 学号Adm.No. | ( | ） | 班级Class | S2A-B | 得分Mark | 考生须知Instructions | 1. The question paper consists of 9 pages. | 2.Answer all questions in Section A and Section B. | Write your answer for Section Ain OMR, Section B in spaces provided in this question paper."
Y,"samples\校內考試（非UEC）\2025\2025年第一学期期中考\S2\^2025-1-1 S2A-B,AC2A, C2A-E SPM P. SENI.pdf","2025-1-1 S2A-B, AC2A, C2A-E SPM P. SENI.pdf",OK,S2,"S2A-B, AC2A, C2A-E",SPM P. SENI,,,"class=封面班级栏「S2A-B,AC2A,C2A-E」；class_streams=商科班、文商班、理科班；subject=封面科目栏「政考美术SPMP.SENI(选修)|姓名NAME」","2025年芙蓉中华中学第一学期期中考试 | 2025 First Semester Mid-term Examination, CHHS Seremban | 考卷资料 | 学生资料 | Exam Paper Information | Student's Information | 科目Subject | 政考美术SPMP.SENI(选修) | 姓名Name | 试卷Paper | - | 班级Class | 时间Time | 2HRS30MINS | 学号Adm.No. | ( | 班级Class | S2A-B, AC2A, C2A-E | 得分Mark | 考生须知Instructions | 1. | 作画媒材必须以不透明水彩广告颜料和透明水彩颜料为主。 | 2. | 不可携带任何书刊、报纸或图片进入考场，考生不可与考场内任何同学共用一切用具。 | 3. | 考试进行中考生不得外出更换洗刷画笔所需的水。 | 4. | 如有启用第二张画纸，请在背面注明“备用纸” | 芙 | 5. | 请将考卷与作废的画纸一同回收，视为废纸处理。 | 6.请在画纸背面注明姓名、学号、班级与所选择"
Y,samples\校內考試（非UEC）\2025\2025年第一学期期中考\S2\^2025-1-1 U2A ART.pdf,2025-1-1 U2A ART.pdf,OK,S2,U2A,ART,,,class=封面班级栏「U2A」；class_streams=统考班（不考SPM）；subject=封面科目栏「美术ART(选修)|姓名NAME」,"2025年芙蓉中华中学第一学期期中考试 | 2025First Semester Mid-term Examination,CHHS Seremban | 考卷资料 | 学生资料 | ExamPaperInformation | Student'sInformation | 科目Subject | 美术ART(选修) | 姓名Name | 试卷Paper | - | 班级Class | 时间Time | 2HRS 30MINS | 学号Adm.No. | ( | ） | 班级Class | U2A | 得分Mark | 考生须知Instructions | 1. | 作画媒材必须以不透明水彩广告颜料和透明水彩颜料为主。 | 2. | 不可携带任何书刊、报纸或图片进入考场，考生不可与考场内任何同学共用一切用具。 | 3. | 考试进行中考生不得外出更换洗刷画笔所需的水。 | 4. | 如有启用第二张画纸，请在背面注明“备用纸” | 芙 | 5. | 请将考卷与作废的画纸一同回收，视为废纸处理。 | 6. | 请在画纸背面注明姓名、学号、班级与所选择的题目编号。"
Y,samples\校內考試（非UEC）\2025\2025年第一学期期中考\S2\^2025-1-1 U2A BM P1.pdf,2025-1-1 U2A BM P1.pdf,OK,S2,U2A,BM,P1,,class=封面班级栏「U2A」；class_streams=统考班（不考SPM）；subject=封面科目栏「BAHASAMALAYSIA|姓名NAME」,"2025年芙蓉中华中学第一学期期中考试 | 2025FirstSemesterMid-termExamination,CHHS Seremban | 考卷资料 | 学生资料 | ExamPaperInformation | Student's Information | 科目Subject | BAHASAMALAYSIA | 姓名Name | 试卷Paper | 1 | 班级Class | 时间Time | 1HR 40MINS | 学号Adm.No. | ( | ） | 班级Class | U2A | 得分Mark | 考生须知Instructions | 1. Kertas soalan ini terdiri daripada tiga bahagian, iaitu Bahagian A, Bahagian B, dan Bahagian C. | 2. Calon diwajibkan menjawab SEMUA bahagian. | 芙 | Jawaban anda perlu dijawab dalam kertas kajang yang disediakan. "
Y,samples\校內考試（非UEC）\2025\2025年第一学期期中考\S2\^2025-1-1 U2A MUSIC .pdf,2025-1-1 U2A MUSIC.pdf,OK,S2,U2A,MUSIC,,,class=封面班级栏「U2A」；class_streams=统考班（不考SPM）；subject=封面科目栏「音乐MUSIC|姓名NAME」,"2025年芙蓉中华中学第一学期期中考试 | 2025First SemesterMid-termExamination,CHHS Seremban | 考卷资料 | 学生资料 | ExamPaper Information | Student's Information | 科目Subject | 音乐MUSIC | 姓名Name | 试卷Paper | - | 班级Class | 时间Time | 30MINS | 学号Adm.No. | C | 班级Class | U2A | 得分Mark | 考生须知Instructions | 1.本试卷共有简答题10题，总分20%。 | 2. | 回答所有的问题。请使用蓝色或黑色圆珠笔作答于此考卷。 | 3．此考卷共印有3页。 | 1. | This paper consists of 10 subjective questions, total 20%. | 2. | Answer all questions.Write the answer with blue or black pen on the paper. | 3.This pap"
,"samples\校內考試（非UEC）\2025\2025年第一学期期中考\S3\^2025-1-1 A3A,C3 UGEO.pdf","2025-1-1 A3A, C3选修 UEC GEO.pdf",REVIEW,S3,"A3A, C3选修",UEC GEO,,班级代号 C3选修 不在目前的班级名单里（可能是旧代号、OCR 读错，或是 config/classes.json 要更新）,"class=封面班级栏「A3A,C3选修」；class_streams=商科班、文科班；subject=封面科目栏「统考地理UGEO|姓名NAME」","2025年芙蓉中华中学第一学期期中考试 | 2025 First Semester Mid-term Examination,CHHS Seremban | 考卷资料 | 学生资料 | ExamPaperInformation | Student'sInformation | 科目Subject | 统考地理UGEO | 姓名Name | 试卷Paper | - | 班级Class | 时间Time | 2HRS | 学号Adm.No. | 班级Class | A3A，C3选修 | 得分Mark | 考生须知Instructions | 1.此试卷共分为三部分： | 甲组、选择题（40%） | 乙组、填充题（20%） | 丙组、问答题（40%） | 芙 | 2.甲组选择题40题全做。选出正确或最佳答案，用5B铅笔将OMR卡上相应的小方格涂黑。"
Y,samples\校內考試（非UEC）\2025\2025年第一学期期中考\S3\^2025-1-1 C3A-A3A UEC MATH.pdf,"2025-1-1 C3A-F, A3A UEC MATHS.pdf",OK,S3,"C3A-F, A3A",UEC MATHS,,,"class=封面班级栏「C3A-F,A3A」；class_streams=商科班、文科班；subject=封面科目栏「姓名NAME|UECMATHEMATICS」","2025年芙蓉中华中学第一学期期中考试 | 2025 First Semester Mid-term Examination, CHHS Seremban | 考卷资料 | 学生资料 | Exam PaperInformation | Student'sInformation | 统考数学 | 科目Subject | 姓名Name | UECMATHEMATICS | 试卷Paper | 班级Class | 时间Time | 2HRS | 学号Adm.No. | ( | ） | 班级Class | C3A-F,A3A | 得分Mark | 考生须知Instructions | 1.此试卷共分两部分： | A.选择题(20%)。每题2分，10题全做。把答案填写在第2页的空格中。 | B.作答题(80%)。8题全做。 | 芙 | .此试卷共有6页。 | 3.数学公式表印在第2页。"
Y,samples\校內考試（非UEC）\2025\2025年第一学期期中考\S3\^2025-1-1 C3A-D UEC ADV MATH.pdf,2025-1-1 C3A-D UEC ADV MATHS.pdf,OK,S3,C3A-D,UEC ADV MATHS,,,class=封面班级栏「C3A-D」；class_streams=商科班；subject=封面科目栏「姓名NAME|UECADVANCEDMATHEMATICS」,"2025年芙蓉中华中学第一学期期中考试 | 2025 First Semester Mid-term Examination, CHHS Seremban | 考卷资料 | 学生资料 | Exam Paper Information | Student's Information | 统考高级数学 | 科目Subject | 姓名Name | UECAdvancedMathematics | 试卷Paper | - | 班级Class | 时间Time | 2HRS | 学号Adm.No. | ( | 班级Class | C3A-D | 得分Mark | 考生须知Instructions | 1．此试卷共分两部分： | PartA:选择题(16%)。每题2分，8题全做。把答案填写在第2页的空格中。 | PartB:作答题（84%)。14题全做。 | 2.此试卷共有4页。 | 芙 | 容 | 3.数学公式表印在第2页。 | 4.考生可使用CASIOfx-570MS，CASIOfx-570MS-2，CASIOfx-350MS， | CASIO fx-350MS-2,"
Y,samples\校內考試（非UEC）\2025\2025年第一学期期中考\S3\^2025-1-1 C3A-F UEC BOOKKEEPING.pdf,2025-1-1 C3A-F UEC BOOKKEEPING.pdf,OK,S3,C3A-F,UEC BOOKKEEPING,,,class=封面班级栏「C3A-F」；class_streams=商科班；subject=封面科目栏「统考薄记UECBOOKKEEPING|姓名NAME」,"2025年芙蓉中华中学第一学期期中考试 | 2025 First Semester Mid-term Examination,CHHS Seremban | 考卷资料 | 学生资料 | ExamPaper Information | Student'sInformation | 科目Subject | 统考薄记UECBOOKKEEPING | 姓名Name | 试卷Paper | 班级Class | - | 时间Time | 2HRS | 学号Adm.No. | 班级Class | C3A-F | 得分Mark | 考生须知Instructions | 1. Answer all the questions. |  2. Begin each answer on a fresh page. | 3. Use only blue or black ink to write your answer. | 苦 | 4.Do not copy the questions, but the question numbers should be clearly written. | 5.Worki"
Y,samples\校內考試（非UEC）\2025\2025年第一学期期中考\S3\^2025-1-1 C3A-F UEC BUSINESS.pdf,2025-1-1 C3A-F UEC BUSINESS.pdf,OK,S3,C3A-F,UEC BUSINESS,,,class=封面班级栏「C3A-F」；class_streams=商科班；subject=封面科目栏「商业学UECBUSINESS|姓名NAME」,"2025年芙蓉中华中学第一学期期中考试 | 2025FirstSemesterMid-termExamination,CHHSSeremban | 考卷资料 | 学生资料 | ExamPaperInformation | Student's Information | 科目Subject | 商业学UEC BUSINESS | 姓名Name | 试卷Paper | 班级Class | - | 时间Time | 2HRS | 学号Adm.No. | 班级Class | C3A-F | 得分Mark | 考生须知Instructions | 1.此试卷共分两部分：部分一：选择题(30%), | 部分二：作答题(70%)。 | 2.部分一：选择题，30题全做，每题1分。 | 3.部分二：作答题分二组：甲组-必答题(55%,5题全做)。 | 乙组-个案题一题（15%，1题全答)。 | 4.每题必须用新的一面(前后)作答，请勿与前一题接同一页作答。 | 芙 | 5.只可用蓝色或黑色的钢珠笔或圆珠笔书写。 | 6.不必抄题，惟试题号码必须书写清楚。"
Y,samples\校內考試（非UEC）\2025\2025年第一学期期中考\S3\^2025-1-1 C3A-F UEC ECONOMICS.pdf,2025-1-1 C3A-F UEC ECONOMICS P1.pdf,OK,S3,C3A-F,UEC ECONOMICS,P1,,class=封面班级栏「C3A-F」；class_streams=商科班；subject=封面科目栏「姓名NAME|UECECONOMICS」,"2025年芙蓉中华中学第一学期期中考试 | 2025 First Semester Mid-term Examination, CHHS Seremban | 考卷资料 | 学生资料 | ExamPaperInformation | Student'sInformation | 统考经济学 | 科目Subject | 姓名 Name | UECECONOMICS | 试卷Paper | 班级Class | 一 | 时间Time | 2HRS30MINS | 学号Adm.No. | ( | 班级Class | C3A-F | 得分Mark | 考生须知Instructions | 1.此考卷共分两部分：PartA.选择题(30%) | Part B.作答题(70%) | 2.PartA:选择题30题全做，每题1%。答案填写在OMR卡。 | 3.PartB:作答题5题全做，甲部一题10%，；乙部每一题15%（4题全做)。 | 4.每题必须用新的一面（前后)纸作答，不要和前一题接在同一面作答。 | 5.只可用蓝色或黑色的钢珠笔或圆珠笔书写，惟可用铅笔画图。"
Y,samples\校內考試（非UEC）\2025\2025年第一学期期中考\S3\^2025-1-1 S3A-A3A BC P1.pdf,"2025-1-1 S3A-B, C3A-F, A3A BC P1.pdf",OK,S3,"S3A-B, C3A-F, A3A",BC,P1,,"class=封面班级栏「S3A-B,C3A-F,A3A」；class_streams=商科班、文科班、理科班；subject=封面科目栏「华文BC|姓名NAME」","2025年芙蓉中华中学第一学期期中考试 | 2025FirstSemesterMid-termExamination,CHHSSeremban | 考卷资料 | 学生资料 | Exam Paper Information | Student's Information | 科目Subject | 华文BC | 姓名Name | 试卷Paper | 1 | 班级Class | 时间Time | 1HR 45MINS | 学号Adm.No. | ( | 一 | 班级Class | S3A-B, C3A-F, A3A | 得分Mark | 考生须知Instructions | 1.本科试卷共分两份： | 试卷一：写作 (40%) | 试卷二：语文测验 (60%) | 2.试卷一共分两组： | ）甲组：作文共5题，选答1题。用白话文写作。不可用诗歌或戏剧体裁作答。文长至少600字。 | 须作答于作文稿纸上。"
Y,samples\校內考試（非UEC）\2025\2025年第一学期期中考\S3\^2025-1-1 S3A-A3A BC P2.pdf,"2025-1-1 S3A-B, C3A-F, A3A BC P2.pdf",OK,S3,"S3A-B, C3A-F, A3A",BC,P2,,"class=封面班级栏「S3A-B,C3A-F,A3A」；class_streams=商科班、文科班、理科班；subject=封面科目栏「华文BC|姓名NAME」","2025年芙蓉中华中学第一学期期中考试 | 2025FirstSemesterMid-termExamination,CHHS Seremban | 考卷资料 | 学生资料 | Exam Paper Information | Student's Information | 科目Subject | 华文BC | 姓名Name | 试卷Paper | 2 | 班级Class | 时间Time | 1HR 45MINS | 学号Adm.No. | ( | 班级Class | S3A-B,C3A-F,A3A | 得分Mark | 考生须知Instructions | 1.本科试卷共分两份： | 试卷一：写作(40%) | 试卷二：语文测验(60%) | 2.试卷二题目共分三组： | 甲组：语文基础知识与文学文化常识 | 乙组：现代文阅读 | 芙 | 丙组：古诗文阅读 | 3.甲、乙、丙组的答案，须作答于特备作答纸的特备空格内。答题的编号必须与题目编号相符。"
Y,samples\校內考試（非UEC）\2025\2025年第一学期期中考\S3\^2025-1-1 S3A-A3A BI P3.pdf,"2025-1-1 S3A-B, C3A-F, A3A BI P3.pdf",OK,S3,"S3A-B, C3A-F, A3A",BI,P3,,"class=封面班级栏「S3A-B,C3A-F,A3A」；class_streams=商科班、文科班、理科班；subject=封面科目栏「ENGLISHLANGUAGE|姓名NAME」","2025年芙蓉中华中学第一学期期中考试 | 2025First SemesterMid-termExamination,CHHSSeremban | 考卷资料 | 学生资料 | Exam Paper Information | Student'sInformation | 科目Subject | ENGLISH LANGUAGE | 姓名Name | 试卷Paper | 3 | 班级Class | 时间Time | 1HR 15MINS | 学号Adm.No. | 班级Class | S3A-B,C3A-F,A3A | 得分Mark | 考生须知Instructions | 1.This subject comprises four papers: | Paper 1: Listening | (800/1) | (%06) | Paper 2: Speaking | (800/2) | (%06) | Paper 3: Reading | (%06) | 芙 | (800/3) | Paper 4: Writing | (800/4) | (%06)"
Y,samples\校內考試（非UEC）\2025\2025年第一学期期中考\S3\^2025-1-1 S3A-A3A BM P1.pdf,"2025-1-1 S3A-B, C3A-F, A3A BM P1.pdf",OK,S3,"S3A-B, C3A-F, A3A",BM,P1,,"class=封面班级栏「S3A-B,C3A-F,A3A」；class_streams=商科班、文科班、理科班；subject=封面科目栏「BAHASAMALAYSIA|姓名NAME」","2025年芙蓉中华中学第一学期期中考试 | 2025FirstSemesterMid-termExamination,CHHSSeremban | 考卷资料 | 学生资料 | ExamPaperInformation | Student's Information | 科目Subject | BAHASAMALAYSIA | 姓名Name | 试卷Paper | 1 | 班级Class | 时间Time | 1HR 40MINS | 学号Adm.No. | ( | C | 班级Class | S3A-B,C3A-F,A3A | 得分Mark | 考生须知Instructions | 1. Kertas soalan ini terdiri daripada tiga bahagian: Bahagian A, Bahagian B, dan Bahagian C. | 2. Calon diwajibkan menjawab SEMUA bahagian. | Jawaban anda perlu dijawab dalam kertas kajang yang disediakan."
Y,samples\校內考試（非UEC）\2025\2025年第一学期期中考\S3\^2025-1-1 S3A-A3A BM P4.pdf,"2025-1-1 S3A-B, C3A-F, A3A BI P4.pdf",OK,S3,"S3A-B, C3A-F, A3A",BI,P4,,"class=封面班级栏「S3A-B,C3A-F,A3A」；class_streams=商科班、文科班、理科班；subject=封面科目栏「ENGLISHLANGUAGE|姓名NAME」","2025年芙蓉中华中学第一学期期中考试 | 2025First Semester Mid-termExamination, CHHS Seremban | 考卷资料 | 学生资料 | ExamPaperInformation | Student'sInformation | 科目Subject | ENGLISHLANGUAGE | 姓名Name | 试卷Paper | 4 | 班级Class | 时间Time | 1HR 15MINS | 学号Adm.No. | 班级Class | S3A-B,C3A-F,A3A | 得分Mark | 考生须知Instructions | 1. This subject comprises four papers: | Paper 1: Listening | (800/1) | (90%) | Paper 2: Speaking | (800/2) | (90%) | (0606) | Paper 3: Reading | (800/3) | Paper 4: Writing | (800/4) | (90%)"
Y,samples\校內考試（非UEC）\2025\2025年第一学期期中考\S3\^2025-1-1 S3A-A3A COMPUTING & IT P1.pdf,"2025-1-1 S3A-B, C3A-F, A3A COMPUTING & IT P1.pdf",OK,S3,"S3A-B, C3A-F, A3A",COMPUTING & IT,P1,,"class=封面班级栏「S3A-B,C3A-F,A3A」；class_streams=商科班、文科班、理科班；subject=封面科目栏「姓名NAME|COMPUTING&IT」","2025年芙蓉中华中学第一学期期中考考试 | 2025 First Semester Mid-term Examination, CHHS Seremban | 考卷资料 | 学生资料 | ExamPaperInformation | Student'sInformation | 电脑与资讯工艺(选修) | 科目Subject | 姓名Name | COMPUTING&IT | 试卷Paper | 1 | 班级Class | 时间Time | 1HR | 学号Adm.No. | （ | 班级Class | S3A-B,C3A-F,A3A | 得分Mark | 考生须知Instructions | 1.本科试卷分为2份： | a.选择题(40%) | b．问答题(60%) | 2.考生须于规定的1小时内完成试卷 | 芙 | 3.选择题40题全做，请选出正确或最佳的答案。"
Y,samples\校內考試（非UEC）\2025\2025年第一学期期中考\S3\^2025-1-1 S3A-A3A COMPUTING & IT P12.pdf,"2025-1-1 S3A-B, C3A-F, A3A COMPUTING & IT P2.pdf",OK,S3,"S3A-B, C3A-F, A3A",COMPUTING & IT,P2,,"class=封面班级栏「S3A-B,C3A-F,A3A」；class_streams=商科班、文科班、理科班；subject=封面科目栏「姓名NAME|COMPUTING&IT」","2025年芙蓉中华中学第一学期期中考考试 | 2025First Semester Mid-term Examination,CHHS Seremban | 考卷资料 | 学生资料 | ExamPaperInformation | Student's Information | 电脑与资讯工艺（选修） | 科目Subject | 姓名Name | COMPUTING&IT | 试卷Paper | 2 | 班级Class | 时间Time | 1HR 30MINS | 学号Adm.No. | ( | 班级Class | S3A-B,C3A-F,A3A | 得分Mark | 考生须知Instructions | 1．本科试卷分为2份： | a．选择题(40%) | b．问答题(60%) | 2.考生须于规定的1小时30分钟内完成试卷。 | 芙 | 3.选择题40题全做，请选出正确或最佳的答案。 | 问签 | 日高 | 免或黑色的钢笔或圆珠笔书写"
,samples\校內考試（非UEC）\2025\2025年第一学期期中考\S3\^2025-1-1 S3A-B UEC ADV MATHS Ⅰ P1.pdf,,REVIEW,S3,S3A-B,,P1,科目栏「姓名NAME|UECADVANCEDMATHS.I」不在字典里，请加进 config/subjects_school.json,class=封面班级栏「S3A-B」；class_streams=理科班,"2025年芙蓉中华中学第一学期期中考试 | 2025 First Semester Mid-term Examination, CHHS Seremban | 考卷资料 | 学生资料 | Exam Paper Information | Student's Information | 统考高级数学1 | 科目Subject | 姓名 Name | UECADVANCEDMATHS.I | 试卷Paper | 1 | 班级Class | 时间Time | 1HR | 学号Adm.No. | 班级Class | S3A-B | 得分Mark | 考生须知Instructions | 1.此试卷共印有4页。 | 2.选择题20题全答，每题2%，共40%。 | 3.选择题的答案必须填写在OMR卡中。 | 4.考生可使用CASIOfx-570MS,CASIOfx-570MS-2,CASIOfx-350MS，CASIOfx350MS-2, | CASIO fx-991MS, CANONF-570SG, CANONF-788SG, OLYMPIAES-570MS, | OLYMPIAES-570MS"
,samples\校內考試（非UEC）\2025\2025年第一学期期中考\S3\^2025-1-1 S3A-B UEC ADV MATHS Ⅰ P2.pdf,,REVIEW,S3,S3A-B,,P2,科目栏「姓名NAME|UECADVANCEDMATHS.I」不在字典里，请加进 config/subjects_school.json,class=封面班级栏「S3A-B」；class_streams=理科班,"2025年芙蓉中华中学第一学期期中考试 | 2025First Semester Mid-term Examination,CHHS Seremban | 考卷资料 | 学生资料 | ExamPaperInformation | Student's Information | 统考高级数学I | 科目Subject | 姓名 Name | UECADVANCEDMATHS.I | 试卷Paper | 2 | 班级Class | 时间Time | 2HRS | 学号Adm.No. | 班级Class | S3A-B | 得分Mark | 考生须知 Instructions | 1.此试卷共印有4页。 | 2.此试卷共8题全答，共60%。 | 3.每题请用新的一页作答。 | 生 | .考生可使用CASIOfx-570MS,CASIOfx-570MS-2，CASIOfx-350MS，CASIOfx350MS-2, | CASIOfx-991MS,CANONF-570SG,CANONF-788SG,OLYMPIAES-570MS,"
Y,samples\校內考試（非UEC）\2025\2025年第一学期期中考\S3\^2025-1-1 S3A-B UEC ADV MATHS Ⅱ P1.pdf,2025-1-1 S3A-B UEC ADV MATHS Ⅱ P1.pdf,OK,S3,S3A-B,UEC ADV MATHS Ⅱ,P1,,class=封面班级栏「S3A-B」；class_streams=理科班；subject=封面科目栏「姓名NAME|UECADVMATHSII」,"2025年芙蓉中华中学第一学期期中考试 | 2025First SemesterMid-term Examination,CHHS Seremban | 考卷资料 | 学生资料 | Exam Paper Information | Student'sInformation | 统考高数ⅡI | 科目Subject | 姓名Name | UECADV MATHS II | 试卷Paper | 1 | 班级Class | 时间Time | 1HR | 学号Adm.No. | ( | ） | 班级Class | S3A-B | 得分Mark | 考生须知Instructions | 1.试卷一：选择题(40%)。 | 2.选择题20题全做。选出正确的答案，然后用5B铅笔在OMR答案卡中将相应的答案涂黑。 | 3.此考卷共印有5页。 | 芙 | 4.公式表在第2页。 | 5.可使用Casiofx-570MS | Casio fx-570MS-2、Casio fx-350MS、Casiofx-350MS-2、"
Y,samples\校內考試（非UEC）\2025\2025年第一学期期中考\S3\^2025-1-1 S3A-B UEC ADV MATHS Ⅱ P2.pdf,2025-1-1 S3A-B UEC ADV MATHS Ⅱ P2.pdf,OK,S3,S3A-B,UEC ADV MATHS Ⅱ,P2,,class=封面班级栏「S3A-B」；class_streams=理科班；subject=封面科目栏「姓名NAME|UECADVMATHSII」,"2025年芙蓉中华中学第一学期期中考试 | 2025 First Semester Mid-term Examination, CHHS Seremban | 考卷资料 | 学生资料 | ExamPaperInformation | Student's Information | 统考高数ⅡI | 科目Subject | 姓名Name | UEC ADV MATHS II | 试卷Paper | 2 | 班级Class | 时间Time | 2HRS | 学号Adm.No. | ( | 班级Class | S3A-B | 得分Mark | 考生须知Instructions | 1.试卷二：作答题(60%)。 | 2.10题全做。 | 3.此考卷共印有4页。 | 蓉 | 芙 | 4.公式表在第2页。"
Y,samples\校內考試（非UEC）\2025\2025年第一学期期中考\S3\^2025-1-1 S3A-B UEC BIOLOGY P1.pdf,2025-1-1 S3A-B UEC BIOLOGY P1.pdf,OK,S3,S3A-B,UEC BIOLOGY,P1,,class=封面班级栏「S3A-B」；class_streams=理科班；subject=封面科目栏「统考生物UECBIOLOGY|姓名NAME」,"2025年芙蓉中华中学第一学期期中考试 | 2025First Semester Mid-term Examination, CHHS Seremban | 考卷资料 | 学生资料 | Exam Paper Information | Student's Information | 科目Subject | 统考生物UECBIOLOGY | 姓名Name | 试卷Paper | 1 | 班级Class | 时间Time | 1HR | 学号Adm.No. | ( | ） | 班级Class | S3A-B | 得分Mark | 考生须知Instructions | 1.此试卷共印有4页。 | 2.此试卷共有30题选择题(30%)。 | 3.选择题30题全做，选出最佳答案，然后用5B铅笔将OMR卡上相应的字母所在的小圈涂黑。 | 芙 | 1. This question paper consists of 4 pages. | 2. This question paper consists of 30 objective questions (30%)."
Y,samples\校內考試（非UEC）\2025\2025年第一学期期中考\S3\^2025-1-1 S3A-B UEC BIOLOGY P2.pdf,2025-1-1 S3A-B UEC BIOLOGY P2.pdf,OK,S3,S3A-B,UEC BIOLOGY,P2,,class=封面班级栏「S3A-B」；class_streams=理科班；subject=封面科目栏「统考生物UECBIOLOGY|姓名NAME」,"2025年芙蓉中华中学第一学期期中考试 | 2025FirstSemesterMid-termExamination,CHHS Seremban | 考卷资料 | 学生资料 | ExamPaper Information | Student'sInformation | 科目Subject | 统考生物UECBIOLOGY | 姓名Name | 试卷Paper | 2 | 班级Class | 时间Time | 2HRS | 学号Adm.No. | ( | ) | 班级Class | S3A-B | 得分Mark | 考生须知Instructions | 1.试卷二作答题共分为三部分： | 甲组：问答题，6题全答(48%); | 乙组：探究题，1题必答(10%); | 丙组：社会议题，1题必答（12%)。 | 芙 | 2. | 所有题目作答于单线纸上。 | 3.只可用蓝色或黑色的原子笔书写，惟可用铅笔画图。"
Y,samples\校內考試（非UEC）\2025\2025年第一学期期中考\S3\^2025-1-1 S3A-B UEC CHEMISTRY P1.pdf,2025-1-1 S3A-B UEC CHEMISTRY P1.pdf,OK,S3,S3A-B,UEC CHEMISTRY,P1,,class=封面班级栏「S3A-B」；class_streams=理科班；subject=封面科目栏「统考化学UECCHEMISTRY|姓名NAME」,"2025年芙蓉中华中学第一学期期中考试 | 2025First Semester Mid-termExamination,CHHSSeremban | 考卷资料 | 学生资料 | Exam Paper Information | Student'sInformation | 科目Subject | 统考化学UEC CHEMISTRY | 姓名Name | 试卷Paper | 1 | 班级Class | 时间Time | 1HR | 学号Adm.No. | ( | ） | 班级Class | S3A-B | 得分Mark | 考生须知Instructions | 1. The question paper consists of 4 printed pages. | 2. | Read the instructions carefully. | 3. | This paper consists 30 questions (30%) | 4. Answer all the questions in OMR card. | 5. | You may use the non-programma"
Y,samples\校內考試（非UEC）\2025\2025年第一学期期中考\S3\^2025-1-1 S3A-B UEC CHEMISTRY P2.pdf,2025-1-1 S3A-B UEC CHEMISTRY P2.pdf,OK,S3,S3A-B,UEC CHEMISTRY,P2,,class=封面班级栏「S3A-B」；class_streams=理科班；subject=封面科目栏「统考化学UECCHEMISTRY|姓名NAME」,"2025年芙蓉中华中学第一学期期中考试 | 2025First SemesterMid-term Examination,CHHS Seremban | 考卷资料 | 学生资料 | Exam Paper Information | Student'sInformation | 科目Subject | 统考化学UECCHEMISTRY | 姓名Name | 试卷Paper | 2 | 班级Class | 时间Time | 2HRS | 学号Adm.No. | 班级Class | S3A-B | 得分Mark | 考生须知Instructions | 1. | The question paper consists of 3 printed pages. | 2. | Read the instructions carefully. | 3. | This paper consists 8 subjective questions (70%) | 4. | Answer all the questions in singled-line paper provided | 5. | In a"
Y,samples\校內考試（非UEC）\2025\2025年第一学期期中考\S3\^2025-1-1 S3A-B UEC PHYSICS P1.pdf,2025-1-1 S3A-B UEC PHYSICS P1.pdf,OK,S3,S3A-B,UEC PHYSICS,P1,,class=封面班级栏「S3A-B」；class_streams=理科班；subject=封面科目栏「统考物理UECPHYSICS|姓名NAME」,"2025年芙蓉中华中学第一学期期中考试 | 2025First Semester Mid-term Examination,CHHS Seremban | 考卷资料 | 学生资料 | ExamPaperInformation | Student'sInformation | 科目Subject | 统考物理UECPHYSICS | 姓名Name | 试卷Paper | 1 | 班级Class | 时间Time | 1HR | 学号Adm.No. | ( | 班级Class | S3A-B | 得分Mark | 考生须知Instructions | 1. The question paper consists of 5 pages. | 2. Answer all questions. | 蓉 | 芙 | Write your answer in OMR."
Y,samples\校內考試（非UEC）\2025\2025年第一学期期中考\S3\^2025-1-1 S3A-B UEC PYHSICS P2.pdf,2025-1-1 S3A-B UEC PHYSICS P2.pdf,OK,S3,S3A-B,UEC PHYSICS,P2,,class=封面班级栏「S3A-B」；class_streams=理科班；subject=封面科目栏「统考物理UECPHYSICS|姓名NAME」,"2025年芙蓉中华中学第一学期期中考试 | 2025 First Semester Mid-term Examination, CHHS Seremban | 考卷资料 | 学生资料 | ExamPaperInformation | Student's Information | 科目Subject | 统考物理UECPHYSICS | 姓名Name | 试卷Paper | 2 | 班级Class | 时间Time | 2 HRS | 学号Adm.No. | ( | 班级Class | S3A-B | 得分Mark | 考生须知Instructions | 1. The question paper consists of 4 pages. | 2. Answer all questions in Section A and Section B. | Write your answer for Section A and Section B in single line papers provided. | 中 | 4. Answer each question on a fresh "
,samples\校內考試（非UEC）\2025\2025年第一学期期末考\2025-1-2 J1-J3 P. ISLAM.pdf,,REVIEW,,J1-J3,SPM P. ISLAM,P1,班级代号 J1-J3 不在目前的班级名单里（可能是旧代号、OCR 读错，或是 config/classes.json 要更新）；档案不在 J1/J2/J3/S1/S2/S3 资料夹底下，无法判断年级,class=封面班级栏「J1-J3」；subject=封面科目栏「PENDIDIKANISLAM|姓名NAME」,"2025年芙蓉中华中学第一学期期末考试 | 2025First SemesterFinal Examination,CHHS Seremban | 考卷资料 | 学生资料 | ExamPaperInformation | Student'sInformation | 科目Subject | PENDIDIKANISLAM | 姓名Name | 试卷Paper | 1 | 班级Class | 时间Time | 2HRS30MINS | 学号Adm.No. | ( | 班级Class | J1-J3 | 得分Mark | 考生须知Instructions | .1.Kertas ini mengandungi 2 bahagian : Bahagian A dan Bahagian B. | 2. Jawab semua soalan | Bahagian A : 20 soalan Objektif Aneka pilihan (OAP). | Bahagian B : 2 soalan Subjektif dan OPB (Kefahaman ayat dan Hadis)."
Y,samples\校內考試（非UEC）\2025\2025年第一学期期末考\J1\^2025-1-2 J1A-K  ART.pdf,2025-1-2 J1A-K ART P1.pdf,OK,J1,J1A-K,ART,P1,,class=封面班级栏「J1A-K」；subject=封面科目栏「美术ART|姓名NAME」,"2025年芙蓉中华中学第一学期期末考试 | 2025First SemesterFinal Examination,CHHS Seremban | 考卷资料 | 学生资料 | ExamPaperInformation | Student'sInformation | 科目Subject | 美术ART | 姓名Name | 试卷Paper | 1 | 班级Class | 时间Time | 2HRS | 学号Adm.No. | ( | ) | 班级Class | J1A-K | 得分Mark | 考生须知Instructions | 1.作画媒材只限用铅笔。 | 2.不可携带任何书刊、报纸或图片进入考场，考生不可与考场内任何同学共用一切用具。 | 芙 | .如有启用第二张画纸，请在背面注明“备用纸” | 4.请将考卷与作废的画纸一同回收，视为废纸处理。"
Y,samples\校內考試（非UEC）\2025\2025年第一学期期末考\J1\^2025-1-2 J1A-K  CALLIGRAPHY.pdf,2025-1-2 J1A-K CALLIGRAPHY P2.pdf,OK,J1,J1A-K,CALLIGRAPHY,P2,,class=封面班级栏「J1A-K」；subject=封面科目栏「华文书法CALLIGRAPHY|姓名NAME」,"2025年芙蓉中华中学第一学期期末考试 | 2025FirstSemesterFinal Examination,CHHSSeremban | 考卷资料 | 学生资料 | Exam Paper Information | Student'sInformation | 科目Subject | 华文书法CALLIGRAPHY | 姓名Name | 试卷Paper | 2 | 班级Class | 时间Time | 30MINS | 学号Adm.No. | ( | ） | 班级Class | J1A-K | 得分Mark | 考生须知Instructions | 1.考生须依指定字范完成书法试卷。 | 2.限用楷书或隶书书写。 | 3.简体或繁体字均可，惟避免混用。 | 4.考生不可与考场内任何同学共用用具。不可带报纸进入考场，只允许以绒布做为桌垫。 | 5.考试进行中，考生不得外出清洗用具。 | 芙 | .每位考生限用两张米字格纸，并自选一张呈交。 | 7.题目卷及答案卷必须于考试结束时一并回收。"
Y,samples\校內考試（非UEC）\2025\2025年第一学期期末考\J1\^2025-1-2 J1A-K BC P1.pdf,2025-1-2 J1A-K BC P1.pdf,OK,J1,J1A-K,BC,P1,,class=封面班级栏「J1A-K」；subject=封面科目栏「华文BC|姓名NAME」,"2025年芙蓉中华中学第一学期期末考试 | 2025First SemesterFinal Examination,CHHSSeremban | 考卷资料 | 学生资料 | ExamPaperInformation | Student'sInformation | 科目Subject | 华文BC | 姓名Name | 试卷Paper | 1 | 班级Class | 时间Time | 1HR45MINS | 学号Adm.No. | ( | 班级Class | J1A-K | 得分Mark | 考生须知Instructions | 1.本科试卷共分两份：试卷一：写作(40%)试卷二：语文测验(60%) | 2.试卷一共分两组： | 甲组：作文5题，选答1题。用白话文写作。不可用诗歌或戏剧体裁作答。文长至少300字。 | 须作答于作文稿纸上。 | 乙组：应用文共2题，选答1题。用白话文写作，按新式应用文格式书写。须作答于单线纸上。 | 3.只可用蓝色或黑色的原子笔书写。字迹不得过于潦草。 | 4.写作前，须书明所选题目或编号。写作时，不得使用本身真实姓名和真实校名。"
Y,samples\校內考試（非UEC）\2025\2025年第一学期期末考\J1\^2025-1-2 J1A-K BC P2.pdf,2025-1-2 J1A-K BC P2.pdf,OK,J1,J1A-K,BC,P2,,class=封面班级栏「J1A-K」；subject=封面科目栏「华文BC|姓名NAME」,"2025年芙蓉中华中学第一学期期末考试 | 2025FirstSemesterFinalExamination,CHHSSeremban | 考卷资料 | 学生资料 | ExamPaperInformation | Student's Information | 科目Subject | 华文BC | 姓名Name | 试卷Paper | 2 | 班级Class | 时间Time | 1HR30MINS | 学号Adm.No. | ( | ） | 班级Class | J1A-K | 得分Mark | 考生须知Instructions | 1.本科试卷共分两份： | 试卷一：写作(40%) | 试卷二：语文测验（60%) | 2试卷二题目共分三组： | 蓉 | 芙 | 甲组：语文基础知识 | 乙组：现代文阅读"
Y,samples\校內考試（非UEC）\2025\2025年第一学期期末考\J1\^2025-1-2 J1A-K BI P1.pdf,2025-1-2 J1A-K BI P1.pdf,OK,J1,J1A-K,BI,P1,,class=封面班级栏「J1A-K」；subject=封面科目栏「ENGLISHLANGUAGE|姓名NAME」,"2025年芙蓉中华中学第一学期期末考试 | 2025 First Semester Final Examination, CHHS Seremban | 考卷资料 | 学生资料 | ExamPaperInformation | Student's Information | 科目Subject | ENGLISHLANGUAGE | 姓名Name | 试卷Paper | 1 | 班级Class | 时间Time | 1HR 30MINS | 学号Adm.No. | ( | 班级Class | J1A-K | 得分Mark | 考生须知Instructions | 1. This question paper consists of 5 parts: | Part 1-S | Short Texts | (8 marks) | Part 2- | Error Correction | (8 marks) | Part 3-] | InformationTransfer | (8marks) | 芙 | Part 4-Comprehension | (8marks) | Part 5 - "
Y,samples\校內考試（非UEC）\2025\2025年第一学期期末考\J1\^2025-1-2 J1A-K BI P2.pdf,2025-1-2 J1A-K BI P2.pdf,OK,J1,J1A-K,BI,P2,,class=封面班级栏「J1A-K」；subject=封面科目栏「ENGLISHLANGUAGE|姓名NAME」,"2025年芙蓉中华中学第一学期期末考试 | 2025First SemesterFinal Examination,CHHSSeremban | 考卷资料 | 学生资料 | ExamPaperInformation | Student'sInformation | 科目Subject | ENGLISHLANGUAGE | 姓名Name | 试卷Paper | 2 | 班级Class | 时间Time | 1HR | 学号Adm.No. | （ | ） | 班级Class | J1A-K | 得分Mark | 考生须知Instructions | 1. This question paper consists of 2 parts: | Part 1 - Short Communicative Message | (20 marks) | Part 2-Note Expansion | (20 marks) | .Please useblue orblack ink towriteyour answers. | 芙 | 3.Your composition willbe assesse"
Y,samples\校內考試（非UEC）\2025\2025年第一学期期末考\J1\^2025-1-2 J1A-K BM P1.pdf,2025-1-2 J1A-K BM P1.pdf,OK,J1,J1A-K,BM,P1,,class=封面班级栏「J1A-K」；subject=封面科目栏「BAHASAMALAYSIA|姓名NAME」,"2025年芙蓉中华中学第一学期期末考试 | 2025 First Semester Final Examination, CHHS Seremban | 考卷资料 | 学生资料 | ExamPaperInformation | Student'sInformation | 科目Subject | BAHASAMALAYSIA | 姓名Name | 试卷Paper | 1 | 班级Class | 时间Time | 1HR 30MINS | 学号Adm.No. | （ | ( | 班级Class | J1A-K | 得分Mark | 考生须知Instructions | 1.Kertas 1 mengandungi 3 bahagian: | Bahagian A: Karangan, | Bahagian B: Rumusan, | Bahagian C: Kefahaman. | 芙 | 中 | Anda dikehendaki menjawab semua soalan."
Y,samples\校內考試（非UEC）\2025\2025年第一学期期末考\J1\^2025-1-2 J1A-K BM P2.pdf,2025-1-2 J1A-K BM P2.pdf,OK,J1,J1A-K,BM,P2,,class=封面班级栏「J1A-K」；subject=封面科目栏「BAHASAMALAYSIA|姓名NAME」,"2025年芙蓉中华中学第一学期期末考试 | 2025FirstSemesterFinal Examination,CHHS Seremban | 考卷资料 | 学生资料 | ExamPaperInformation | Student'sInformation | 科目Subject | BAHASAMALAYSIA | 姓名Name | 试卷Paper | 2 | 班级Class | 时间Time | 1HR | 学号Adm.No. | ( | 一 | 班级Class | J1A-K | 得分Mark | 考生须知Instructions | 1. | Kertas 2 mengandungi 9 bahagian. | 2. | Anda dikehendaki menjawab semua soalandalamkertas soalan ini. | 生 | 3. |  Jawab soalan anda dengan pen atau pen mata bulat yang berdakwat biru atau hitam."
Y,samples\校內考試（非UEC）\2025\2025年第一学期期末考\J1\^2025-1-2 J1A-K GEO PBD.pdf,2025-1-2 J1A-K PBD GEO.pdf,OK,J1,J1A-K,PBD GEO,,,class=封面班级栏「J1A-K」；subject=封面科目栏「政考地理GEOPBD|姓名NAME」,"2025年芙蓉中华中学第一学期期末考试 | 2025First SemesterFinal Examination,CHHS Seremban | 考卷资料 | 学生资料 | ExamPaper Information | Student'sInformation | 科目Subject | 政考地理GEOPBD | 姓名Name | 试卷Paper | 班级Class | 时间Time | 1HR 15MINS | 学号Adm.No. | ( | 0 | 班级Class | J1A-K | 得分Mark | 考生须知Instructions | 1.本科试卷共分为三部份： | A项选择题 (60%) | B项综合题(40%) | 2. | A项选择题全作答。作答前需在OMR卡上正确填写考生姓名，学号，班级及用5B铅笔将 | 应的小方格涂黑。 | 3. | 本科试卷共印6页 | 蓉 | 芙 | 1.This question paper consists of2 sections:"
Y,samples\校內考試（非UEC）\2025\2025年第一学期期末考\J1\^2025-1-2 J1A-K MUSIC.pdf,2025-1-2 J1A-K MUSIC.pdf,OK,J1,J1A-K,MUSIC,,,class=封面班级栏「J1A-K」；subject=封面科目栏「音乐MUSIC|姓名NAME」,"2025年芙蓉中华中学第一学期期末考试 | 2025First SemesterFinalExamination,CHHSSeremban | 考卷资料 | 学生资料 | ExamPaperInformation | Student's Information | 科目Subject | 音乐MUSIC | 姓名Name | 试卷Paper | 班级Class | 时间Time | 30MINS | 学号Adm.No. | ( | ） | 班级Class | J1A-K | 得分Mark | 考生须知Instructions | 1.本科考试共分为两个部分： | A项.歌唱(40%) | B项.选择题30题(60%) | 2.考生须回答B项30题选择题，请使用2B铅笔在OMR电脑卡上涂上所选择的答案。 | 此考卷共印有4页。 | 蓉 | 芙"
Y,samples\校內考試（非UEC）\2025\2025年第一学期期末考\J1\^2025-1-2 J1A-K PBD MATH.pdf,2025-1-2 J1A-K PBD MATH.pdf,OK,J1,J1A-K,PBD MATH,,,class=封面班级栏「J1A-K」；subject=封面科目栏「姓名NAME|PBDMATHEMATICS」,"2025年芙蓉中华中学第一学期期末考试 | 2025First SemesterFinal Examination,CHHS Seremban | 考卷资料 | 学生资料 | ExamPaperInformation | Student's Information | 政考数学 | 科目Subject | 姓名Name | PBDMATHEMATICS | 试卷Paper | 班级Class | 时间Time | 2HRS | 学号Adm.No. | ( | 班级Class | J1A-K | 得分Mark | 考生须知Instructions | 1. The question paper consists of 10 pages. | 2.This question paper is divided into 2 sections which are sections A and B.Section A consists of 30 marks | 关 | (20 questions) and section B is 70 marks (17 questions)."
Y,samples\校內考試（非UEC）\2025\2025年第一学期期末考\J1\^2025-1-2 J1A-K PBD SCIENCE.pdf,2025-1-2 J1A-K PBD SCIENCE P1.pdf,OK,J1,J1A-K,PBD SCIENCE,P1,,class=封面班级栏「J1A-K」；subject=封面科目栏「PBDSCIENCE|姓名NAME」,"2025年芙蓉中华中学第一学期期末考试 | 2025First Semester Final Examination,CHHS Seremban | 考卷资料 | 学生资料 | Exam Paper Information | Student's Information | 科目Subject | PBDSCIENCE | 姓名Name | 试卷Paper | 班级Class | 1 | 时间Time | 1HR | 学号Adm.No. | C | 班级Class | J1A-K | 得分Mark | 考生须知Instructions | 1. This paper consists of 3 sections: | Section A: Objective Questions (40 marks) | Section B: Structured Questions (20 marks) | Section C: Subjective Questions (40 marks) | 2. Section A: Blacken your answers in OMR and with 2B"
Y,samples\校內考試（非UEC）\2025\2025年第一学期期末考\J1\^2025-1-2 J1A-K UEC MATHS.pdf,2025-1-2 J1A-K UEC MATHS.pdf,OK,J1,J1A-K,UEC MATHS,,,class=封面班级栏「J1A-K」；subject=封面科目栏「统考数学UECMATHS|姓名NAME」,"2025年芙蓉中华中学第一学期期末考试 | 2025 First Semester Final Examination, CHHS Seremban | 考卷资料 | 学生资料 | ExamPaperInformation | Student's Information | 科目Subject | 统考数学UECMATHS | 姓名Name | 试卷Paper | 班级Class | - | 时间Time | 2HRS | 学号Adm.No. | ( | 一 | 班级Class | J1A-K | 得分Mark | 考生须知Instructions | 1.此试卷共分为两个部分：A.选择题(30%)及B.作答题(70%)。 | 2.选择题15题全做，答案须写在选择题表格的空格内。 | 1.作答题18题全做，所有的答案必须做在每题的空间内，必要的演算必须清楚地写出。 | 4.只可用蓝色或黑色圆珠笔书写，惟可用铅笔画图。"
Y,samples\校內考試（非UEC）\2025\2025年第一学期期末考\J1\^2025-1-2 J1A-K UEC SCIENCE.pdf,2025-1-2 J1A-K UEC SCIENCE P1.pdf,OK,J1,J1A-K,UEC SCIENCE,P1,,class=封面班级栏「J1A-K」；subject=封面科目栏「统考科学UECSCIENCE|姓名NAME」,"2025年芙蓉中华中学第一学期期末考试 | 2025First Semester Final Examination, CHHS Seremban | 考卷资料 | 学生资料 | ExamPaperInformation | Student'sInformation | 科目Subject | 统考科学UECSCIENCE | 姓名Name | 试卷Paper | 1 | 班级Class | 时间Time | 1HR | 学号Adm.No. | ( | ） | 班级Class | J1A-K | 得分Mark | 考生须知Instructions | 1.此试卷共分二部分：甲：选择题(60%) | 乙：作答题(40%) | 2.选择题30题全做。选出正确或最佳的答案，并以2B铅笔于OMR卡上涂黑该答案。 | 作答题5题全做，答案请用黑色或蓝色圆珠笔填写在试卷土。 | 芙 | 4.本试卷共印7页(包括封面)。"
Y,samples\校內考試（非UEC）\2025\2025年第一学期期末考\J1\^2025-1-2 J1A-K UGEO.pdf,2025-1-2 J1A-K UEC GEO.pdf,OK,J1,J1A-K,UEC GEO,,,class=封面班级栏「J1A-K」；subject=封面科目栏「统考地理UGEO|姓名NAME」,"2025年芙蓉中华中学第一学期期末考试 | 2025 First Semester Final Examination, CHHS Seremban | 考卷资料 | 学生资料 | ExamPaperInformation | Student's Information | 科目Subject | 统考地理UGEO | 姓名Name | 试卷Paper | 班级Class | - | 时间Time | 1HR30MINS | 学号Adm.No. | ( | ( | 班级Class | J1A-K | 得分Mark | 考生须知Instructions | 1.此试卷共分为三部分： | A.选择题 | (40%) | B.看图填充 | (40%) | C.问答题 | (20%) | 2.选择题答案须填写在OMR卡上。 | 芙 | 3.B项和C项答案须填写在特备答案卷上。 | 4.此试卷共印9面。"
Y,samples\校內考試（非UEC）\2025\2025年第一学期期末考\J1\^2025-1-2 J1A-K UHIS+SEJ.pdf,2025-1-2 J1A-K UEC HISTORY+SEJARAH P1.pdf,OK,J1,J1A-K,UEC HISTORY+SEJARAH,P1,,class=封面班级栏「J1A-K」；subject=封面科目栏「历史UHIS+SEJ|姓名NAME」,"2025年芙蓉中华中学第一学期期末考试 | 2025FirstSemesterFinal Examination,CHHSSeremban | 考卷资料 | 学生资料 | ExamPaperInformation | Student'sInformation | 科目Subject | 历史UHIS+SEJ | 姓名Name | 试卷Paper | 1 | 班级Class | 时间Time | 1HR 30MINS | 学号Adm.No. | 班级Class | J1A-K | 得分Mark | 考生须知Instructions | 1．本科试卷共分三部分甲组：选择题(50%)，乙组：综合题(20%)和丙组：问答题(30%) | 2. | 甲组选择题25题全做，选出正确或最佳的答案，然后用5B铅笔将OMIR卡上相应的字母所在的 | 小方格涂黑。 | 3. | 乙组综合题与丙组问答题须全部作答于单线纸上。 | 芙 | 1. | 只可用蓝色或黑色的钢笔或圆珠笔书写。 | 5.本试卷共印5面。"
Y,samples\校內考試（非UEC）\2025\2025年第一学期期末考\J2\^2025-1-2 J2A-I GEO PBD.pdf,2025-1-2 J2A-I PBD GEO.pdf,OK,J2,J2A-I,PBD GEO,,,class=封面班级栏「J2A-I」；subject=封面科目栏「政考地理GEOPBD|姓名NAME」,"2025年芙蓉中华中学第一学期期末考试 | 2025FirstSemesterFinal Examination,CHHSSeremban | 考卷资料 | 学生资料 | Exam Paper Information | Student'sInformation | 科目Subject | 政考地理GEOPBD | 姓名Name | 试卷Paper | 班级Class | - | 时间Time | 1HR 15MINS | 学号Adm.No. | ( | 1 | 班级Class | J2A-I | 得分Mark | 考生须知Instructions | 1．本科试卷共分为二部份： | A项选择题（60%） | B项综合题（40%） | 2. | A项选择题全作答。作答前需在OMR卡上正确填写考生姓名，学号，班级及用5B铅笔将对应的 | 小方格涂黑。 | 3. | 本科试卷共印7页 | 芙 | 1. | This question paper consists of 2 sections :"
,samples\校內考試（非UEC）\2025\2025年第一学期期末考\J2\^2025-1-2 J2A-I PBD SCIENCE.pdf,2025-1-2 J2A-I PBD SCIENCE.pdf,REVIEW,J2,J2A-I,PBD SCIENCE,,"试卷栏「,」看不出是第几卷",class=封面班级栏「J2A-I」；subject=封面科目栏「政考科学PBDSCIENCE|姓名NAME」,"2025年芙蓉中华中学第一学期期末考试 | 2025First SemesterFinal Examination,CHHS Seremban | 考卷资料 | 学生资料 | ExamPaperInformation | Student'sInformation | 科目 Subject | 政考科学PBDSCIENCE | 姓名Name | 试卷Paper | 班级Class | ， | 时间Time | 1HR | 学号Adm.No. | ( | 班级Class | J2A-I | 得分Mark | 考生须知Instructions | 1. This question paper consists of 7 pages. | 2. | Answer ALL questions in Section A, Section B and Section C. | 3.S | Section A objective questions (40%) are followed by options A, B, C and D. Choose the best option for | eac"
Y,samples\校內考試（非UEC）\2025\2025年第一学期期末考\J2\^2025-1-2 J2A-I PBD SEJARAH.pdf,2025-1-2 J2A-I PBD SEJARAH P1.pdf,OK,J2,J2A-I,PBD SEJARAH,P1,,class=封面班级栏「J2A-I」；subject=封面科目栏「PBDSEJARAH|姓名NAME」,"2025年芙蓉中华中学第一学期期末考试 | 2025 First Semester Final Examination, CHHS Seremban | 考卷资料 | 学生资料 | ExamPaperInformation | Student'sInformation | 科目Subject | PBD SEJARAH | 姓名Name | 试卷Paper | 1 | 班级Class | 时间Time | 1HR | 学号Adm.No. | ( | ） | 班级Class | J2A-I | 得分Mark | 考生须知Instructions | 1. Kertas soalan ini mengandungi 2 bahagian iaitu Bahagian A, B. | 2. Calon mesti menjawab semua soalan dalam Bahagian A, Bahagian B. | Semuajawapan untuk ahagin A perludjawabdalam kertas OMiR | 4.Semua jawapan untukbahagia"
Y,samples\校內考試（非UEC）\2025\2025年第一学期期末考\J2\^2025-1-2 J2A-I PBM MATH.pdf,2025-1-2 J2A-I PBD MATH.pdf,OK,J2,J2A-I,PBD MATH,,,class=封面班级栏「J2A-I」；subject=封面科目栏「姓名NAME|PBDMATHEMATICS」,"2025年芙蓉中华中学第一学期期末考试 | 2025 First Semester Final Examination, CHHS Seremban | 考卷资料 | 学生资料 | ExamPaperInformation | Student's Information | 政考数学 | 科目Subject | 姓名Name | PBDMATHEMATICS | 试卷Paper | 班级Class | 时间Time | 2HRS | 学号Adm.No. | ( | 班级Class | J2A-I | 得分Mark | 考生须知Instructions | 1. This paper consists of 10 pages. | The paper is divided into 2 sections: | 芙 | SectionA-30%(20 questions) | Section B-70% (7 questions)"
Y,samples\校內考試（非UEC）\2025\2025年第一学期期末考\J2\^2025-1-2 J2A-J ART.pdf,2025-1-2 J2A-J ART P1.pdf,OK,J2,J2A-J,ART,P1,,class=封面班级栏「J2A-J」；subject=封面科目栏「美术ART|姓名NAME」,"2025年芙蓉中华中学第一学期期末考试 | 2025First SemesterFinal Examination,CHHSSeremban | 考卷资料 | 学生资料 | ExamPaperInformation | Student'sInformation | 科目Subject | 美术ART | 姓名Name | 试卷Paper | 1 | 班级Class | 时间Time | 2HRS30MINS | 学号Adm.No. | ( | ） | 班级Class | J2A-J | 得分Mark | 考生须知Instructions | 1.作画媒材必须以不透明水彩广告颜料和透明水彩颜料为主。 | 2.不可携带任何书刊、报纸或图片进入考场，考生不可与考场内任何同学共用一切用具。 | 3.考试进行中考生不得外出更换洗刷画笔所需的水。 | 4.如有启用第二张画纸，请在背面注明“备用纸” | 芙 | 5.请将考卷与作废的画纸一同回收，视为废纸处理。 | 6.请在画纸背面注明姓名、学号、班级、班号与题目编号。"
Y,samples\校內考試（非UEC）\2025\2025年第一学期期末考\J2\^2025-1-2 J2A-J BC P1.pdf,2025-1-2 J2A-J BC P1.pdf,OK,J2,J2A-J,BC,P1,,class=封面班级栏「J2A-J」；subject=封面科目栏「华文BC|姓名NAME」,"2025年芙蓉中华中学第一学期期末考试 | 2025FirstSemesterFinalExamination,CHHSSeremban | 考卷资料 | 学生资料 | ExamPaperInformation | Student'sInformation | 科目Subject | 华文BC | 姓名Name | 试卷Paper | 1 | 班级Class | 时间Time | 1HR 45MINS | 学号Adm.No. | ( | 一 | 班级Class | J2A-J | 得分Mark | 考生须知Instructions | 1.本科试卷共分两份： | 试卷一：写作(40%) | 试卷二：语文测验(60%) | 2.试卷一共分两组： | 甲组：作文共5题，选答1题。用白话文写作。不可用诗歌或戏剧体裁作答。文长至少350字。须 | 作答于作文稿纸上。 | 生 | 乙组：应用文共2题，选答1题。用白话文写作，按新式应用文格式书写。须作答于单线纸上。 | 3.只可用蓝色或黑色的原子笔书写。字迹不得过于潦草。"
Y,samples\校內考試（非UEC）\2025\2025年第一学期期末考\J2\^2025-1-2 J2A-J BC P2.pdf,2025-1-2 J2A-J BC P2.pdf,OK,J2,J2A-J,BC,P2,,class=封面班级栏「J2A-J」；subject=封面科目栏「华文BC|姓名NAME」,"2025年芙蓉中华中学第一学期期末考试 | 2025FirstSemesterFinal Examination,CHHSSeremban | 考卷资料 | 学生资料 | ExamPaperInformation | Student'sInformation | 科目Subject | 华文BC | 姓名Name | 试卷Paper | 2 | 班级Class | 时间Time | 1HR30MINS | 学号Adm.No. | ( | ） | 班级Class | J2A-J | 得分Mark | 考生须知Instructions | 1．本科试卷共分两份： | 试卷一：写作(40%) | 试卷二：语文测验 (60%) | 2.试卷二题目共分三组： | 甲组：语文基础知识 | 乙组：现代文阅读 | 蓉 | 芙 | 丙组：文言文阅读 | 3.甲、乙、丙组的答案，须作答于特备作答纸的特备空格内。答题的编号必须与题目编号相符。"
Y,samples\校內考試（非UEC）\2025\2025年第一学期期末考\J2\^2025-1-2 J2A-J BI P1.pdf,2025-1-2 J2A-J BI P1.pdf,OK,J2,J2A-J,BI,P1,,class=封面班级栏「J2A-J」；subject=封面科目栏「ENGLISHLANGUAGE|姓名NAME」,"2025年芙蓉中华中学第一学期期末考试· | 2025First SemesterFinal Examination,CHHS Seremban | 考卷资料 | 学生资料 | Exam Paper Information | Student's Information | 科目Subject | ENGLISHLANGUAGE | 姓名Name | 试卷Paper | 1 | 班级Class | 时间Time | 1HR30MINS | 学号Adm.No. | 班级Class | J2A-J | 得分Mark | 考生须知Instructions | 1. This question paper consists of 5 parts: | Part 1 - Short Texts | (8 marks) | Part2- | Error Correction | (8 marks) | Part 3-I | Information Transfer | (8marks) | 芙 | Part 4 - Comprehension | (10 marks) | Part 5 - Gap"
Y,samples\校內考試（非UEC）\2025\2025年第一学期期末考\J2\^2025-1-2 J2A-J BI P2.pdf,2025-1-2 J2A-J BI P2.pdf,OK,J2,J2A-J,BI,P2,,class=封面班级栏「J2A-J」；subject=封面科目栏「ENGLISHLANGUAGE|姓名NAME」,"2025年芙蓉中华中学第一学期期末考试 | 2025First Semester Final Examination, CHHS Seremban | 考卷资料 | 学生资料 | ExamPaperInformation | Student'sInformation | 科目 Subject | ENGLISHLANGUAGE | 姓名Name | 试卷Paper | 2 | 班级Class | 时间Time | 1HR | 学号Adm.No. | 班级Class | J2A-J | 得分Mark | 考生须知Instructions | 1. This question paper consists of 2 parts: | Part 1-Short Communicative Message | (20 marks) | Part 2 - Note Expansion | (20 marks) | 芙 | 2.Please use blue or black ink to write your answers."
Y,samples\校內考試（非UEC）\2025\2025年第一学期期末考\J2\^2025-1-2 J2A-J BM P1.pdf,2025-1-2 J2A-J BM P1.pdf,OK,J2,J2A-J,BM,P1,,class=封面班级栏「J2A-J」；subject=封面科目栏「BAHASAMALAYSIA|姓名NAME」,"2025年芙蓉中华中学第一学期期末考试 | 2025First SemesterFinal Examination,CHHS Seremban | 考卷资料 | 学生资料 | ExamPaperInformation | Student's Information | 科目Subject | BAHASAMALAYSIA | 姓名Name | 试卷Paper | 1 | 班级Class | 时间Time | 1HR30MINS | 学号Adm.No. | 班级Class | J2A-J | 得分Mark | 考生须知Instructions | 1. Kertas 1 mengandungi 3 bahagian: | Bahagian A: Karangan | Bahagian B: Rumusan | Bahagian C:Kefahaman | 芙 | 中 | Anda dikehendaki menjawab semua soalan."
Y,samples\校內考試（非UEC）\2025\2025年第一学期期末考\J2\^2025-1-2 J2A-J BM P2.pdf,2025-1-2 J2A-J BM P2.pdf,OK,J2,J2A-J,BM,P2,,class=封面班级栏「J2A-J」；subject=封面科目栏「BAHASAMALAYSIA|姓名NAME」,"2025年芙蓉中华中学第一学期期末考试 | 2025First SemesterFinalExamination,CHHS Seremban | 考卷资料 | 学生资料 | ExamPaper Information | Student'sInformation | 科目Subject | BAHASAMALAYSIA | 姓名Name | 试卷Paper | 2 | 班级Class | 时间Time | 1HR | 学号Adm.No. | ( | ） | 班级Class | J2A-J | 得分Mark | 考生须知Instructions | 1. Jawab semua 50 soalan Kertas 2. Bagi setiap soalan, pilih jawapan yang betul atau yang paling | tepat. | 2. | Sd     r s | 芙 | Kertas 2 ini mengandungi 8 halaman -bercetak."
Y,samples\校內考試（非UEC）\2025\2025年第一学期期末考\J2\^2025-1-2 J2A-J CALLIGRAPHY.pdf,2025-1-2 J2A-J CALLIGRAPHY P2.pdf,OK,J2,J2A-J,CALLIGRAPHY,P2,,class=封面班级栏「J2A-J」；subject=封面科目栏「华文书法CALLIGRAPHY|姓名NAME」,"2025年芙蓉中华中学第一学期期末考试 | 2025FirstSemesterFinalExamination,CHHSSeremban | 考卷资料 | 学生资料 | ExamPaperInformation | Student'sInformation | 科目Subject | 华文书法CALLIGRAPHY | 姓名Name | 试卷Paper | 2 | 班级Class | 时间Time | 30MINS | 学号Adm.No. | ( | ) | 班级Class | J2A-J | 得分Mark | 考生须知Instructions | 1.考生须依指定字范完成书法试卷。 | 2.限用楷书或隶书书写。 | 3.简体或繁体字均可，惟避免混用。 | 4.考生不可与考场内任何同学共用用具。不可带报纸进入考场，只允许以绒布做为桌垫。 | .考试进行中，考生不得外出清洗用具。 | 6.每位考生限用两张米字格纸，并自选一张呈交。"
Y,samples\校內考試（非UEC）\2025\2025年第一学期期末考\J2\^2025-1-2 J2A-J MUSIC.pdf,2025-1-2 J2A-J MUSIC.pdf,OK,J2,J2A-J,MUSIC,,,class=封面班级栏「J2A-J」；subject=封面科目栏「音乐MUSIC|姓名NAME」,"2025年芙蓉中华中学第一学期期末考试 | 2025FirstSemesterFinal Examination,CHHSSeremban | 考卷资料 | 学生资料 | Exam Paper Information | Student's Information | 科目Subject | 音乐MUSIC | 姓名Name | 试卷Paper | 班级Class | 时间Time | 1HR | 学号Adm.No. | ( | 班级Class | J2A-J | 得分Mark | 考生须知Instructions | 1.此考卷分为三个部分，总分100%。 | A项：20题选择题 | B项：10题简答题 | C项：2题乐理题 | 2. | 回答所有问题。请把A项的选择题的答案填写在提供的空格内。 | 答案必须填写清楚和整齐。A和B项请使用蓝色或黑色钢笔作答，C项仅能使用2B铅笔作答，否 | 则扣分。 | 老券共印有4页"
Y,samples\校內考試（非UEC）\2025\2025年第一学期期末考\J2\^2025-1-2 J2A-J UEC MATHS.pdf,2025-1-2 J2A-J UEC MATHS.pdf,OK,J2,J2A-J,UEC MATHS,,,class=封面班级栏「J2A-J」；subject=封面科目栏「统考数学UECMATHS|姓名NAME」,"2025年芙蓉中华中学第一学期期末考试 | 2025First Semester Final Examination, CHHS Seremban | 考卷资料 | 学生资料 | ExamPaperInformation | Student's Information | 科目Subject | 统考数学UECMATHS | 姓名Name | 试卷Paper | - | 班级Class | 时间Time | 2HRS | 学号Adm.No. | ( | ） | 班级Class | J2A-J | 得分Mark | 考生须知Instructions | 1.此试卷共分为两个部分：A.选择题(30%)及B.作答题(70%)，考生须全部作答。 | 2.选择题共有15题，答案须写在选择题表格的空格内。 | 苦 | 3.作答题共有17题，所有的答案必须做在每题的空间内，必要的演算必须清楚地写出。"
Y,samples\校內考試（非UEC）\2025\2025年第一学期期末考\J2\^2025-1-2 J2A-J UEC SCIENCE.pdf,2025-1-2 J2A-J UEC SCIENCE.pdf,OK,J2,J2A-J,UEC SCIENCE,,,class=封面班级栏「J2A-J」；subject=封面科目栏「统考科学UECSCIENCE|姓名NAME」,"2025年芙蓉中华中学第一学期期末考试 | 2025First SemesterFinal Examination,CHHS Seremban | 考卷资料 | 学生资料 | ExamPaperInformation | Student'sInformation | 科目Subject | 统考科学UECSCIENCE | 姓名Name | 试卷Paper | 班级Class | - | 时间Time | 1HR | 学号Adm.No. | ( | 班级Class | J2A-J | 得分Mark | 考生须知Instructions | 1.此试卷共分二部分： | 甲组：选择题(60%) | 乙组：作答题(40%) | -.选择题30题全做。选出正确或最佳的答案，然后用5B铅笔填写在OMR纸。 | 作答题5题全做，答案填写在作答券中"
,samples\校內考試（非UEC）\2025\2025年第一学期期末考\J2\^2025-1-2 J2A-J UGEO.pdf,2025-1-2 J2A-J UEC GEO.pdf,REVIEW,J2,J2A-J,UEC GEO,,试卷栏「、」看不出是第几卷,class=封面班级栏「J2A-J」；subject=封面科目栏「统考地理UGEO|姓名NAME」,"2025年芙蓉中华中学第一学期期末考试 | 2025First SemesterFinal Examination,CHHS Seremban | 考卷资料 | 学生资料 | ExamPaperInformation | Student's Information | 科目Subject | 统考地理UGEO | 姓名Name | 试卷Paper | 、 | 班级Class | 时间Time | 1HR30MINS | 学号Adm.No. | ( | ） | 班级Class | J2A-J | 得分Mark | 考生须知Instructions | 1.此试卷共分为三部分： | A：选择题 | (40%) | B:看图填充 | (30%) | C：问答题 | (30%) | 2. | 选择题答案须填写在OMR卡上 | 3. | B项和C项答案须填写在特备答案卷上。 | 芙 | 4.此试卷共印9面。 | 中"
Y,samples\校內考試（非UEC）\2025\2025年第一学期期末考\J2\^2025-1-2 J2A-J UHIS.pdf,2025-1-2 J2A-J UEC HISTORY P1.pdf,OK,J2,J2A-J,UEC HISTORY,P1,,class=封面班级栏「J2A-J」；subject=封面科目栏「统考历史UHIS|姓名NAME」,"2025年芙蓉中华中学第一学期期末考试 | 2025FirstSemesterFinal Examination,CHHSSeremban | 考卷资料 | 学生资料 | Exam Paper Information | Student'sInformation | 科目Subject | 统考历史UHIS | 姓名Name | 试卷Paper | 1 | 班级Class | 时间Time | 1HR 30MINS | 学号Adm.No. | ( | ） | 班级Class | J2A-J | 得分Mark | 考生须知Instructions | 1．本试卷共分成：甲组：选择题(50%)，乙组：综合题(20%)，丙组：问答题(30%)。 | 2. | 甲组选择题25题全做，选出正确或最佳的答案，用5B铅笔将OMIR卡上相应的小方格涂黑。 | 3. | 乙组综合题与丙组问答题，请作答于单线纸上。 | 芙 | 只可用蓝色或黑色钢笔或圆珠笔书写。 | 5.本试卷共印6页。"
Y,samples\校內考試（非UEC）\2025\2025年第一学期期末考\J3\^2025-1-2 J3A-J  UEC SCIENCE.pdf,2025-1-2 J3A-J UEC SCIENCE.pdf,OK,J3,J3A-J,UEC SCIENCE,,,class=封面班级栏「J3A-J」；subject=封面科目栏「综合科学UECSCIENCE|姓名NAME」,"2025年芙蓉中华中学第一学期期末考试 | 2025FirstSemesterFinalExamination,CHHSSeremban | 考卷资料 | 学生资料 | Exam Paper Information | Student'sInformation | 科目Subject | 综合科学UEC SCIENCE | 姓名Name | 试卷Paper | 班级Class | 时间Time | 1HR 30MINS | 学号Adm.No. | ( | ） | 班级Class | J3A-J | 得分Mark | 考生须知Instructions | 1．本试卷共分二部分： | 甲组 30题选择题 (45%) | 乙组8题作答题(55%) | 2.考生必须在规定的1小时30分钟内完成作答。 | 3.选择题全答。选出正确或最佳的答案，然后用5B铅笔涂黑“OMR”答案纸上相应的字母所 | 在的小方格。 | 4.作答题全答。答案必须用黑或蓝墨色的圆珠笔书写并把答案填写在作答题的空格内。 | 5．本试卷共印10页。"
Y,samples\校內考試（非UEC）\2025\2025年第一学期期末考\J3\^2025-1-2 J3A-J ART.pdf,2025-1-2 J3A-J ART.pdf,OK,J3,J3A-J,ART,,,class=封面班级栏「J3A-J」；subject=封面科目栏「美术ART|姓名NAME」,"2025年芙蓉中华中学第一学期期末考试 | 2025First SemesterFinal Examination,CHHS Seremban | 考卷资料 | 学生资料 | Exam Paper Information | Student's Information | 科目Subject | 美术ART | 姓名Name | 试卷Paper | 班级Class | - | 时间Time | 2HR30MINS | 学号Adm.No. | 班级Class | J3A-J | 得分Mark | 考生须知Instructions | 1. | 作画媒材只限用铅笔。 | 2. | 不可携带任何书刊，报纸或图片进入考场，考生不可与场内任何同学共用一切用具。 | 3. | 考试进行中考生不得外出。 | 4. | 如有启用第二张画纸，请在背面注明“备用纸” | 芙 | 5. | 请将考卷与作废的画纸一同回收，视为废纸处理。"
Y,samples\校內考試（非UEC）\2025\2025年第一学期期末考\J3\^2025-1-2 J3A-J BC P1.pdf,2025-1-2 J3A-J BC P1.pdf,OK,J3,J3A-J,BC,P1,,class=封面班级栏「J3A-J」；subject=封面科目栏「华文BC|姓名NAME」,"2025年芙蓉中华中学第一学期期末考试 | 2025FirstSemesterFinal Examination,CHHSSeremban | 考卷资料 | 学生资料 | Exam PaperInformation | Student'sInformation | 科目Subject | 华文BC | 姓名Name | 试卷Paper | 1 | 班级Class | 时间Time | 1HR 45MINS | 学号Adm.No. | ( | ） | 班级Class | J3A-J | 得分Mark | 考生须知Instructions | 1.本科试卷共分两份： | 试卷一：写作(40%) | 试卷二：语文测验(60%) | 2.试卷一共分两组： | 甲组：作文共5题，选答1题。用白话文写作。不可用诗歌或戏剧体裁作答。文长至少400字。 | 须作答于作文稿纸上。 | 乙组：应用文共2题，选答1题。用白话文写作，按新式应用文格式书写。须作答于单线纸上。"
Y,samples\校內考試（非UEC）\2025\2025年第一学期期末考\J3\^2025-1-2 J3A-J BC P2.pdf,2025-1-2 J3A-J BC P2.pdf,OK,J3,J3A-J,BC,P2,,class=封面班级栏「J3A-J」；subject=封面科目栏「华文BC|姓名NAME」,"2025年芙蓉中华中学第一学期期末考试 | 2025 First Semester Final Examination, CHHS Seremban | 考卷资料 | 学生资料 | ExamPaperInformation | Student'sInformation | 科目Subject | 华文BC | 姓名Name | 试卷Paper | 2 | 班级Class | 时间Time | 1HR30MINS | 学号Adm.No. | （ | ） | 班级Class | J3A-J | 得分Mark | 考生须知Instructions | 1.本科试卷共分两份： | 试卷一：写作 (40%) | 试卷二：语文测验 (60%) | 2.试卷二题目共分三组： | 甲组：语文基础知识 | 蓉 | 芙 | 乙组：现代文阅读 | 丙组：文言文阅读"
Y,samples\校內考試（非UEC）\2025\2025年第一学期期末考\J3\^2025-1-2 J3A-J BI P1.pdf,2025-1-2 J3A-J BI P1.pdf,OK,J3,J3A-J,BI,P1,,class=封面班级栏「J3A-J」；subject=封面科目栏「ENGLISHLANGUAGE|姓名NAME」,"2025年芙蓉中华中学第一学期期末考试 | 2025 First Semester Final Examination, CHHS Seremban | 考卷资料 | 学生资料 | ExamPaperInformation | Student'sInformation | 科目Subject | ENGLISHLANGUAGE | 姓名Name | 试卷Paper | 1 | 班级Class | 时间Time | 1HR 30MINS | 学号Adm.No. | 班级Class | J3A-J | 得分Mark | 考生须知Instructions | 1. This question paper consists of 5 parts: | Part 1 - S | Short Texts | (8marks) | Part 2 - | Error Correction | (8marks) | Part3- | Information Transfer | (8marks) | 芙 | Part 4 - | Comprehension | (10marks) | Part 5 -("
Y,samples\校內考試（非UEC）\2025\2025年第一学期期末考\J3\^2025-1-2 J3A-J BI P2.pdf,2025-1-2 J3A-J BI P2.pdf,OK,J3,J3A-J,BI,P2,,class=封面班级栏「J3A-J」；subject=封面科目栏「ENGLISHLANGUAGE|姓名NAME」,"2025年芙蓉中华中学第一学期期末考试 | 2025First SemesterFinal Examination,CHHSSeremban | 考卷资料 | 学生资料 | ExamPaperInformation | Student'sInformation | 科目Subject | ENGLISH LANGUAGE | 姓名Name | 试卷Paper | 2 | 班级Class | 时间Time | 1HR | 学号Adm.No. | 班级Class | J3A-J | 得分Mark | 考生须知Instructions | 1. This question paper consists of 2 parts: | Part 1 - Short Communicative Message | (20 marks) | Part 2-Note Expansion | (20 marks) | 芙 | .Pleaseuseblue orblackink towriteyour answers. | 3. Your composition will be assessed on th"
Y,samples\校內考試（非UEC）\2025\2025年第一学期期末考\J3\^2025-1-2 J3A-J BM P1.pdf,2025-1-2 J3A-J BM P1.pdf,OK,J3,J3A-J,BM,P1,,class=封面班级栏「J3A-J」；subject=封面科目栏「BAHASAMALAYSIA|姓名NAME」,"2025年芙蓉中华中学第一学期期末考试 | 2025 First Semester Final Examination, CHHS Seremban | 考卷资料 | 学生资料 | ExamPaperInformation | Student'sInformation | 科目Subject | BAHASAMALAYSIA | 姓名Name | 试卷Paper | 1 | 班级Class | 时间Time | 1HR30MINS | 学号Adm.No. | ( | ） | 班级Class | J3A-J | 得分Mark | 考生须知Instructions | 1. Kertas 1 mengandungi 3 bahagian: | Bahagian A: Karangan, | Bahagian B: Rumusan, | Bahagian C: Kefahaman. | 芙 | Anda dikehendaki menjawab semua soalan."
Y,samples\校內考試（非UEC）\2025\2025年第一学期期末考\J3\^2025-1-2 J3A-J BM P2.pdf,2025-1-2 J3A-J BM P2.pdf,OK,J3,J3A-J,BM,P2,,class=封面班级栏「J3A-J」；subject=封面科目栏「BAHASAMALAYSIA|姓名NAME」,"2025年芙蓉中华中学第一学期期末考试 | 2025FirstSemesterFinal Examination,CHHS Seremban | 考卷资料 | 学生资料 | ExamPaperInformation | Student'sInformation | 科目Subject | BAHASAMALAYSIA | 姓名Name | 试卷Paper | 2 | 班级Class | 时间Time | 1HR | 学号Adm.No. | ( | 班级Class | J3A-J | 得分Mark | 考生须知Instructions | 1.Jawab semua 50 soalan dalam Kertas 2. Bagi setiap soalan, pilih jawapan yang betul atau yang | paling tepat. | 2. | Kemudian hitamkan ruang bekenaan pada kertas jawapan OMR yang dibekalkan dengan pensel | 5B. | 芙 | 3. Kertas 2"
,samples\校內考試（非UEC）\2025\2025年第一学期期末考\J3\^2025-1-2 J3A-J MUSIC.pdf,2025-1-2 J3J MUSIC.pdf,REVIEW,J3,J3J,MUSIC,,试卷栏「=」看不出是第几卷,class=封面班级栏「J3J」；subject=封面科目栏「音乐MUSIC|姓名NAME」,"2025年芙蓉中华中学第一学期期末考试 | 2025First SemesterFinal Examination, CHHS Seremban | 考卷资料 | 学生资料 | ExamPaperInformation | Student'sInformation | 科目Subject | 音乐MUSIC | 姓名Name | 试卷Paper | 班级Class | = | 时间Time | 1HR | 学号Adm.No. | C | 班级Class | J3J | 得分Mark | 考生须知Instructions | 1.本试卷共有选择题20题，基本乐理10题，总共100%。 | 2.请使用2B铅笔回答所有的问题。 | 3.此考卷共印有5页。 | 1. This paper consists of 20 objective questions and 10 music theory questions, total 100%. | L. Answer all the questions with 2B pencil. | 3.This paper consists of5prin"
Y,samples\校內考試（非UEC）\2025\2025年第一学期期末考\J3\^2025-1-2 J3A-J PBD GEO.pdf,2025-1-2 J3A-I PBD GEO.pdf,OK,J3,J3A-I,PBD GEO,,,class=封面班级栏「J3A-I」；subject=封面科目栏「政考地理GEOPBD|姓名NAME」,"2025年芙蓉中华中学第一学期期末考试 | 2025First SemesterFinal Examination,CHHS Seremban | 考卷资料 | 学生资料 | ExamPaperInformation | Student'sInformation | 科目Subject | 政考地理GEOPBD | 姓名Name | 试卷Paper | 班级Class | - | 时间Time | 1HR 15MINS | 学号Adm.No. | ( | ） | 班级Class | J3A-I | 得分Mark | 考生须知Instructions | 1．本科试卷共分为二部份： | A项选择题（60%） | B项综合题（40%） | 2.A项选择题全作答。作答前需在OMR卡上正确填写考生姓名，学号，班级及用5B铅笔将对应 | 的小方格涂黑。 | 3. | 本科试卷共印7页。 | 芙 | 名 | 1. | This question paper consists of 2 sections :"
Y,samples\校內考試（非UEC）\2025\2025年第一学期期末考\J3\^2025-1-2 J3A-J PBD MATHETICS.pdf,2025-1-2 J3A-I PBD MATH.pdf,OK,J3,J3A-I,PBD MATH,,,class=封面班级栏「J3A-I」；subject=封面科目栏「姓名NAME|PBDMATHEMTICS」,"2025年芙蓉中华中学第一学期期末考试 | 2025 First Semester Final Examination, CHHS Seremban | 考卷资料 | 学生资料 | ExamPaperInformation | Student'sInformation | 政考数学 | 科目 Subject | 姓名 Name | PBDMATHEMTICS | 试卷Paper | 班级Class | 时间Time | 2HRS | 学号Adm.No. | ( | ） | 班级Class | J3A-I | 得分Mark | 考生须知Instructions | 1. This paper consists of 9 pages. | 芙 | This paper is divided into 2 sections: | SectionA-30%(20 questions) | B-70%"
Y,samples\校內考試（非UEC）\2025\2025年第一学期期末考\J3\^2025-1-2 J3A-J PBD SCIENCE.pdf,2025-1-2 J3A-I PBD SCIENCE.pdf,OK,J3,J3A-I,PBD SCIENCE,,,class=封面班级栏「J3A-I」；subject=封面科目栏「政考科学PBDSCIENCE|姓名NAME」,"2025年芙蓉中华中学第一学期期末考试 | 2025FirstSemesterFinalExamination,CHHSSeremban | 考卷资料 | 学生资料 | ExamPaperInformation | Student's Information | 科目Subject | 政考科学PBDSCIENCE | 姓名Name | 试卷Paper | - | 班级Class | 时间Time | 1HR 30MINS | 学号Adm.No. | ( | ( | 班级Class | J3A-I | 得分Mark | 考生须知Instructions | 1. This question paper consists of 8 pages. |  2. Answer ALL questions in Section A, Section B and Section C. | 3.S | Section A objective questions (40%) are followed by options A, B, C and D. Choose the best option fo"
Y,samples\校內考試（非UEC）\2025\2025年第一学期期末考\J3\^2025-1-2 J3A-J PBD SEJARAH.pdf,2025-1-2 J3A-I PBD SEJARAH P1.pdf,OK,J3,J3A-I,PBD SEJARAH,P1,,class=封面班级栏「J3A-I」；subject=封面科目栏「PBDSEJARAH|姓名NAME」,"2025年芙蓉中华中学第一学期期末考试 | 2025FirstSemesterFinal Examination,CHHS Seremban | 考卷资料 | 学生资料 | ExamPaperInformation | Student's Information | 科目Subject | PBD SEJARAH | 姓名Name | 试卷Paper | 1 | 班级Class | 时间Time | 1HR 15MINS | 学号Adm.No. | 班级Class | J3A-I | 得分Mark | 考生须知Instructions | 1. Kertas soalan ini mengandungi 3 bahagian iaitu Bahagian A, B dan C. | 2. Calon mesti menjawab semua soalan dalam Bahagian A dan Bahagian B, dan jawab satu soalan sahaja | di Bahagian C. | 中"
Y,samples\校內考試（非UEC）\2025\2025年第一学期期末考\J3\^2025-1-2 J3A-J UEC HISTORY.pdf,2025-1-2 J3A-J UEC HISTORY P1.pdf,OK,J3,J3A-J,UEC HISTORY,P1,,class=封面班级栏「J3A-J」；subject=封面科目栏「统考历史UECHISTORY|姓名NAME」,"2025年芙蓉中华中学第一学期期末考试 | 2025First SemesterFinal Examination,CHHSSeremban | 考卷资料 | 学生资料 | ExamPaperInformation | Student'sInformation | 科目Subject | 统考历史UECHISTORY | 姓名Name | 试卷Paper | 1 | 班级Class | 时间Time | 1HR30MINS | 学号Adm.No. | ( | 一 | 班级Class | J3A-J | 得分Mark | 考生须知Instructions | 1．此试卷共分三部分：甲组：选择题(50%)，乙组：综合题(20%)和丙组：问答题(30%), | 2.甲组选择题25题全做。选出正确或最佳的答案，用5B铅笔将OMR卡上相应的小方格涂黑。 | 3.乙组综合题和丙组问答题全作答在单线纸上。不必抄题，惟试题号码须书写清楚。 | 芙 | ..只可用蓝色或黑色的钢笔或圆珠笔书写。 | 5.本试卷共印6面。"
Y,samples\校內考試（非UEC）\2025\2025年第一学期期末考\J3\^2025-1-2 J3A-J UEC MATHS.pdf,2025-1-2 J3A-J UEC MATHS.pdf,OK,J3,J3A-J,UEC MATHS,,,class=封面班级栏「J3A-J」；subject=封面科目栏「统考数学UECMATHS|姓名NAME」,"2025年芙蓉中华中学第一学期期末考试 | 2025FirstSemesterFinalExamination,CHHSSeremban | 考卷资料 | 学生资料 | ExamPaperInformation | Student'sInformation | 科目Subject | 统考数学UECMATHS | 姓名Name | 试卷Paper | - | 班级Class | 时间Time | 2HRS | 学号Adm.No. | ( | ） | 班级Class | J3A-J | 得分Mark | 考生须知Instructions | 1.此试卷共分两部分：A.选择题(40%)及B.作答题(60%)。 | 2.作答题6题全做。每题必须用新的一面作答。 | 3.只可用蓝色或黑色的钢笔或圆珠笔书写，惟可用铅笔画图。 | ，不必抄题，惟试题号码必须书写清楚。所有必要的演算必须清楚地写出。必要的几何图形须画出。 | 5.选择题20题全做。选出正确的答案，然后用5B铅笔将OMR卡上相应的字母所在的小方格涂黑。 | 6.此试卷共有6页。"
Y,samples\校內考試（非UEC）\2025\2025年第一学期期末考\J3\^2025-1-2 J3A-J UGEO.pdf,2025-1-2 J3A-J UEC GEO.pdf,OK,J3,J3A-J,UEC GEO,,,class=封面班级栏「J3A-J」；subject=封面科目栏「统考地理UGEO|姓名NAME」,"2025年芙蓉中华中学第一学期期末考试 | 2025First SemesterFinal Examination,CHHSSeremban | 考卷资料 | 学生资料 | ExamPaperInformation | Student'sInformation | 科目Subject | 统考地理UGEO | 姓名Name | 试卷Paper | 班级Class | - | 时间Time | 1HR 30MINS | 学号Adm.No. | ( | ） | 班级Class | J3A-J | 得分Mark | 考生须知Instructions | 1.此试卷共分为二部分： | A:选择题（50%） | B:作答题（50%） | 甲组：必答题（20%） | 2题全答。 | 乙组：选答题（30%） | 芙 | (A)马来西亚地理：2题选答1题； | (B)自然地理 | ：2题选答1题；"
Y,"samples\校內考試（非UEC）\2025\2025年第一学期期末考\S1\^2025-1-2 AC1A,C1A-B,C1D SPM ADDMATH.pdf","2025-1-2 AC1A, C1A-B, C1D SPM ADD MATHS.pdf",OK,S1,"AC1A, C1A-B, C1D",SPM ADD MATHS,,,"class=封面班级栏「AC1A,C1A-B,C1D」；class_streams=商科班、文商班；subject=封面科目栏「姓名NAME|SPMADDITIONALMATHS」","2025年芙蓉中华中学第一学期期末考试 | 2025First Semester Final Examination,CHHS Seremban | 考卷资料 | 学生资料 | ExamPaperInformation | Student'sInformation | 政考附数(选修) | 科目Subject | 姓名Name | SPMADDITIONALMATHS | 试卷Paper | 班级Class | 时间Time | 2HRS | 学号Adm.No. | ( | ） | 班级Class | AC1A, C1A-B, C1D | 得分Mark | 考生须知Instructions | 1. This paper consists of 15 questions on 5 printed pages. | 芙 | Answerallquestions. | 蓉 | 3.Show your working.It may help you to getmarks."
Y,"samples\校內考試（非UEC）\2025\2025年第一学期期末考\S1\^2025-1-2 AC1A,U1A UGEO.pdf","2025-1-2 AC1A, U1A UEC GEO.pdf",OK,S1,"AC1A, U1A",UEC GEO,,,"class=封面班级栏「AC1A,U1A」；class_streams=文商班、统考班（不考SPM）；subject=封面科目栏「统考地理UGEO|姓名NAME」","2025年芙蓉中华中学第一学期期末考试 | 2025First SemesterFinalExamination,CHHSSeremban | 考卷资料 | 学生资料 | ExamPaperInformation | Student'sInformation | 科目Subject | 统考地理UGEO | 姓名Name | 试卷Paper | 班级Class | - | 时间Time | 1HR 30MINS | 学号Adm.No. | （ | 班级Class | AC1A,U1A | 得分Mark | 特备答案卷 | 乙组、综合题（40%） | A项：填充题 | (10%) | 1. | 2. | 蓉 | 芙 | 3."
Y,"samples\校內考試（非UEC）\2025\2025年第一学期期末考\S1\^2025-1-2 AC1A,U1A UHIS.pdf","2025-1-2 AC1A, U1A UEC HISTORY P1.pdf",OK,S1,"AC1A, U1A",UEC HISTORY,P1,,"class=封面班级栏「AC1A,U1A」；class_streams=文商班、统考班（不考SPM）；subject=封面科目栏「统考历史UHIS|姓名NAME」","2025年芙蓉中华中学第一学期期末考试 | 2025FirstSemesterFinalExamination,CHHSSeremban | 考卷资料 | 学生资料 | ExamPaperInformation | Student'sInformation | 科目Subject | 统考历史UHIS | 姓名Name | 试卷Paper | 1 | 班级Class | 时间Time | 2HRS | 学号Adm.No. | ( | 】 | 班级Class | AC1A,U1A | 得分Mark | 考生须知Instructions | 1.本试卷共分成四个部分：A项选择题(30%)，B项填空题(12%)，C项看图作答(13%),及 | D项问答题(45%)。 | 2.A项选择题30题全做。选出正确或最佳的答案，用5B铅笔将OMR卡上相应的小方格涂黑。 | .B项至D项，须全作答在单线纸上 | 4.只可用蓝色或黑色钢笔或圆珠笔书写"
Y,samples\校內考試（非UEC）\2025\2025年第一学期期末考\S1\^2025-1-2 AC1A-C1F SPM MATH P1.pdf,"2025-1-2 AC1A, C1A-F SPM MATH P1.pdf",OK,S1,"AC1A, C1A-F",SPM MATH,P1,,"class=封面班级栏「AC1A,C1A-F」；class_streams=商科班、文商班；subject=封面科目栏「姓名NAME|SPMMATHEMATICS」","2025年芙蓉中华中学第一学期期末考试 | 2025First Semester Final Examination, CHHS Seremban | 考卷资料 | 学生资料 | ExamPaper Information | Student's Information | 政考数学 | 科目Subject | 姓名 Name | SPMMATHEMATICS | 试卷Paper | 1 | 班级Class | 时间Time | 2 HRS | 学号Adm.No. | 班级Class | AC1A,C1A-F | 得分Mark | 考生须知Instructions | 1. This paper consists of two sections: | Section A: Multiple choice questions (40%). 2% for cach question, and answer all 20 questions. | Section B: Subjective questions (60%). Answer all 7 questions. | 芙 | 2. T"
Y,samples\校內考試（非UEC）\2025\2025年第一学期期末考\S1\^2025-1-2 AC1A-C1F SPM SCIENCE.pdf,"2025-1-2 AC1A, C1A-F SPM SCIENCE.pdf",OK,S1,"AC1A, C1A-F",SPM SCIENCE,,,"class=封面班级栏「AC1A,C1A-F」；class_streams=商科班、文商班；subject=封面科目栏「政考科学SPMSCIENCE|姓名NAME」","2025年芙蓉中华中学第一学期期末考试 | 2025First Semester Final Examination,CHHS Seremban | 考卷资料 | 学生资料 | ExamPaperInformation | Student's Information | 科目Subject | 政考科学SPM SCIENCE | 姓名Name | 试卷Paper | 班级Class | - | 时间Time | 1HR30MINS | 学号Adm.No. | ( | 》 | 班级Class | AC1A, C1A-F | 得分Mark | 考生须知Instructions | 1. This paper consists of 8 pages. |  2. Answer ALL the questions in Section A, Section B and Section C. | 3. Section A: Objective questions [30 marks]: Blacken your answers in OMR with 2B pencil. | 4 Section"
Y,samples\校內考試（非UEC）\2025\2025年第一学期期末考\S1\^2025-1-2 AC1A-U1A UEC ACCOUNTING.pdf,"2025-1-2 AC1A, C1A-F, U1A UEC BOOKKEEPING.pdf",OK,S1,"AC1A, C1A-F, U1A",UEC BOOKKEEPING,,,"class=封面班级栏「AC1A,C1A-F,U1A」；class_streams=商科班、文商班、统考班（不考SPM）；subject=封面科目栏「统考薄记UECACCOUNTING|姓名NAME」","2025年芙蓉中华中学第一学期期末考考试 | 2025First Semester Final Examination,CHHS Seremban | 考卷资料 | 学生资料 | ExamPaperInformation | Student's Information | 科目Subject | 统考薄记UECACCOUNTING | 姓名Name | 试卷Paper | 班级Class | - | 时间Time | 2HRS | 学号Adm.No. | ( | （ | 班级Class | AC1A, C1A-F,U1A | 得分Mark | 考生须知Instructions | 1. Compulsory answer all the questions. - Section A: Multiple-choice questions (20%) | -Section B: Subjective questions (80%) | 蓉 | 2.Workings must be shown."
Y,samples\校內考試（非UEC）\2025\2025年第一学期期末考\S1\^2025-1-2 AC1A-U1A UEC BUSINESS.pdf,"2025-1-2 AC1A, C1A-F, U1A UEC BUSINESS.pdf",OK,S1,"AC1A, C1A-F, U1A",UEC BUSINESS,,,"class=封面班级栏「AC1A,C1A-F,U1A」；class_streams=商科班、文商班、统考班（不考SPM）；subject=封面科目栏「商业学UECBUSINESS|姓名NAME」","2025年芙蓉中华中学第一学期期末考试 | 2025First Semester Final Examination,CHHS Seremban | 考卷资料 | 学生资料 | ExamPaperInformation | Student'sInformation | 科目Subject | 商业学UEC BUSINESS | 姓名Name | 试卷Paper | 班级Class | 时间Time | 2HRS | 学号Adm.No. | 班级Class | AC1A,C1A-F,U1A | 得分Mark | 考生须知Instructions | 1.此试卷共分两部分：部分一：选择题(30%)， | 部分二：作答题(70%)。 | 2.部分一：选择题，20题全做，每题1.5分。 | 3.部分二：作答题分二组：甲组-必答题(55%,4题全做)。 | 每题必须用新的一面（前后）作冬，请勿与前一趟接同一页作答。芙 | 乙组-个案题一题(15%,1题全答）。 | 5.只可用蓝色或黑色的钢珠笔或圆珠笔书写。 | 页书写清楚"
Y,samples\校內考試（非UEC）\2025\2025年第一学期期末考\S1\^2025-1-2 AC1A-U1A UEC ECONOMICS.pdf,"2025-1-2 AC1A, C1A-F, U1A UEC ECONOMICS.pdf",OK,S1,"AC1A, C1A-F, U1A",UEC ECONOMICS,,,"class=封面班级栏「AC1A,C1A-F,U1A」；class_streams=商科班、文商班、统考班（不考SPM）；subject=封面科目栏「姓名NAME|UECECONOMICS」","2025年芙蓉中华中学第一学期期末考试 | 2025First Semester Final Examination, CHHS Seremban | 考卷资料 | 学生资料 | ExamPaperInformation | Student'sInformation | 统考经济学 | 科目Subject | 姓名Name | UECECONOMICS | 试卷Paper | 班级Class | 时间Time | 2HRS | 学号Adm.No. | ( | ) | 班级Class | AC1A,C1A-F,U1A | 得分Mark | 考生须知Instructions | 1.此试卷共分两部分：部分一：选择题(40%) | 部分二：作答题(60%) | 2.部分一：选择题20题全做，每题2%。请把考生学号及正确的答案填写在电脑卡(OMR卡)中。 | 3.部分二：作答题4题全做，每题15%。 | 4.每题作答题必须用新的一页（前后)纸作答，不要和前一题接在同一页作答。 | 5.只可用蓝色或黑色的钢珠笔或圆珠笔书写，惟可用铅笔画图。 | 芙 | 6.部分二不必抄题，惟试题号码必须书写清楚"
Y,samples\校內考試（非UEC）\2025\2025年第一学期期末考\S1\^2025-1-2 AC1A-U1F UEC ADV MATH.pdf,"2025-1-2 AC1A, C1A-F, U1A UEC ADV MATHS.pdf",OK,S1,"AC1A, C1A-F, U1A",UEC ADV MATHS,,,"class=封面班级栏「AC1A,C1A-F,U1A」；class_streams=商科班、文商班、统考班（不考SPM）；subject=封面科目栏「姓名NAME|UECADVANCEDMATHEMATICS」","2025年芙蓉中华中学第一学期期末考试 | 2025 First SemesterFinal Examination,CHHS Seremban | 考卷资料 | 学生资料 | Exam Paper Information | Student's Information | 统考高级数学 | 科目Subject | 姓名Name | UECAdvancedMathematics | 试卷Paper | 班级Class | - | 时间Time | 2HRS | 学号Adm.No. | ( | C | 班级Class | AC1A, C1A-F, U1A | 得分Mark | 考生须知Instructions | 1.此试卷共分两部分： | PartA.选择题（16%)。每题2分，8题全做。把答案填写在第2页的空格中。 | PartB.作答题（84%)。10题全做。 | 芙 | .此试卷共有4页。 | 中 | 3.数学公式表在第2页。"
Y,samples\校內考試（非UEC）\2025\2025年第一学期期末考\S1\^2025-1-2 S1A-B SPM ADDMATH P1.pdf,2025-1-2 S1A-B SPM ADD MATHS.pdf,OK,S1,S1A-B,SPM ADD MATHS,,,class=封面班级栏「S1A-B」；class_streams=理科班；subject=封面科目栏「姓名NAME|SPMADDITIONALMATHS.」,"2025年芙蓉中华中学第一学期期末考试 | 2025First Semester Final Examination,CHHS Seremban | 考卷资料 | 学生资料 | ExamPaperInformation | Student's Information | 政考附数 | 科目Subject | 姓名Name | SPMADDITIONALMATHS. | 试卷Paper | 班级Class | 时间Time | 2HRS | 学号Adm.No. | ( | 班级Class | S1A-B | 得分Mark | 考生须知Instructions | 1. This paper consists of 15 questions on 5 printed pages. | Answer all questions. | 芙 | 3. Show your working. It may help you to get marks."
Y,samples\校內考試（非UEC）\2025\2025年第一学期期末考\S1\^2025-1-2 S1A-B SPM BIOLOGY.pdf,2025-1-2 S1A-B SPM BIOLOGY P1.pdf,OK,S1,S1A-B,SPM BIOLOGY,P1,,class=封面班级栏「S1A-B」；class_streams=理科班；subject=封面科目栏「政考生物SPMBIOLOGY|姓名NAME」,"2025年芙蓉中华中学第一学期期末考试 | 2025 First Semester Final Examination, CHHS Seremban | 考卷资料 | 学生资料 | ExamPaperInformation | Student's Information | 科目Subject | 政考生物SPMBIOLOGY | 姓名Name | 试卷Paper | 1 | 班级Class | 时间Time | 2HRS | 学号Adm.No. | ( | （ | 班级Class | S1A-B | 得分Mark | 考生须知Instructions | 1.This question paper consists of 8 pages. | 芙 | 2. There are three sections in this paper. | 3.Section A consists of 30 objectives.For each question,select the best answer from the options A,B,"
Y,samples\校內考試（非UEC）\2025\2025年第一学期期末考\S1\^2025-1-2 S1A-B SPM CHEMISTRY.pdf,2025-1-2 S1A-B SPM CHEMISTRY.pdf,OK,S1,S1A-B,SPM CHEMISTRY,,,class=封面班级栏「S1A-B」；class_streams=理科班；subject=封面科目栏「政考化学SPMCHEMISTRY|姓名NAME」,"2025年芙蓉中华中学第一学期期末考试 | 2025First SemesterFinal Examination,CHHS Seremban | 考卷资料 | 学生资料 | ExamPaperInformation | Student'sInformation | 科目Subject | 政考化学SPMCHEMISTRY | 姓名Name | 试卷Paper | - | 班级Class | 时间Time | 2HRS | 学号Adm.No. | 班级Class | S1A-B | 得分Mark | 考生须知Instructions | 1.The question paper consists of 9 printed pages. | 2.Read the instructions carefully. | 3. This paper consists of three sections: | Section A: Objective Questions [30 marks] | - Answer all the questions in OMR card provided | S"
Y,samples\校內考試（非UEC）\2025\2025年第一学期期末考\S1\^2025-1-2 S1A-B SPM PYSICS.pdf,2025-1-2 S1A-B SPM PHYSICS.pdf,OK,S1,S1A-B,SPM PHYSICS,,,class=封面班级栏「S1A-B」；class_streams=理科班；subject=封面科目栏「政考物理SPMPHYSICS|姓名NAME」,"2025年芙蓉中华中学第一学期期末考试 | 2025First SemesterFinal Examination,CHHS Seremban | 考卷资料 | 学生资料 | Exam Paper Information | Student's Information | 科目Subject | 政考物理SPMPHYSICS | 姓名Name | 试卷Paper | - | 班级Class | 时间Time | 2HRS | 学号Adm.No. | （） | 班级Class | S1A-B | 得分Mark | 考生须知Instructions | 1. This paper consists of 12 pages. | 2. Answer ALL the questions in Section A, Section B and Section C. | 3. Section A: Objective questions [35 marks]: Blacken your answers in OMR with 2B pencil. | 4. Section B: Subjectiv"
Y,samples\校內考試（非UEC）\2025\2025年第一学期期末考\S1\^2025-1-2 S1A-B UEC ADV MATH Ⅱ.pdf,2025-1-2 S1A-B UEC ADV MATHS Ⅱ.pdf,OK,S1,S1A-B,UEC ADV MATHS Ⅱ,,,class=封面班级栏「S1A-B」；class_streams=理科班；subject=封面科目栏「姓名NAME|UECADVANCEDMATHEMATICSII」,"2025年芙蓉中华中学第一学期期末考试 | 2025FirstSemesterFinal Examination,CHHSSeremban | 考卷资料 | 学生资料 | Exam PaperInformation | Student's Information | 统考高级数学ⅡI | 科目Subject | 姓名Name | UEC Advanced Mathematics II | 试卷Paper | - | 班级Class | 时间Time | 2HRS | 学号Adm.No. | （ | 班级Class | S1A-B | 得分Mark | 考生须知Instructions | 1.此试卷共分两部分： | A.选择题(16%)。每题2分，8题全做。把答案填写在第2页的空格中。 | B.作答题(84%)。11题全做。 | 2.此试卷共有4页。 | 芙 | 3.数学公式表在第2页。 | 4.考生可使用CASIOfx-570MS，CASIOfx-570MS-2，CASIOfx-350MS，CASIOfx-350MS-2,"
Y,samples\校內考試（非UEC）\2025\2025年第一学期期末考\S1\^2025-1-2 S1A-B UEC BIOLOGY.pdf,2025-1-2 S1A-B UEC BIOLOGY.pdf,OK,S1,S1A-B,UEC BIOLOGY,,,class=封面班级栏「S1A-B」；class_streams=理科班；subject=封面科目栏「统考生物UECBIOLOGY|姓名NAME」,"2025年芙蓉中华中学第一学期期末考试 | 2025FirstSemesterFinalExamination,CHHS Seremban | 考卷资料 | 学生资料 | Exam Paper Information | Student'sInformation | 科目Subject | 统考生物UECBIOLOGY | 姓名Name | 试卷Paper | 班级Class | 时间Time | 1HR 30MINS | 学号Adm.No. | ( | 7 | 班级Class | S1A-B | 得分Mark | 考生须知Instructions | 1.此试卷共印有6页。 | 2.此试卷共分两部分：A.选择题(40%)及B.作答题(60%)。 | 3. | 选择题20题全做，选出最佳答案，然后用5B铅笔将OMR卡上相应的字母所在的小圈涂黑。 | 4.作答题5题全做。答案填写在作答卷中。 | 芙 | 中"
Y,samples\校內考試（非UEC）\2025\2025年第一学期期末考\S1\^2025-1-2 S1A-B UEC CHEMISTRY.pdf,2025-1-2 S1A-B UEC CHEMISTRY.pdf,OK,S1,S1A-B,UEC CHEMISTRY,,,class=封面班级栏「S1A-B」；class_streams=理科班；subject=封面科目栏「统考化学UECCHEMISTRY|姓名NAME」,"2025年芙蓉中华中学第一学期期末考试 | 2025 First Semester Final Examination, CHHS Seremban | 考卷资料 | 学生资料 | ExamPaperInformation | Student'sInformation | 科目Subject | 统考化学UECCHEMISTRY | 姓名Name | 试卷Paper | 班级Class | - | 时间Time | 1HR30MINS | 学号Adm.No. | 班级Class | S1A-B | 得分Mark | 考生须知Instructions | 1. The question paper consists of 7 printed pages. | 2. Read the instructions carefully. | 3. This paper consists of three sections: | Section A: Objective Questions (40%) |  - Answer all the questions in OMR card provid"
Y,samples\校內考試（非UEC）\2025\2025年第一学期期末考\S1\^2025-1-2 S1A-B UEC PHYSICS.pdf,2025-1-2 S1A-B UEC PHYSICS.pdf,OK,S1,S1A-B,UEC PHYSICS,,,class=封面班级栏「S1A-B」；class_streams=理科班；subject=封面科目栏「统考物理UECPHYSICS|姓名NAME」,"2025年芙蓉中华中学第一学期期末考试 | 2025First Semester Final Examination,CHHS Seremban | 考卷资料 | 学生资料 | ExamPaperInformation | Student'sInformation | 科目Subject | 统考物理UECPHYSICS | 姓名Name | 试卷Paper | - | 班级Class | 时间Time | 1HR30MINS | 学号Adm.No. | ( | 班级Class | S1A-B | 得分Mark | 考生须知Instructions | 1. The question paper consists of 7 pages. |  2. Answer all questions. | 2Write your answer for Section Ain OMR and Section B in spaces provided in this question paper. | 中"
Y,samples\校內考試（非UEC）\2025\2025年第一学期期末考\S1\^2025-1-2 S1A-C1F BC P1.pdf,"2025-1-2 S1A-B, AC1A, C1A-F BC P1.pdf",OK,S1,"S1A-B, AC1A, C1A-F",BC,P1,,"class=封面班级栏「S1A-B,AC1A,C1A-F」；class_streams=商科班、文商班、理科班；subject=封面科目栏「华文BC|姓名NAME」","2025年芙蓉中华中学第一学期期末考试 | 2025First SemesterFinalExamination,CHHSSeremban | 考卷资料 | 学生资料 | ExamPaperInformation | Student'sInformation | 科目Subject | 华文BC | 姓名Name | 试卷Paper | 1 | 班级Class | 时间Time | 1HR 45MINS | 学号Adm.No. | ( | 班级Class | S1A-B,AC1A,C1A-F | 得分Mark | 考生须知Instructions | 1.本试卷共分两组： | 甲组：应用文(30%)，共1题，必答题，用白话文写作。 | 乙组：作文(70%)，共3题，选答1题，用白话文写作。不可用诗歌或戏剧体裁作答。 | 只可用蓝色或黑色原子笔作答。字迹不得过于潦草。 | 芙 | 3.作文与应用文均作答于单线纸上。"
Y,samples\校內考試（非UEC）\2025\2025年第一学期期末考\S1\^2025-1-2 S1A-C1F BC P2.pdf,"2025-1-2 S1A-B, AC1A, C1A-F BC P2.pdf",OK,S1,"S1A-B, AC1A, C1A-F",BC,P2,,"class=封面班级栏「S1A-B,AC1A,C1A-F」；class_streams=商科班、文商班、理科班；subject=封面科目栏「华文BC|姓名NAME」","2025年芙蓉中华中学第一学期期末考试 | 2025First Semester Final Examination, CHHS Seremban | 考卷资料 | 学生资料 | Exam Paper Information | Student'sInformation | 科目Subject | 华文BC | 姓名Name | 试卷Paper | 2 | 班级Class | 时间Time | 2HR 15MINS | 学号Adm.No. | C | 班级Class | S1A-B, AC1A, C1A-F | 得分Mark | 考生须知Instructions | 1.本试卷共分两组： | 甲组：现代文(70%) | 乙组：古代诗文(30%) | 2.本试卷共有5题，须全部作答。 | 芙 | 3.所有答案须作答于单线纸上。"
Y,samples\校內考試（非UEC）\2025\2025年第一学期期末考\S1\^2025-1-2 S1A-C1F BM P1.pdf,"2025-1-2 S1A-B, AC1A, C1A-F BM P1.pdf",OK,S1,"S1A-B, AC1A, C1A-F",BM,P1,,"class=封面班级栏「S1A-B,AC1A,C1A-F」；class_streams=商科班、文商班、理科班；subject=封面科目栏「BAHASAMALAYSIA|姓名NAME」","2025年芙蓉中华中学第一学期期末考试 | 2025 First Semester Final Examination, CHHS Seremban | 考卷资料 | 学生资料 | ExamPaperInformation | Student's Information | 科目Subject | BAHASAMALAYSIA | 姓名Name | 试卷Paper | 1 | 班级Class | 时间Time | 2HRS | 学号Adm.No. | C | 班级Class | S1A-B,AC1A,C1A-F | 得分Mark | 考生须知Instructions | 1. Kertas soalan ini mengandungi dua bahagian, iaitu Bahagian A dan Bahagian B. | 2. Jawab soalan Bahagian A dan pilih satu soalan daripada Bahagian B. | 3. Jawaban anda perlu dijawab dalam kertas kajang yang di"
Y,samples\校內考試（非UEC）\2025\2025年第一学期期末考\S1\^2025-1-2 S1A-C1F BM P2.pdf,"2025-1-2 S1A-B, AC1A, C1A-F BM P2.pdf",OK,S1,"S1A-B, AC1A, C1A-F",BM,P2,,"class=封面班级栏「S1A-B,AC1A,C1A-F」；class_streams=商科班、文商班、理科班；subject=封面科目栏「BAHASAMALAYSIA|姓名NAME」","2025年芙蓉中华中学第一学期期末考试 | 2025 First Semester Final Examination, CHHS Seremban | 考卷资料 | 学生资料 | ExamPaperInformation | Student's Information | 科目Subject | BAHASA MALAYSIA | 姓名Name | 试卷Paper | 2 | 班级Class | 时间Time | 2HRS30MINS | 学号Adm.No. | ( | 班级Class | S1A-B,AC1A, C1A-F | 得分Mark | 考生须知Instructions | 1. Kertas soalan ini mengandungi tiga bahagian, iaitu Bahagian A, Bahagian B dan Bahagian C. | 2. Calon wajib menjawab semua soalan. | 芙 |  Jawaban anda perlu dijawab dalam kertas kajang yang disediakan."
,samples\校內考試（非UEC）\2025\2025年第一学期期末考\S1\^2025-1-2 S1A-C1F CHINESE LITERATURE P1.pdf,"2025-1-2 S1A-B, AC1A, C1A-F CHINESE LITERATURE.pdf",REVIEW,S1,"S1A-B, AC1A, C1A-F",CHINESE LITERATURE,,有 3 个档案得到同一个新档名,"class=封面班级栏「S1A-B,AC1A,C1A-F」；class_streams=商科班、文商班、理科班；subject=封面科目栏「姓名NAME|CHINESELITERATURE」","2025年芙蓉中华中学第一学期期末考试 | 2025First Semester Final Examination,CHHS Seremban | 考卷资料 | 学生资料 | ExamPaperInformation | Student'sInformation | 华文文学 (选修) | 科目Subject | 姓名 Name | CHINESELITERATURE | 试卷Paper | 班级Class | - | 时间Time | 2HR30MINS | 学号Adm.No. | ( | 1 | 班级Class | S1A-B, AC1A, C1A-F | 得分Mark | 考生须知Instructions | 1.此试卷共有三个部分： | (一) 文选 60% | 芙 | （二)小说20% | （三）戏剧20% | 题 | 文 | 题10"
,samples\校內考試（非UEC）\2025\2025年第一学期期末考\S1\^2025-1-2 S1A-C1F CHINESE LITERATURE P2.pdf,"2025-1-2 S1A-B, AC1A, C1A-F CHINESE LITERATURE.pdf",REVIEW,S1,"S1A-B, AC1A, C1A-F",CHINESE LITERATURE,,有 3 个档案得到同一个新档名,"class=封面班级栏「S1A-B,AC1A,C1A-F」；class_streams=商科班、文商班、理科班；subject=封面科目栏「姓名NAME|CHINESELITERATURE」","2025年芙蓉中华中学第一学期期末考试 | 2025First Semester Final Examination,CHHS Seremban | 考卷资料 | 学生资料 | Exam Paper Information | Student's Information | 华文文学 (选修) | 科目Subject | 姓名Name | CHINESELITERATURE | 试卷Paper | 班级Class | 时间Time | 2HR 30MINS | 学号Adm.No. | ( | 班级Class | S1A-B,AC1A,C1A-F | 得分Mark | 考生须知Instructions | 1.此试卷共有三个部分： | (一)文选 60% | (二)小说20% | 芙 | （三）戏剧20% | 共须回答10题，各题10分"
,samples\校內考試（非UEC）\2025\2025年第一学期期末考\S1\^2025-1-2 S1A-C1F CHINESE LITERATURE.pdf,"2025-1-2 S1A-B, AC1A, C1A-F CHINESE LITERATURE.pdf",REVIEW,S1,"S1A-B, AC1A, C1A-F",CHINESE LITERATURE,,有 3 个档案得到同一个新档名,"class=封面班级栏「S1A-B,AC1A,C1A-F」；class_streams=商科班、文商班、理科班；subject=封面科目栏「姓名NAME|CHINESELITERATURE」","2025年芙蓉中华中学第一学期期末考试 | 2025First SemesterFinal Examination,CHHS Seremban | 考卷资料 | 学生资料 | Exam Paper Information | Student'sInformation | 华文文学 (选修) | 科目Subject | 姓名Name | CHINESELITERATURE | 试卷Paper | 班级Class | - | 时间Time | 2HR30MINS | 学号Adm.No. | C | 班级Class | S1A-B,AC1A,C1A-F | 得分Mark | 考生须知Instructions | 1.此试卷共有三个部分： | (一）文选 60% | （二）小说20% | 芙 | （三）戏剧20% | 2.共须回答10题，各题10分。"
Y,samples\校內考試（非UEC）\2025\2025年第一学期期末考\S1\^2025-1-2 S1A-C1F P. MORAL SPM P1.pdf,"2025-1-2 S1A-B, AC1A, C1A-F SPM P. MORAL P1.pdf",OK,S1,"S1A-B, AC1A, C1A-F",SPM P. MORAL,P1,,"class=封面班级栏「S1A-B,AC1A,C1A-F」；class_streams=商科班、文商班、理科班；subject=封面科目栏「PENDIDIKANMORALSPM|姓名NAME」","2025年芙蓉中华中学第一学期期末考试 | 2025 First Semester Final Examination, CHHS Seremban | 考卷资料 | 学生资料 | ExamPaperInformation | Student'sInformation | 科目Subject | PENDIDIKANMORALSPM | 姓名Name | 试卷Paper | 1 | 班级Class | 时间Time | 2HR30MINS | 学号Adm.No. | ( | 班级Class | S1A-B,AC1A,C1A-F | 得分Mark | 考生须知Instructions | 1. Kertas soalan ini mengandungi tiga bahagian: | Bahagian A: 5 soalan - (50 markah) | 芙 | Bahagian B: 2 soalan - (10 markah) | Bahagian C: 2 soalan - (40markah)"
Y,samples\校內考試（非UEC）\2025\2025年第一学期期末考\S1\^2025-1-2 S1A-C1F SPM P. SENI.pdf,"2025-1-2 S1A-B, AC1A, C1A-F SPM P. SENI.pdf",OK,S1,"S1A-B, AC1A, C1A-F",SPM P. SENI,,,"class=封面班级栏「S1A-B,AC1A,C1A-F」；class_streams=商科班、文商班、理科班；subject=封面科目栏「政考美术SPMP.SENI(选修)|姓名NAME」","2025年芙蓉中华中学第一学期期末考试 | 2025First Semester Final Examination, CHHS Seremban | 考卷资料 | 学生资料 | Exam Paper Information | Student'sInformation | 科目Subject | 政考美术 SPMP.SENI(选修) | 姓名Name | 试卷Paper | - | 班级Class | 时间Time | 2HRS30MINS | 学号Adm.No. | ( | 0 | 班级Class | S1A-B,AC1A,C1A-F | 得分Mark | 考生须知Instructions | 1．作画媒材必须以不透明水彩广告颜料和透明水彩颜料为主。 | 2. | 不可携带任何书刊、报纸或图片进入考场，考生不可与考场内任何同学共用一切用具。 | 3. | 考试进行中考生不得外出更换洗刷画笔所需的水。 | 4. | 如有启用第二张画纸，请在背面注明“备用纸”。 | 芙 | 5. | 请将考卷与作废的画纸一同回收，视为废纸处理。 | 6．请在画纸背面注明姓名、学号、班级与所选择的题目编"
Y,samples\校內考試（非UEC）\2025\2025年第一学期期末考\S1\^2025-1-2 S1A-C1F SPM SEJARAH .pdf,"2025-1-2 S1A-B, AC1A, C1A-F SPM SEJARAH P1.pdf",OK,S1,"S1A-B, AC1A, C1A-F",SPM SEJARAH,P1,,"class=封面班级栏「S1A-B,AC1A,C1A-F」；class_streams=商科班、文商班、理科班；subject=封面科目栏「SPMSEJARAH|姓名NAME」","2025年芙蓉中华中学第一学期期末考试 | 2025First SemesterFinal Examination,CHHS Seremban | 考卷资料 | 学生资料 | ExamPaperInformation | Student's Information | 科目Subject | SPM SEJARAH | 姓名Name | 试卷Paper | 1 | 班级Class | 时间Time | 2HRS | 学号Adm.No. | 班级Class | S1A-B,AC1A,C1A-F | 得分Mark | 考生须知Instructions | 1. Kertas soalan ini mengandungi 3 bahagian iaitu Bahagian A, B dan C. | 2. Calon mesti menjawab semua soalan dalam Bahagian A dan Bahagian B, dan jawab dua soalan sahaja | di Bahagian C. | 芙 | 3.Semua jawapan untukBahagi"
Y,samples\校內考試（非UEC）\2025\2025年第一学期期末考\S1\^2025-1-2 S1A-U1A BI P1.pdf,"2025-1-2 S1A-B, AC1A, C1A-F, U1A BI P1.pdf",OK,S1,"S1A-B, AC1A, C1A-F, U1A",BI,P1,,"class=封面班级栏「S1A-B,AC1A,C1A-F,U1A」；class_streams=商科班、文商班、理科班、统考班（不考SPM）；subject=封面科目栏「ENGLISHLANGUAGE|姓名NAME」","2025年芙蓉中华中学第一学期期末考试 | 2025 First Semester Final Examination, CHHS Seremban | 考卷资料 | 学生资料 | ExamPaperInformation | Student'sInformation | 科目Subject | ENGLISH LANGUAGE | 姓名Name | 试卷Paper | 1 | 班级Class | 时间Time | 1HR30MINS | 学号Adm.No. | 班级Class | S1A-B,AC1A,C1A-F,U1A | 得分Mark | 考生须知Instructions | 1. This subject comprises two papers: | Paper 1: Writing | (50%) | Paper 2: Reading and Language Use (50%) | 芙 | 2.Complete Paper 1 within 1 hour 30 minutes allocated."
Y,samples\校內考試（非UEC）\2025\2025年第一学期期末考\S1\^2025-1-2 S1A-U1A BI P2.pdf,"2025-1-2 S1A-B, AC1A, C1A-F, U1A BI P2.pdf",OK,S1,"S1A-B, AC1A, C1A-F, U1A",BI,P2,,"class=封面班级栏「S1A-B,AC1A,C1A-F,U1A」；class_streams=商科班、文商班、理科班、统考班（不考SPM）；subject=封面科目栏「ENGLISHLANGUAGE|姓名NAME」","2025年芙蓉中华中学第一学期期末考试· | 2025First Semester Final Examination, CHHS Seremban | 考卷资料 | 学生资料 | ExamPaperInformation | Student'sInformation | 科目Subject | ENGLISH LANGUAGE | 姓名Name | 试卷Paper | 2 | 班级Class | 时间Time | 1HR30MINS | 学号Adm.No. | 班级Class | S1A-B,AC1A,C1A-F,U1A | 得分Mark | 考生须知Instructions | 1.This subject comprises two papers: | Paper 1: Writing | (50%) | Paper 2: Reading and Language Use | (50%) | 2.Paper 2 consists of two sections: | 芙 | Section A: Reading | (30%) | There are three parts in"
Y,samples\校內考試（非UEC）\2025\2025年第一学期期末考\S1\^2025-1-2 S1B P ISLAM SPM P1.pdf,2025-1-2 S1B SPM P. ISLAM P1.pdf,OK,S1,S1B,SPM P. ISLAM,P1,,class=封面班级栏「S1B」；class_streams=理科班；subject=封面科目栏「PENDIDIKANISLAMSPM|姓名NAME」,"2025年芙蓉中华中学第一学期期末考试 | 2025First Semester Final Examination, CHHS Seremban | 考卷资料 | 学生资料 | ExamPaperInformation | Student's Information | 科目Subject | PENDIDIKANISLAMSPM | 姓名Name | 试卷Paper | 1 | 班级Class | 时间Time | 2HR30MINS | 学号Adm.No. | ( | ) | 班级Class | S1B | 得分Mark | 考生须知Instructions | 1. Kertas ini mengandungi 5 soalan iaitu soalan bahagian Al Quran & Hadis, Akidah, Feqah dan Sirah dan | Tamadum Islam&Akhlak Islamiyyah. | . Tulis jawapan dalam kertas garis satu yang dibekalkan oleh pengawas pe"
Y,samples\校內考試（非UEC）\2025\2025年第一学期期末考\S1\^2025-1-2 U1A ART.pdf,2025-1-2 U1A ART P1.pdf,OK,S1,U1A,ART,P1,,class=封面班级栏「U1A」；class_streams=统考班（不考SPM）；subject=封面科目栏「美术ART|姓名NAME」,"2025年芙蓉中华中学第一学期期末考试 | 2025First SemesterFinal Examination,CHHSSeremban | 考卷资料 | 学生资料 | ExamPaperInformation | Student'sInformation | 科目Subject | 美术ART | 姓名Name | 试卷Paper | 1 | 班级Class | 时间Time | 2HR30MINS | 学号Adm.No. | ( | ） | 班级Class | U1A | 得分Mark | 考生须知Instructions | 1.作画媒材必须以不透明水彩广告颜料和透明水彩颜料为主。 | 2.不可携带任何书刊、报纸或图片进入考场，考生不可与考场内任何同学共用一切用具。 | 3.考试进行中考生不得外出更换洗刷画笔所需的水。 | 芙 | 4.如有启用第二张画纸，请在背面注明“备用纸”。 | 5.请将考卷与作废的画纸一同回收，视为废纸处理。"
Y,samples\校內考試（非UEC）\2025\2025年第一学期期末考\S1\^2025-1-2 U1A BC P1.pdf,2025-1-2 U1A BC P1.pdf,OK,S1,U1A,BC,P1,,class=封面班级栏「U1A」；class_streams=统考班（不考SPM）；subject=封面科目栏「华文BC|姓名NAME」,"2025年芙蓉中华中学第一学期期末考试 | 2025First SemesterFinal Examination, CHHS Seremban | 考卷资料 | 学生资料 | ExamPaperInformation | Student's Information | 科目Subject | 华文BC | 姓名Name | 试卷Paper | 1 | 班级Class | 时间Time | 1HR 45MINS | 学号Adm.No. | ( | 班级Class | U1A | 得分Mark | 考生须知Instructions | 1.本科试卷共分两份： | 试卷一：写作 (40%) | 试卷二：语文测验 (60%) | 2.试卷一共分两组： | 甲组：作文共5题，选答1题。用白话文写作。不可用诗歌或戏剧体裁作答。文长至少500字。 | 须作答于作文稿纸上。 | 用文 | 共2题 | 造签1题 | 出 | E作 | 按新式 | 用文 | 于单线纸"
Y,samples\校內考試（非UEC）\2025\2025年第一学期期末考\S1\^2025-1-2 U1A BC P2.pdf,2025-1-2 U1A BC P2.pdf,OK,S1,U1A,BC,P2,,class=封面班级栏「U1A」；class_streams=统考班（不考SPM）；subject=封面科目栏「华文BC|姓名NAME」,"2025年芙蓉中华中学第一学期期末考试 | 2025First SemesterFinalExamination,CHHSSeremban | 考卷资料 | 学生资料 | Exam Paper Information | Student's Information | 科目Subject | 华文BC | 姓名Name | 试卷Paper | 2 | 班级Class | 时间Time | 1HR 45MINS | 学号Adm.No. | ( | 班级Class | U1A | 得分Mark | 考生须知Instructions | 1.本科试卷共分两份： | 试卷一：写作(40%) | 试卷二：语文测验 (60%) | 2.试卷二题目共分三组： | 甲组：语文基础知识与文学文化常识 | 乙组：现代文阅读 | 芙 | 丙组：古诗文阅读 | 3.甲、乙、丙组的答案，须作答于特备作答纸的特备空格内。答题的编号必须与题目编号相符。"
Y,samples\校內考試（非UEC）\2025\2025年第一学期期末考\S1\^2025-1-2 U1A BM P1.pdf,2025-1-2 U1A BM P1.pdf,OK,S1,U1A,BM,P1,,class=封面班级栏「U1A」；class_streams=统考班（不考SPM）；subject=封面科目栏「BAHASAMALAYSIA|姓名NAME」,"2025年芙蓉中华中学第一学期期末考试 | 2025 First Semester Final Examination, CHHS Seremban | 考卷资料 | 学生资料 | ExamPaperInformation | Student'sInformation | 科目Subject | BAHASAMALAYSIA | 姓名Name | 试卷Paper | 1 | 班级Class | 时间Time | 1HR50MINS | 学号Adm.No. | ( | ） | 班级Class | U1A | 得分Mark | 考生须知Instructions | 1. Kertas soalan ini terdiri daripada dua bahagian, iaitu Bahagian A dan Bahagian B. | 2. Calon diwajibkan menjawab SEMUA bahagian. | 3. Jawaban anda perlu dijawab dalam kertas kajang yang disediakan. | 芙 |  en e us "
Y,samples\校內考試（非UEC）\2025\2025年第一学期期末考\S1\^2025-1-2 U1A BM P2.pdf,2025-1-2 U1A BM P2.pdf,OK,S1,U1A,BM,P2,,class=封面班级栏「U1A」；class_streams=统考班（不考SPM）；subject=封面科目栏「BAHASAMALAYSIA|姓名NAME」,"2025年芙蓉中华中学第一学期期末考试 | 2025First Semester Final Examination,CHHS Seremban | 考卷资料 | 学生资料 | ExamPaperInformation | Student's Information | 科目Subject | BAHASAMALAYSIA | 姓名Name | 试卷Paper | 2 | 班级Class | 时间Time | 1HR50MINS | 学号Adm.No. | ( | C | 班级Class | U1A | 得分Mark | 考生须知Instructions | 1. Kertas soalan ini terdiri daripada tiga bahagian, iaitu Bahagian A, Bahagian B, dan Bahagian C. | 2. Calon diwajibkanmenjawab SEMUA bahagian. | 3 Jawaban anda perlu dijawab dalam kertas kajang yang disediakan. | 芙 "
Y,samples\校內考試（非UEC）\2025\2025年第一学期期末考\S1\^2025-1-2 U1A MUSIC.pdf,2025-1-2 U1A MUSIC.pdf,OK,S1,U1A,MUSIC,,,class=封面班级栏「U1A」；class_streams=统考班（不考SPM）；subject=封面科目栏「音乐MUSIC|姓名NAME」,"2025年芙蓉中华中学第一学期期末考试 | 2025First SemesterFinal Examination, CHHS Seremban | 考卷资料 | 学生资料 | ExamPaperInformation | Student's Information | 科目Subject | 音乐MUSIC | 姓名Name | 试卷Paper | - | 班级Class | 时间Time | 30MINS | 学号Adm.No. | ( | 班级Class | U1A | 得分Mark | 考生须知Instructions | 1.本试卷有A项选择题和B项基本乐理，总共100%。 | 2.请使用2B铅笔回答所有的问题。 | 3.此考卷共印有3页。 | 1. This paper consists of 2 sections. Section A contains objective questions and section B is basic music | theory, making up a total of 100%."
Y,"samples\校內考試（非UEC）\2025\2025年第一学期期末考\S2\^2025-1-2 AC2A, C2A-E SPM ADDITIONAL MATSHS.pdf","2025-1-2 AC2A, C2A-E SPM ADD MATHS.pdf",OK,S2,"AC2A, C2A-E",SPM ADD MATHS,,,"class=封面班级栏「AC2A,C2A-E」；class_streams=商科班、文商班；subject=封面科目栏「姓名NAME|SPMADDITIONALMATHS.」","2025年芙蓉中华中学第一学期期末考试 | 2025 First Semester Final Examination, CHHS Seremban | 考卷资料 | 学生资料 | ExamPaperInformation | Student'sInformation | 政考附数 | 科目Subject | 姓名 Name | SPMADDITIONALMATHS. | 试卷Paper | 班级Class | 时间Time | 2HRS | 学号Adm.No. | ( | ） | 班级Class | AC2A,C2A-E | 得分Mark | 考生须知Instructions | 1. This paper consists of 17 questions on 4 printed pages. | 2.Answer all questions. | 芙 | 3. The formulae are printed at the 2nd | page."
,"samples\校內考試（非UEC）\2025\2025年第一学期期末考\S2\^2025-1-2 AC2A, C2A-E SPM SCIENCE.pdf","2025-1-2 AC2A, C2A-E SPM SCIENCE.pdf",REVIEW,S2,"AC2A, C2A-E",SPM SCIENCE,,试卷栏「=」看不出是第几卷,"class=封面班级栏「AC2A,C2A-E」；class_streams=商科班、文商班；subject=封面科目栏「政考科学SPMSCIENCE|姓名NAME」","2025年芙蓉中华中学第一学期期末考试 | 2025First SemesterFinal Examination,CHHSSeremban | 考卷资料 | 学生资料 | Exam Paper Information | Student's Information | 科目Subject | 政考科学SPMSCIENCE | 姓名Name | 试卷Paper | 班级Class | = | 时间Time | 1HR 30MINS | 学号Adm.No. | C | 班级Class | AC2A,C2A-E | 得分Mark | 考生须知Instructions | 1. This paper consists of 10 pages. | 2. Answer ALL the questions in Section A, Section B and Section C. | 3. Section A: Objective questions [30 marks]: Blacken your answers in OMR with 2B pencil. | 4. Section B: "
Y,"samples\校內考試（非UEC）\2025\2025年第一学期期末考\S2\^2025-1-2 AC2A, C2A-E, U2A BUSINESS .pdf","2025-1-2 AC2A, C2A-E, U2A UEC BUSINESS.pdf",OK,S2,"AC2A, C2A-E, U2A",UEC BUSINESS,,,"class=封面班级栏「AC2A,C2A-C2E,U2A」；class_streams=商科班、文商班、统考班（不考SPM）；subject=封面科目栏「商业学UECBUSINESS|姓名NAME」","2025年芙蓉中华中学第一学期期末考试 | 2025FirstSemesterFinalExamnation,CHHSSeremban | 考卷资料 | 学生资料 | ExamPaperInformation | Student'sInformation | 科目Subject | 商业学UEC BUSINESS | 姓名Name | 试卷Paper | - | 班级Class | 时间Time | 2HRS | 学号Adm.No. | 班级Class | AC2A, C2A-C2E, U2A | 得分Mark | 考生须知Instructions | 1.此试卷共分两部分：部分一：选择题(30%)， | 部分二：作答题(70%)。 | 2.部分一：选择题，30题全做，每题1分。 | 3.部分二：作答题分二组：甲组-必答题(55%,4题全做)。 | 乙组-个案题一题（15%，1题全答）。 | 4.每题必须用新的一面（前后）作各，请勿与前一题接同一页作答美 | 5.只可用蓝色或黑色的钢珠笔或圆珠笔书写。 | 品 | 小须书写清楚"
Y,"samples\校內考試（非UEC）\2025\2025年第一学期期末考\S2\^2025-1-2 AC2A, C2A-E, U2A UEC ACCOUNTING .pdf","2025-1-2 AC2A, C2A-F, U2A UEC BOOKKEEPING.pdf",OK,S2,"AC2A, C2A-F, U2A",UEC BOOKKEEPING,,,"class=封面班级栏「AC2A,C2A-F,U2A」；class_streams=商科班、文商班、统考班（不考SPM）；subject=封面科目栏「统考会计UECACCOUNTING|姓名NAME」","2025年芙蓉中华中学第一学期期末考试 | 2025FirstSemesterFinalExamination,CHHSSeremban | 考卷资料 | 学生资料 | ExamPaperInformation | Student's Information | 科目Subject | 统考会计UECACCOUNTING | 姓名Name | 试卷Paper | 班级Class | - | 时间Time | 2HRS | 学号Adm.No. | C | > | 班级Class | AC2A,C2A-F,U2A | 得分Mark | 考生须知Instructions | 1. Compulsory answer all the questions: | -Section A: Multiple-choice questions (10%) | - Section B: Subjective questions (90%) | 2. Please answer all the questions in the single-lined paper. | 芙 | 客 | 3.Workings"
,"samples\校內考試（非UEC）\2025\2025年第一学期期末考\S2\^2025-1-2 AC2A, C2A-E, U2A UEC ECONOMICS.pdf","2025-1-2 AC2A, C2A-E, U2A UEC ECONOMICS.pdf",REVIEW,S2,"AC2A, C2A-E, U2A",UEC ECONOMICS,,"试卷栏「""」看不出是第几卷","class=封面班级栏「AC2A,C2A-E,U2A」；class_streams=商科班、文商班、统考班（不考SPM）；subject=封面科目栏「姓名NAME|UECECONOMICS」","2025年芙蓉中华中学第一学期期末考试 | 2025First Semester Final Examination, CHHS Seremban | 考卷资料 | 学生资料 | ExamPaperInformation | Student'sInformation | 统考经济学 | 科目Subject | 姓名Name | UECECONOMICS | 试卷Paper | 班级Class | "" | 时间Time | 2HRS | 学号Adm.No. | ( | ） | 班级Class | AC2A, C2A-E, U2A | 得分Mark | 考生须知Instructions | 1.此考卷共分两部分：部分一:选择题(40%), | 部分二：作答题(60%)。 | 2.部分一：选择题20题全做，每题2%。答案填写在OMR卡。 | 3.部分二：作答题4题，每题15%（4题全做）。 | 4.每题必须用新的一面（前后)纸作答，不要和前一题接在同一面作答。 | 5.只可用蓝色或黑色的钢珠笔或圆珠笔书写，惟可用铅笔画图。"
Y,"samples\校內考試（非UEC）\2025\2025年第一学期期末考\S2\^2025-1-2 AC2A, C2A-E,U2A UEC ADV MATHEMATICS.pdf","2025-1-2 AC2A, C2A-E, U2A UEC ADV MATHS.pdf",OK,S2,"AC2A, C2A-E, U2A",UEC ADV MATHS,,,"class=封面班级栏「AC2A,C2A-E,U2A」；class_streams=商科班、文商班、统考班（不考SPM）；subject=封面科目栏「姓名NAME|UECADVANCEDMATHEMATICS」","2025年芙蓉中华中学第一学期期末考试 | 2025First SemesterFinal Examination,CHHS Seremban | 考卷资料 | 学生资料 | Exam Paper Information | Student'sInformation | 统考高级数学 | 科目 Subject | 姓名Name | UEC Advanced Mathematics | 试卷Paper | - | 班级Class | 时间Time | 2HRS | 学号Adm.No. | ( | 班级Class | AC2A, C2A-E, U2A | 得分Mark | 考生须知Instructions | 1.此试卷共分两部分： | PartA.选择题(20%)。每题2分，10题全做。把答案填写在第2页的空格中。 | PartB.作答题（80%)。10题全做。 | 2.此试卷共有4页。 | 芙 | 容 | 3.数学公式表在第2页。 | 4.考生可使用CASIOfx-570MS，CASIOfx-570MS-2，CASIOfx-350MS，CASIOfx-350MS-2，"
Y,"samples\校內考試（非UEC）\2025\2025年第一学期期末考\S2\^2025-1-2 AC2A,U2A UGEO.pdf","2025-1-2 AC2A, U2A UEC GEO.pdf",OK,S2,"AC2A, U2A",UEC GEO,,,"class=封面班级栏「AC2A,U2A」；class_streams=文商班、统考班（不考SPM）；subject=封面科目栏「统考地理UGEO|姓名NAME」","2025年芙蓉中华中学第一学期期末考试 | 2025 First Semester Final Examination, CHHS Seremban | 考卷资料 | 学生资料 | Exam Paper Information | Student'sInformation | 科目Subject | 统考地理UGEO | 姓名Name | 试卷Paper | 班级Class | 时间Time | 2HRS | 学号Adm.No. | ( | ） | 班级Class | AC2A,U2A | 得分Mark | 考生须知Instructions | 1.此试卷共分为二部分： | 甲：选择题 | (40%) | 乙：问答题 | (60%) | 2.选择题答案须填写在OMR卡上。 | 3.问答题必须全答，须作答在单线纸。 | 芙 | 4.此试卷共印6面。 | 蓉 | This | consistsof2sections: | 10 | anet"
Y,"samples\校內考試（非UEC）\2025\2025年第一学期期末考\S2\^2025-1-2 AC2A,U2A UHIS .pdf","2025-1-2 AC2A, U2A UEC HISTORY P1.pdf",OK,S2,"AC2A, U2A",UEC HISTORY,P1,,"class=封面班级栏「AC2A,U2A」；class_streams=文商班、统考班（不考SPM）；subject=封面科目栏「统考历史UHIS|姓名NAME」","2025年芙蓉中华中学第一学期期末考试 | 2025FirstSemesterFinal Examination,CHHS Seremban | 考卷资料 | 学生资料 | Exam Paper Information | Student'sInformation | 科目Subject | 统考历史UHIS | 姓名Name | 试卷Paper | 1 | 班级Class | 时间Time | 2HRS | 学号Adm.No. | ( | 1 | 班级Class | AC2A,U2A | 得分Mark | 考生须知Instructions | 1．本试卷共分成五个部分：A项选择题(30%)，B项填空题(10%)，C项配对题(5%)，D项看图作答 | (10%)，及E项问答题(45%)。 | 2.A项选择题30题全做。选出正确或最佳的答案，用5B铅笔将OMR卡上相应的小方格涂黑。 | 5.B项至E项，须全作答在单线纸上。 | + | 明名 | 求高 | 1"
Y,samples\校內考試（非UEC）\2025\2025年第一学期期末考\S2\^2025-1-2 S2A-B SPM ADDITION MATHS.pdf,2025-1-2 S2A-B SPM ADD MATHS.pdf,OK,S2,S2A-B,SPM ADD MATHS,,,class=封面班级栏「S2A-B」；class_streams=理科班；subject=封面科目栏「姓名NAME|SPMADDITIONALMATHS.」,"2025年芙蓉中华中学第一学期期末考试 | 2025First Semester Final Examination,CHHS Seremban | 考卷资料 | 学生资料 | ExamPaper Information | Student'sInformation | 政考附数 | 科目Subject | 姓名Name | SPMADDITIONALMATHS. | 试卷Paper | 班级Class | 时间Time | 2HRS | 学号Adm.No. | ( | 班级Class | S2A-B | 得分Mark | 考生须知Instructions | 1. | This paper consists of 15 questions on 4 printed pages. | 2. | Answer all questions. | 3. | The formulae are printed at the 2nd | page. | 4. | Show your working. It may help you to get marks. | 芙 | 5. | The diag"
Y,samples\校內考試（非UEC）\2025\2025年第一学期期末考\S2\^2025-1-2 S2A-B SPM BIOLOGY.pdf,2025-1-2 S2A-B SPM BIOLOGY P1.pdf,OK,S2,S2A-B,SPM BIOLOGY,P1,,class=封面班级栏「S2A-B」；class_streams=理科班；subject=封面科目栏「政考生物SPMBIOLOGY|姓名NAME」,"2025年芙蓉中华中学第一学期期末考试 | 2025FirstSemesterFinal Examination,CHHS Seremban | 考卷资料 | 学生资料 | ExamPaperInformation | Student'sInformation | 科目Subject | 政考生物SPMBIOLOGY | 姓名Name | 试卷Paper | 班级Class | 1 | 时间Time | 2HRS | 学号Adm.No. | ( | 班级Class | S2A-B | 得分Mark | 考生须知Instructions | 1. This question paper consists of 10 pages. | 2. There are three sections in this paper. | 3. Section A: Objective questions. For each question, select the best answer from the options A, B, | C and D. Answer the questions in "
Y,samples\校內考試（非UEC）\2025\2025年第一学期期末考\S2\^2025-1-2 S2A-B SPM CHEMISTRY.pdf,2025-1-2 S2A-B SPM CHEMISTRY P1.pdf,OK,S2,S2A-B,SPM CHEMISTRY,P1,,class=封面班级栏「S2A-B」；class_streams=理科班；subject=封面科目栏「政考化学SPMCHEMISTRY|姓名NAME」,"2025年芙蓉中华中学第一学期期末考试 | 2025FirstSemesterFinal Examination,CHHSSeremban | 考卷资料 | 学生资料 | Exam Paper Information | Student'sInformation | 科目Subject | 政考化学SPMCHEMISTRY | 姓名Name | 试卷Paper | 1 | 班级Class | 时间Time | 2 HRS | 学号Adm.No. | ( | ) | 班级Class | S2A-B | 得分Mark | 考生须知Instructions | 1. This question paper consists of 10 pages. | 2. Section A consists of 30 objectives .For each question, select the best answer from the options A,B,C, | D.Answer the questions in OMR card provided. | 3. Section B : St"
Y,samples\校內考試（非UEC）\2025\2025年第一学期期末考\S2\^2025-1-2 S2A-B SPM PHYSICS.pdf,2025-1-2 S2A-B SPM PHYSICS.pdf,OK,S2,S2A-B,SPM PHYSICS,,,class=封面班级栏「S2A-B」；class_streams=理科班；subject=封面科目栏「政考物理SPMPHYSICS|姓名NAME」,"2025年芙蓉中华中学第一学期期末考试 | 2025First SemesterFinal Examination,CHHS Seremban | 考卷资料 | 学生资料 | ExamPaperInformation | Student's Information | 科目Subject | 政考物理SPMPHYSICS | 姓名Name | 试卷Paper | 班级Class | 时间Time | 2HRS | 学号Adm.No. | ( | ) | 班级Class | S2A-B | 得分Mark | 考生须知Instructions | 1. This question paper consists of 15 pages. | 2. Answer all questions. | 2Write your answer for Section A in OMR, Section B in spaces provided in this question paper and Section C | Ini single line paper. | 中"
,samples\校內考試（非UEC）\2025\2025年第一学期期末考\S2\^2025-1-2 S2A-B UEC ADV MATHEMATICS Ⅱ.pdf,2025-1-2 S2A-B UEC ADV MATHS Ⅱ.pdf,REVIEW,S2,S2A-B,UEC ADV MATHS Ⅱ,,试卷栏「=」看不出是第几卷,class=封面班级栏「S2A-B」；class_streams=理科班；subject=封面科目栏「姓名NAME|UECADVANCEDMATHEMATICSII」,"2025年芙蓉中华中学第一学期期末考试 | 2025 First Semester Final Examination, CHHS Seremban | 考卷资料 | 学生资料 | Exam Paper Information | Student'sInformation | 统考高级数学ⅡI | 科目Subject | 姓名 Name | UECAdvanced Mathematics II | 试卷Paper | 班级Class | = | 时间Time | 2HRS | 学号Adm.No. | ( | 班级Class | S2A-B | 得分Mark | 考生须知Instructions | 1.此试卷共分两部分： | PartA:选择题（12%)。每题2分，6题全做。把答案填写在第2页的空格中。 | PartB:作答题（88%)。13题全做。 | 2.此试卷共有4页。 | 芙 | ~.数学公式印在第2页。 | 4.考生可使用CASIOfx-570MS，CASIOfx-570MS-2，CASIOfx-350MS， | CASIO fx-350MS-2,"
,samples\校內考試（非UEC）\2025\2025年第一学期期末考\S2\^2025-1-2 S2A-B UEC BOLOGY.pdf,2025-1-2 S2A-B UEC BIOLOGY.pdf,REVIEW,S2,S2A-B,UEC BIOLOGY,,"试卷栏「""」看不出是第几卷",class=封面班级栏「S2A-B」；class_streams=理科班；subject=封面科目栏「统考生物UECBIOLOGY|姓名NAME」,"2025年芙蓉中华中学第一学期期末考试 | 2025 First Semester Final Examination, CHHS Seremban | 考卷资料 | 学生资料 | ExamPaperInformation | Student'sInformation | 科目Subject | 统考生物UECBIOLOGY | 姓名Name | 试卷Paper | 班级Class | "" | 时间Time | 1HR30MINS | 学号Adm.No. | ( | ） | 班级Class | S2A-B | 得分Mark | 考生须知Instructions | 1.本试卷共印有五页。 | 2.试题共分为两组，甲组选择题二十题，共40%。乙组问答题六题，共60%。必须全部作答。 | .甲组选择题从A,B,C和D四个答案选项中选出最适合的答案，并在OMR卡上涂黑相应的字母。 | 4.乙组作答题作答于所提供的单线纸内。必须清楚标记题号。"
Y,samples\校內考試（非UEC）\2025\2025年第一学期期末考\S2\^2025-1-2 S2A-B UEC CHEMISTRY.pdf,2025-1-2 S2A-B UEC CHEMISTRY.pdf,OK,S2,S2A-B,UEC CHEMISTRY,,,class=封面班级栏「S2A-B」；class_streams=理科班；subject=封面科目栏「统考化学UECCHEMISTRY|姓名NAME」,"2025年芙蓉中华中学第一学期期末考试 | 2025 First Semester Final Examination,CHHS Seremban | 考卷资料 | 学生资料 | Exam Paper Information | Student'sInformation | 科目Subject | 统考化学UECCHEMISTRY | 姓名Name | 试卷Paper | 班级Class | 时间Time | 1HR30MINS | 学号Adm.No. | ( | ） | 班级Class | S2A-B | 得分Mark | 考生须知Instructions | 1. This question paper consists of 7 pages. | 2. Section A consists of 20 objectives . For each question, select the best answer from the options A,B,C | and D.Answer the questions in OMR card provided. | Sd sd rs n"
,samples\校內考試（非UEC）\2025\2025年第一学期期末考\S2\^2025-1-2 S2A-B UEC PHYSICS.pdf,2025-1-2 S2A-B UEC PHYSICS.pdf,REVIEW,S2,S2A-B,UEC PHYSICS,,"试卷栏「""」看不出是第几卷",class=封面班级栏「S2A-B」；class_streams=理科班；subject=封面科目栏「统考物理UECPHYSICS|姓名NAME」,"2025年芙蓉中华中学第一学期期末考试 | 2025First Semester Final Examination,CHHS Seremban | 考卷资料 | 学生资料 | Exam Paper Information | Student's Information | 科目Subject | 统考物理UECPHYSICS | 姓名Name | 试卷Paper | 班级Class | "" | 时间Time | 1HR 30MINS | 学号Adm.No. | ( | 班级Class | S2A-B | 得分Mark | 考生须知Instructions | 1. The question paper consists of 10 pages. | 2.Answer all questions inSectionA and Section B. | Write your answer for Section A in OMR, Section B in spaces provided in this question paper. | 中"
Y,"samples\校內考試（非UEC）\2025\2025年第一学期期末考\S2\^2025-1-2 S2A-B, AC2A, C2A-E BC1.pdf","2025-1-2 S2A-B, AC2A, C2A-E BC P1.pdf",OK,S2,"S2A-B, AC2A, C2A-E",BC,P1,,"class=封面班级栏「S2A-B,AC2A,C2A-E」；class_streams=商科班、文商班、理科班；subject=封面科目栏「华文BC|姓名NAME」","2025年芙蓉中华中学第一学期期末考试 | 2025 First SemesterFinal Examination,CHHS Seremban | 考卷资料 | 学生资料 | ExamPaper Information | Student's Information | 科目Subject | 华文BC | 姓名Name | 试卷Paper | 1 | 班级Class | 时间Time | 1HR 45MINS | 学号Adm.No. | ( | ) | 班级Class | S2A-B,AC2A,C2A-E | 得分Mark | 考生须知Instructions | 1.本试卷共分两组： | 甲组：应用文(30%)，共1题，必答题，用白话文写作。 | 乙组：作文(70%)，共3题，选答1题，用白话文写作。不可用诗歌或戏剧体裁作答。 | 只可用蓝色或黑色原子笔作答。字迹不得过于潦草。 | 芙 | 3.作文与应用文均作答于单线纸上。 | 顾九明 | 题品 | 作时"
Y,"samples\校內考試（非UEC）\2025\2025年第一学期期末考\S2\^2025-1-2 S2A-B, AC2A, C2A-E BC2.pdf","2025-1-2 S2A-B, AC2A, C2A-E BC P2.pdf",OK,S2,"S2A-B, AC2A, C2A-E",BC,P2,,"class=封面班级栏「S2A-B,AC2A,C2A-E」；class_streams=商科班、文商班、理科班；subject=封面科目栏「华文BC|姓名NAME」","2025年芙蓉中华中学第一学期期末考试 | 2025 First Semester Final Examination, CHHS Seremban | 考卷资料 | 学生资料 | Exam Paper Information | Student'sInformation | 科目Subject | 华文BC | 姓名Name | 试卷 Paper | 2 | 班级Class | 时间Time | 2HR 15MINS | 学号Adm.No. | ( | ） | 班级Class | S2A-B,AC2A,C2A-E | 得分Mark | 考生须知Instructions | 1.本试卷共分两组： | 甲组：现代文(70%) | 乙组：古代诗文(30%) | 1.本试卷共有5题，须全部作答。 | 芙 | 3.所有答案须作答于单线纸上。"
Y,"samples\校內考試（非UEC）\2025\2025年第一学期期末考\S2\^2025-1-2 S2A-B, AC2A, C2A-E BI SPM MATHEMATICS.pdf","2025-1-2 S2A-B, AC2A, C2A-E SPM MATH.pdf",OK,S2,"S2A-B, AC2A, C2A-E",SPM MATH,,,"class=封面班级栏「S2A-B,AC2A,C2A-E」；class_streams=商科班、文商班、理科班；subject=封面科目栏「姓名NAME|SPMMATHEMATICS」","2025年芙蓉中华中学第一学期期末考试 | 2025First SemesterFinalExamination,CHHS Seremban | 考卷资料 | 学生资料 | ExamPaper Information | Student's Information | 政考数学 | 科目Subject | 姓名Name | SPMMATHEMATICS | 试卷Paper | - | 班级Class | 时间Time | 2HRS | 学号Adm.No. | ( | ） | 班级Class | S2A-B,AC2A,C2A-E | 得分Mark | 考生须知Instructions | 1. This paper consists of two sections: | Section A: Multiple choices questions (40%). 2% for each question, and answer all 20 questions. | Section B: Subjective questions (60%). Answer all 8 questions. "
Y,"samples\校內考試（非UEC）\2025\2025年第一学期期末考\S2\^2025-1-2 S2A-B, AC2A, C2A-E BI1.pdf","2025-1-2 S2A-B, AC2A, C2A-E, U2A BI P1.pdf",OK,S2,"S2A-B, AC2A, C2A-E, U2A",BI,P1,,"class=封面班级栏「S2A-B,AC2A,C2A-E,U2A」；class_streams=商科班、文商班、理科班、统考班（不考SPM）；subject=封面科目栏「ENGLISHLANGUAGE|姓名NAME」","2025年芙蓉中华中学第一学期期末考试 | 2025First SemesterFinal Examination,CHHS Seremban | 考卷资料 | 学生资料 | Exam Paper Information | Student'sInformation | 科目Subject | ENGLISH LANGUAGE | 姓名Name | 试卷Paper | 1 | 班级Class | 时间Time | 1HR30MINS | 学号Adm.No. | 班级Class | S2A-B,AC2A,C2A-E,U2A | 得分Mark | 考生须知Instructions | 1. This subject comprises four papers: | Paper 1: Reading and Use of English (1119/1) | (40%) | Paper 2: Writing (1119/2) | (60%) | Paper 3: Speaking (1119/3) | (24%) | Paper 4: Listening (1119/4) | (30%) |"
Y,"samples\校內考試（非UEC）\2025\2025年第一学期期末考\S2\^2025-1-2 S2A-B, AC2A, C2A-E BI2.pdf","2025-1-2 S2A-B, AC2A, C2A-E, U2A BI P2.pdf",OK,S2,"S2A-B, AC2A, C2A-E, U2A",BI,P2,,"class=封面班级栏「S2A-B,AC2A,C2A-E,U2A」；class_streams=商科班、文商班、理科班、统考班（不考SPM）；subject=封面科目栏「ENGLISHLANGUAGE|姓名NAME」","2025年芙蓉中华中学第一学期期末考试 | 2025First SemesterFinal Examination,CHHS Seremban | 考卷资料 | 学生资料 | ExamPaperInformation | Student's Information | 科目Subject | ENGLISHLANGUAGE | 姓名Name | 试卷Paper | 2 | 班级Class | 时间Time | 1HR30MINS | 学号Adm.No. | 班级Class | S2A-B, AC2A, C2A-E, U2A | 得分Mark | 考生须知Instructions | 1. This subject comprises four papers: | Paper 1: Reading and Use of English (1119/1) | (40%) | Paper 2: Writing (1119/2) | (60%) | Paper 3: Speaking (1119/3) | (24%) | Paper 4: Listening (1119/4) | (30%) "
Y,"samples\校內考試（非UEC）\2025\2025年第一学期期末考\S2\^2025-1-2 S2A-B, AC2A, C2A-E BM1.pdf","2025-1-2 S2A-B, AC2A, C2A-E BM P1.pdf",OK,S2,"S2A-B, AC2A, C2A-E",BM,P1,,"class=封面班级栏「S2A-B,AC2A,C2A-E」；class_streams=商科班、文商班、理科班；subject=封面科目栏「BAHASAMALAYSIA|姓名NAME」","2025年芙蓉中华中学第一学期期末考试 | 2025 First Semester Final Examination, CHHS Seremban | 考卷资料 | 学生资料 | ExamPaperInformation | Student's Information | 科目Subject | BAHASA MALAYSIA | 姓名Name | 试卷Paper | 1 | 班级Class | 时间Time | 2HRS | 学号Adm.No. | ( | 班级Class | S2A-B, AC2A, C2A-E | 得分Mark | 考生须知Instructions | 1. Kertas soalan ini terdiri daripada dua bahagian, iaitu Bahagian A dan Bahagian B. | 2. Calon diwajibkan menjawab SEMUA bahagian. | 芙 |  3. Jawaban anda perlu dijawab dalam kertas kajang yang disediakan. | "
Y,"samples\校內考試（非UEC）\2025\2025年第一学期期末考\S2\^2025-1-2 S2A-B, AC2A, C2A-E BM2.pdf","2025-1-2 S2A-B, AC2A, C2A-E BM P2.pdf",OK,S2,"S2A-B, AC2A, C2A-E",BM,P2,,"class=封面班级栏「S2A-B,AC2A,C2A-E」；class_streams=商科班、文商班、理科班；subject=封面科目栏「BAHASAMALAYSIA|姓名NAME」","2025年芙蓉中华中学第一学期期末考试 | 2025First SemesterFinal Examination,CHHS Seremban | 考卷资料 | 学生资料 | ExamPaperInformation | Student'sInformation | 科目Subject | BAHASAMALAYSIA | 姓名Name | 试卷Paper | 2 | 班级Class | 时间Time | 2HRS30MINS | 学号Adm.No. | ( | 班级Class | S2A-B,AC2A,C2A-E | 得分Mark | 考生须知Instructions | 1.Kertas soalan ini mengandungi tiga bahagian, iaitu Bahagian A, Bahagian B dan Bahagian C. | 2. | Calonwajibmenjawabsemuasoalan. | 3. Jawaban anda perlu dijawab dalam kertas kajang yang disediakan. | 比"
Y,"samples\校內考試（非UEC）\2025\2025年第一学期期末考\S2\^2025-1-2 S2A-B, AC2A, C2A-E CHINESE LITERATURE.pdf","2025-1-2 S2A-B, AC2A, C2A-E CHINESE LITERATURE.pdf",OK,S2,"S2A-B, AC2A, C2A-E",CHINESE LITERATURE,,,"class=封面班级栏「S2A-B,AC2A,C2A-E」；class_streams=商科班、文商班、理科班；subject=封面科目栏「姓名NAME|CHINESELITERATURE」","2025年芙蓉中华中学第一学期期末考试 | 2025 First Semester Final Examination, CHHS Seremban | 考卷资料 | 学生资料 | ExamPaperInformation | Student'sInformation | 华文文学 (选修) | 科目Subject | 姓名Name | CHINESELITERATURE | 试卷Paper | - | 班级Class | 时间Time | 2HR 30MINS | 学号Adm.No. | ( | ) | 班级Class | S2A-B, AC2A, C2A-E | 得分Mark | 考生须知Instructions | 1.此试卷共有三个部分： | (一)文选60% | (二)小说20% | 芙 | (三)戏剧20% | 2.共须回答10题，各题10分。 | 至 | 部分甲 | 题"
Y,"samples\校內考試（非UEC）\2025\2025年第一学期期末考\S2\^2025-1-2 S2A-B, AC2A, C2A-E P. MORAL SPM.pdf","2025-1-2 S2A-B, AC2A, C2A-E SPM P. MORAL P1.pdf",OK,S2,"S2A-B, AC2A, C2A-E",SPM P. MORAL,P1,,"class=封面班级栏「S2A-B,AC2A,C2A-E」；class_streams=商科班、文商班、理科班；subject=封面科目栏「PENDIDIKANMORALSPM|姓名NAME」","2025年芙蓉中华中学第一学期期末考试 | 2025 First Semester Final Examination, CHHS Seremban | 考卷资料 | 学生资料 | ExamPaperInformation | Student'sInformation | 科目Subject | PENDIDIKANMORALSPM | 姓名Name | 试卷Paper | 1 | 班级Class | 时间Time | 2HRS30MINS | 学号Adm.No. | ( | C | 班级Class | S2A-B,AC2A,C2A-E | 得分Mark | 考生须知Instructions | 1. Kertas soalan ini mengandungi tiga bahagian: | Bahagian A: 5 soalan - (50 markah) | Bahagian B: 2 soalan-(10 markah) | 芙 | Bahagian C: 2 soalan - (40 markah) | 2.JawabsemuasoalandalamBahagian | ("
,"samples\校內考試（非UEC）\2025\2025年第一学期期末考\S2\^2025-1-2 S2A-B, AC2A, C2A-E SPM P. PERAHKUNAN.pdf","2025-1-2 S2A-B, AC2A, C2A-F SPM PRINSIP PERAKAUNAN.pdf",REVIEW,S2,"S2A-B, AC2A, C2A-F",SPM PRINSIP PERAKAUNAN,,试卷栏「、」看不出是第几卷,"class=封面班级栏「S2A-B,AC2A,C2A-F」；class_streams=商科班、文商班、理科班；subject=封面科目栏「姓名NAME|PERAKAUNAN(选修)」","2.025年芙蓉中华中学第一学期期末考试 | 2025FirstSemesterFinal Examination,CHHSSeremban | 考卷资料 | 学生资料 | ExamPaperInformation | Student's Information | SPM-PRINSIP | 科目Subject | 姓名Name | PERAKAUNAN（选修) | 试卷Paper | 班级Class | 、 | 时间Time | 2HRS | 学号Adm.No. | C | ） | 班级Class | S2A-B,AC2A, C2A-F | 得分Mark | 考生须知Instructions | 1. Kertas soalan ini mengandungi 3 soalan. | 店 |  2. Jawab semua soalan subjektif dalam kertas kajang yang disediakan."
Y,"samples\校內考試（非UEC）\2025\2025年第一学期期末考\S2\^2025-1-2 S2A-B, AC2A, C2A-E SPM SEJARAH.pdf","2025-1-2 S2A-B, AC2A, C2A-E SPM SEJARAH P1.pdf",OK,S2,"S2A-B, AC2A, C2A-E",SPM SEJARAH,P1,,"class=封面班级栏「S2A-B,AC2A,C2A-E」；class_streams=商科班、文商班、理科班；subject=封面科目栏「SPMSEJARAH|姓名NAME」","2025年芙蓉中华中学第一学期期末考试 | 2025FirstSemesterFinal Examination, CHHS Seremban | 考卷资料 | 学生资料 | ExamPaperInformation | Student'sInformation | 科目Subject | SPM SEJARAH | 姓名Name | 试卷Paper | 1 | 班级Class | 时间Time | 2HRS | 学号Adm.No. | 班级Class | S2A-B, AC2A, C2A-E | 得分Mark | 考生须知Instructions | 1. Kertas soalan ini mengandungi 3 bahagian iaitu Bahagian A, B dan C. | 2. Calon mesti menjawab semua soalan dalam Bahagian A dan Bahagian B, dan jawab dua soalan sahaja | di Bahagian C. | 芙 | 3.Semua jawapan untukBahag"
Y,samples\校內考試（非UEC）\2025\2025年第一学期期末考\S2\^2025-1-2 U2A ART .pdf,2025-1-2 U2A ART.pdf,OK,S2,U2A,ART,,,class=封面班级栏「U2A」；class_streams=统考班（不考SPM）；subject=封面科目栏「美术ART(选修)|姓名NAME」,"2025年芙蓉中华中学第一学期期末考试 | 2025First SemesterFinal Examination,CHHS Seremban | 考卷资料 | 学生资料 | ExamPaperInformation | Student'sInformation | 科目Subject | 美术ART(选修) | 姓名Name | 试卷Paper | 班级Class | 时间Time | 2HRS30MINS | 学号Adm.No. | ( | 1 | 班级Class | U2A | 得分Mark | 考生须知Instructions | 1. | 作画媒材必须以不透明水彩广告颜料和透明水彩颜料为主。 | 2. | 不可携带任何书刊、报纸或图片进入考场，考生不可与考场内任何同学共用一切用具。 | 3. | 考试进行中考生不得外出更换洗刷画笔所需的水。 | 4. | 如有启用第二张画纸，请在背面注明“备用纸” | 芙 | 5. | 请将考卷与作废的画纸一同回收，视为废纸处理。 | 6. | 请在画纸背面注明姓名、学号、班级与所选择的题目编号。"
Y,samples\校內考試（非UEC）\2025\2025年第一学期期末考\S2\^2025-1-2 U2A BC1.pdf,2025-1-2 U2A BC P1.pdf,OK,S2,U2A,BC,P1,,class=封面班级栏「U2A」；class_streams=统考班（不考SPM）；subject=封面科目栏「华文BC|姓名NAME」,"2025年芙蓉中华中学第一学期期末考试 | 2025First Semester Final Examination,CHHS Seremban | 考卷资料 | 学生资料 | Exam Paper Information | Student'sInformation | 科目Subject | 华文BC | 姓名Name | 试卷Paper | 1 | 班级Class | 时间Time | 1HR 45MINS | 学号Adm.No. | ( | ） | 班级Class | U2A | 得分Mark | 考生须知Instructions | 1.本科试卷共分两份： | 试卷一：写作(40%) | 试卷二：语文测验(60%) | 2.试卷一共分两组： | 甲组：作文共5题，选答1题。用白话文写作。不可用诗歌或戏剧体裁作答。文长至少500字。 | 须作答于作文稿纸上。 | 乙组：应用文共2题，选答1题。用白话文写作，按新式应用文格式书写。须作答于单线纸上。"
Y,samples\校內考試（非UEC）\2025\2025年第一学期期末考\S2\^2025-1-2 U2A BC2.pdf,2025-1-2 U2A BC P2.pdf,OK,S2,U2A,BC,P2,,class=封面班级栏「U2A」；class_streams=统考班（不考SPM）；subject=封面科目栏「华文BC|姓名NAME」,"2025年芙蓉中华中学第一学期期末考试 | 2025First SemesterFinal Examination,CHHS Seremban | 考卷资料 | 学生资料 | ExamPaperInformation | Student's Information | 科目Subject | 华文BC | 姓名Name | 试卷Paper | 2 | 班级Class | 时间Time | 1HR 45MINS | 学号Adm.No. | ( | 一 | 班级Class | U2A | 得分Mark | 考生须知Instructions | 1.本科试卷共分两份： | 试卷一：写作(40%) | 试卷二：语文测验(60%) | 2.试卷二题目共分三组： | 芙 | 甲组：语文基础知识与文学文化常识 | 乙组：现代文阅读 | 法"
Y,samples\校內考試（非UEC）\2025\2025年第一学期期末考\S2\^2025-1-2 U2A BM1.pdf,2025-1-2 U2A BM P1.pdf,OK,S2,U2A,BM,P1,,class=封面班级栏「U2A」；class_streams=统考班（不考SPM）；subject=封面科目栏「BAHASAMALAYSIA|姓名NAME」,"2025年芙蓉中华中学第一学期期末考试 | 2025First SemesterFinal Examination,CHHS Seremban | 考卷资料 | 学生资料 | ExamPaperInformation | Student'sInformation | 科目Subject | BAHASAMALAYSIA | 姓名Name | 试卷Paper | 1 | 班级Class | 时间Time | 1HR 50MINS | 学号Adm.No. | ( | > | 班级Class | U2A | 得分Mark | 考生须知Instructions | 1. Kertas soalan ini terdiri daripada dua bahagian, iaitu Bahagian A dan Bahagian B. | 2. Calon diwajibkan menjawab SEMUA bahagian. | 3. Jawaban anda perlu dijawab dalam kertas kajang yang disediakan. | 芙 | 4. Tulis ta"
Y,samples\校內考試（非UEC）\2025\2025年第一学期期末考\S2\^2025-1-2 U2A BM2.pdf,2025-1-2 U2A BM P2.pdf,OK,S2,U2A,BM,P2,,class=封面班级栏「U2A」；class_streams=统考班（不考SPM）；subject=封面科目栏「BAHASAMALAYSIA|姓名NAME」,"2025年芙蓉中华中学第一学期期末考试 | 2025First Semester Final Examination, CHHS Seremban | 考卷资料 | 学生资料 | ExamPaperInformation | Student'sInformation | 科目Subject | BAHASAMALAYSIA | 姓名Name | 试卷Paper | 2 | 班级Class | 时间Time | 1HR50MINS | 学号Adm.No. | ( | ） | 班级Class | U2A | 得分Mark | 考生须知Instructions | 1. Kertas soalan ini terdiri daripada tiga bahagian, iaitu Bahagian A, Bahagian B, dan Bahagian C. | 2. Calon diwajibkan menjawab SEMUA bahagian. | Jawaban anda perlu dijawab dalam kertas kajang yang disediakan. | 芙 |"
Y,samples\校內考試（非UEC）\2025\2025年第一学期期末考\S2\^2025-1-2 U2A MUSIC.pdf,2025-1-2 U2A MUSIC.pdf,OK,S2,U2A,MUSIC,,,class=封面班级栏「U2A」；class_streams=统考班（不考SPM）；subject=封面科目栏「音乐MUSIC|姓名NAME」,"2025年芙蓉中华中学第一学期期末考试 | 2025First Semester Final Examination, CHHS Seremban | 考卷资料 | 学生资料 | ExamPaperInformation | Student'sInformation | 科目 Subject | 音乐MUSIC | 姓名Name | 试卷Paper | 班级Class | - | 时间Time | 1HR | 学号Adm.No. | ( | 班级Class | U2A | 得分Mark | 考生须知Instructions | 1．此考卷共有6题，总分100%。 | 2. | 回答所有的问题。请使用铅笔作答于此考卷，否则扣分。 | 3.此考卷共印有3页。 | 1. This paper consists of 6 questions, total 100%. | 2.Answer all questions.Write the answer with pencil on the paper, otherwise marks willbe deducted. | .This paper "
,"samples\校內考試（非UEC）\2025\2025年第一学期期末考\S3\^2025-1-2 A3A,C3 UEC HISTORY.pdf","2025-1-2 A3A, C3(选修) UEC HISTORY P1.pdf",REVIEW,S3,"A3A, C3(选修)",UEC HISTORY,P1,班级代号 C3(选修) 不在目前的班级名单里（可能是旧代号、OCR 读错，或是 config/classes.json 要更新）,"class=封面班级栏「A3A,C3(选修)」；class_streams=商科班、文科班；subject=封面科目栏「统考历史UECHISTORY|姓名NAME」","2025年芙蓉中华中学第一学期期末考试 | 2025FirstSemesterFinal Examination,CHHSSeremban | 考卷资料 | 学生资料 | Exam Paper Information | Student'sInformation | 科目Subject | 统考历史UECHISTORY | 姓名Name | 试卷Paper | 1 | 班级Class | 时间Time | 2HRS | 学号Adm.No. | ( | ） | 班级Class | A3A,C3(选修) | 得分Mark | 考生须知Instructions | 1.本试卷共分成四个部分：A项选择题(30%)，B项填空题(10%)，C项必答题(15%)，及D项问答题 | (45%)。 | 2.A项选择题30题全做。选出正确或最佳的答案，用5B铅笔将OMR卡上相应的小方格涂黑。 | 3.B项至D项，须全作答在单线纸上 | 只可用蓝色或黑色钢笔或圆珠笔书写"
,"samples\校內考試（非UEC）\2025\2025年第一学期期末考\S3\^2025-1-2 A3A,C3 UGEO.pdf","2025-1-2 A3A, C3选修 UEC GEO.pdf",REVIEW,S3,"A3A, C3选修",UEC GEO,,班级代号 C3选修 不在目前的班级名单里（可能是旧代号、OCR 读错，或是 config/classes.json 要更新）,"class=封面班级栏「A3A,C3选修」；class_streams=商科班、文科班；subject=封面科目栏「统考地理UGEO|姓名NAME」","2025年芙蓉中华中学第一学期期末考试 | 2025First Semester Final Examination,CHHS Seremban | 考卷资料 | 学生资料 | ExamPaperInformation | Student'sInformation | 科目Subject | 统考地理UGEO | 姓名Name | 试卷Paper | 班级Class | - | 时间Time | 2HRS | 学号Adm.No. | ( | 班级Class | A3A，C3选修 | 得分Mark | 考生须知Instructions | 1.此试卷共分为三部分： | 甲组、选择题（40%） | 乙组、填充题（20%） | 丙组、问答题（40%） | 芙 | 2.甲组选择题40题全做。选出正确或最佳答案，用5B铅笔将OMR卡上相应的小方格涂黑。"
Y,samples\校內考試（非UEC）\2025\2025年第一学期期末考\S3\^2025-1-2 C3A-A3A UEC MATH.pdf,"2025-1-2 C3A-F, A3A UEC MATHS.pdf",OK,S3,"C3A-F, A3A",UEC MATHS,,,"class=封面班级栏「C3A-F,A3A」；class_streams=商科班、文科班；subject=封面科目栏「姓名NAME|UECMATHEMATICS」","2025年芙蓉中华中学第一学期期末考试 | 2025 First Semester Final Examination, CHHS Seremban | 考卷资料 | 学生资料 | Exam Paper Information | Student'sInformation | 统考数学 | 科目Subject | 姓名 Name | UECMATHEMATICS | 试卷Paper | 班级Class | 时间Time | 2HRS | 学号Adm.No. | ( | 】 | 班级Class | C3A-F,A3A | 得分Mark | 考生须知Instructions | 1.此试卷共分两部分： | A.选择题(20%)。每题2分，10题全做。把答案填写在第3页的空格中。 | B.作答题(80%)。7题全做。 | 芙 | .此试卷共印有5页。 | 3.数学公式表印在第2页。"
Y,samples\校內考試（非UEC）\2025\2025年第一学期期末考\S3\^2025-1-2 C3A-D UEC ADV MATH.pdf,2025-1-2 C3A-D UEC ADV MATHS.pdf,OK,S3,C3A-D,UEC ADV MATHS,,,class=封面班级栏「C3A-D」；class_streams=商科班；subject=封面科目栏「姓名NAME|UECADVANCEDMATHEMATICS」,"2025年芙蓉中华中学第一学期期末考试 | 2025FirstSemesterFinal Examination,CHHS Seremban | 考卷资料 | 学生资料 | Exam Paper Information | Student'sInformation | 统考高级数学 | 科目Subject | 姓名 Name | UECAdvanced Mathematics | 试卷Paper | 班级Class | 时间Time | 2HRS | 学号Adm.No. | ( | 班级Class | C3A-D | 得分Mark | 考生须知Instructions | 1.此试卷共分两部分： | A.选择题(16%)。每题2分，8题全做。把答案填写在第3页的空格中。 | B.作答题（84%)。11题全做。 | 芙 | C | 此试卷共有5页。 | 蓉 | 3.数学公式表印在第2-3页。 | 4.考生可使用CASIOfx-570MS，CASIOfx-570MS-2，CASIOfx-350MS，CASIOfx-350MS-2,"
Y,samples\校內考試（非UEC）\2025\2025年第一学期期末考\S3\^2025-1-2 C3A-F UEC BOOKKEEPING.pdf,2025-1-2 C3A-F UEC BOOKKEEPING P1.pdf,OK,S3,C3A-F,UEC BOOKKEEPING,P1,,class=封面班级栏「C3A-F」；class_streams=商科班；subject=封面科目栏「统考薄记UECBOOKKEEPING|姓名NAME」,"2025年芙蓉中华中学第一学期期末考试 | 2025First Semester Final Examination, CHHS Seremban | 考卷资料 | 学生资料 | Exam Paper Information | Student'sInformation | 科目Subject | 统考薄记UECBOOKKEEPING | 姓名Name | 试卷Paper | 一 | 班级Class | 时间Time | 2HRS | 学号Adm.No. | 班级Class | C3A-F | 得分Mark | 考生须知Instructions | 1. Answer all the questions. |  2. Begin each answer ona fresh page. | 芙 | 3.Use only blue or black ink towrite your answer. | 4. Do not copy the questions, but the question numbers should be clearly written."
Y,samples\校內考試（非UEC）\2025\2025年第一学期期末考\S3\^2025-1-2 C3A-F UEC ECONOMICS.pdf,2025-1-2 C3A-F UEC ECONOMICS P1.pdf,OK,S3,C3A-F,UEC ECONOMICS,P1,,class=封面班级栏「C3A-F」；class_streams=商科班；subject=封面科目栏「姓名NAME|UECECONOMICS」,"2025年芙蓉中华中学第一学期期末考试· | 2025First SemesterFinalExamination,CHHS Seremban | 考卷资料 | 学生资料 | ExamPaperInformation | Student'sInformation | 统考经济学 | 科目Subject | 姓名Name | UEC ECONOMICS | 试卷Paper | 班级Class | 1 | 时间Time | 2HRS | 学号Adm.No. | ( | 班级Class | C3A-F | 得分Mark | 考生须知Instructions | 1.此考卷共分两部分：部分一.选择题(40%) | 部分二.作答题(60%) | 2.部分一：选择题20题全做，每题2%。答案填写在OMR卡。 | 3.部分二：作答题4题，每题15%(4题全做)。 | 芙 | 4.只可用蓝色或黑色的钢珠笔或圆珠笔书写，惟可用铅笔画图。 | 5.不必抄题，惟试题号码必须书写清楚。"
Y,samples\校內考試（非UEC）\2025\2025年第一学期期末考\S3\^2025-1-2 S3A-A3 ART.pdf,"2025-1-2 S3A-B, C3A-F, A3A ART.pdf",OK,S3,"S3A-B, C3A-F, A3A",ART,,,"class=封面班级栏「S3A-B,C3A-F,A3A」；class_streams=商科班、文科班、理科班；subject=封面科目栏「美术ART(选修)|姓名NAME」","2025年芙蓉中华中学第一学期期末考试 | 2025FirstSemesterFinalExamination,CHHSSeremban | 考卷资料 | 学生资料 | ExamPaperInformation | Student's Information | 科目Subject | 美术ART(选修) | 姓名Name | 试卷Paper | 班级Class | 时间Time | 2HRS40MINS | 学号Adm.No. | ( | ( | 班级Class | S3A-B,C3A-F,A3A | 得分Mark | 考生须知Instructions | 1．本试卷共分两项：水彩画、水墨画。考生必须依照报考时所填选的项目进行创作，临场不得 | 要求更换项目。 | 2.两项试卷均各有5个题目，任选1题进行创作。 | 3.选做水彩画的同学，作画媒材只限以不透明水彩广告颜料和透明水彩颜料作为单一媒材。 | 4.选做水墨画的同学，作画媒材只限以中国画颜料、水彩或不透明水彩、墨汁或墨条作为作画媒材。 | 5.不可携带任何书刊、报纸或图片进入考场，考生不可与考场内任何同学共用颜色与用具。 | "
Y,samples\校內考試（非UEC）\2025\2025年第一学期期末考\S3\^2025-1-2 S3A-A3 COMPUTING & IT P1.pdf,"2025-1-2 S3A-B, C3A-F, A3A COMPUTING & IT P1.pdf",OK,S3,"S3A-B, C3A-F, A3A",COMPUTING & IT,P1,,"class=封面班级栏「S3A-B,C3A-F,A3A」；class_streams=商科班、文科班、理科班；subject=封面科目栏「姓名NAME|COMPUTING&IT」","2025年芙蓉中华中学第一学期期末考试 | 2025First SemesterFinal Examination,CHHS Seremban | 考卷资料 | 学生资料 | ExamPaperInformation | Student'sInformation | 电脑与资讯工艺(选修) | 科目Subject | 姓名Name | COMPUTING&IT | 试卷Paper | 1 | 班级Class | 时间Time | 1HR | 学号Adm.No. | 班级Class | S3A-B,C3A-F,A3A | 得分Mark | 考生须知Instructions | 1．本科试卷分为2份： | a．选择题(40%) | b．问答题(60%) | 芙 | 2.考生须于规定的1小时内完成试卷 | 3.选择题40题全做，请选出正确或最佳的答案。"
Y,samples\校內考試（非UEC）\2025\2025年第一学期期末考\S3\^2025-1-2 S3A-A3 COMPUTING & IT P2.pdf,"2025-1-2 S3A-B, C3A-F, A3A COMPUTING & IT P2.pdf",OK,S3,"S3A-B, C3A-F, A3A",COMPUTING & IT,P2,,"class=封面班级栏「S3A-B,C3A-F,A3A」；class_streams=商科班、文科班、理科班；subject=封面科目栏「姓名NAME|COMPUTING&IT」","2025年芙蓉中华中学第一学期期末考试 | 2025First SemesterFinal Examination,CHHS Seremban | 考卷资料 | 学生资料 | ExamPaperInformation | Student'sInformation | 电脑与资讯工艺(选修) | 科目Subject | 姓名Name | COMPUTING&IT | 试卷Paper | 2 | 班级Class | 时间Time | 1HR30MINS | 学号Adm.No. | ( | 1 | 班级Class | S3A-B,C3A-F,A3A | 得分Mark | 考生须知Instructions | 1．本科试卷分为2份： | a．选择题 (40%) | b．问答题(60%) | 2.考生须于规定的1小时30分钟内完成试卷。 | 芙 | 3.选择题40题全做，请选出正确或最佳的答案。 | 圆珠笔书写"
Y,samples\校內考試（非UEC）\2025\2025年第一学期期末考\S3\^2025-1-2 S3A-A3A BC P1.pdf,"2025-1-2 S3A-B, C3A-F, A3A BC P1.pdf",OK,S3,"S3A-B, C3A-F, A3A",BC,P1,,"class=封面班级栏「S3A-B,C3A-F,A3A」；class_streams=商科班、文科班、理科班；subject=封面科目栏「华文BC|姓名NAME」","2025年芙蓉中华中学第一学期期末考试 | 2025First SemesterFinal Examination,CHHS Seremban | 考卷资料 | 学生资料 | Exam Paper Information | Student's Information | 科目Subject | 华文BC | 姓名Name | 试卷Paper | 1 | 班级Class | 时间Time | 1HR 45MINS | 学号Adm.No. | C | ） | 班级Class | S3A-B,C3A-F,A3A | 得分Mark | 考生须知Instructions | 1.本科试卷共分两份： | 试卷一：写作(40%) | 试卷二：语文测验（60%) | 2.试卷一共分两组： | 甲组：作文共5题，选答1题。用白话文写作。不可用诗歌或戏剧体裁作答。文长至少600字。 | 须作答于作文稿纸上。"
Y,samples\校內考試（非UEC）\2025\2025年第一学期期末考\S3\^2025-1-2 S3A-A3A BC P2.pdf,"2025-1-2 S3A-B, C3A-F, A3A BC P2.pdf",OK,S3,"S3A-B, C3A-F, A3A",BC,P2,,"class=封面班级栏「S3A-B,C3A-F,A3A」；class_streams=商科班、文科班、理科班；subject=封面科目栏「华文BC|姓名NAME」","2025年芙蓉中华中学第一学期期末考试 | 2025First SemesterFinalExamination,CHHS Seremban | 考卷资料 | 学生资料 | Exam Paper Information | Student'sInformation | 科目Subject | 华文BC | 姓名Name | 试卷Paper | 2 | 班级Class | 时间Time | 1HR 45MINS | 学号Adm.No. | ( | ） | 班级Class | S3A-B,C3A-F,A3A | 得分Mark | 考生须知Instructions | 1.本科试卷共分两份： | 试卷一：写作(40%) | 试卷二：语文测验(60%) | 2.试卷二题目共分三组： | 甲组：语文基础知识与文学文化常识 | 乙组：现代文阅读 | 芙 | 丙组：古诗文阅读 | 3.甲、乙、丙组的答案，须作答于特备作答纸的特备空格内。答题的编号必须与题目编号相符。"
Y,samples\校內考試（非UEC）\2025\2025年第一学期期末考\S3\^2025-1-2 S3A-A3A BI P1.pdf,"2025-1-2 S3A-B, C3A-F, A3A BI P1.pdf",OK,S3,"S3A-B, C3A-F, A3A",BI,P1,,"class=封面班级栏「S3A-B,C3A-F,A3A」；class_streams=商科班、文科班、理科班；subject=封面科目栏「ENGLISHLANGUAGE|姓名NAME」","2025年芙蓉中华中学第一学期期末考试 | 2025 First Semester Final Examination, CHHS Seremban | 考卷资料 | 学生资料 | ExamPaperInformation | Student'sInformation | 科目Subject | ENGLISHLANGUAGE | 姓名Name | 试卷Paper | 1 | 班级Class | 时间Time | 1HR30MINS | 学号Adm.No. | 班级Class | S3A-B,C3A-F,A3A | 得分Mark | 考生须知Instructions | 1. This subject comprises two papers: | Paper 1: Writing | (50%) | Paper 2: Reading and Language Use | (50%) | 芙 | 2.Complete Paper 1within E hour 30 minutes allocated. | 3.Paper 1 consists of two sections:"
Y,samples\校內考試（非UEC）\2025\2025年第一学期期末考\S3\^2025-1-2 S3A-A3A BI P2.pdf,"2025-1-2 S3A-B, C3A-F, A3A BI P2.pdf",OK,S3,"S3A-B, C3A-F, A3A",BI,P2,,"class=封面班级栏「S3A-B,C3A-F,A3A」；class_streams=商科班、文科班、理科班；subject=封面科目栏「ENGLISHLANGUAGE|姓名NAME」","2025年芙蓉中华中学第一学期期末考试 | 2025First Semester Final Examination,CHHS Seremban | 考卷资料 | 学生资料 | ExamPaperInformation | Student'sInformation | 科目Subject | ENGLISHLANGUAGE | 姓名Name | 试卷Paper | 2 | 班级Class | 时间Time | 1HR30MINS | 学号Adm.No. | 班级Class | S3A-B,C3A-F,A3A | 得分Mark | 考生须知Instructions | 1.This subject comprises two papers: | Paper 1: Writing | (50%) | Paper 2: Reading and Language Use | (50%) | 2.Paper 2 consists of two sections: | 芙 | Section A: Reading  | (30%) | There are three parts in this s"
Y,samples\校內考試（非UEC）\2025\2025年第一学期期末考\S3\^2025-1-2 S3A-A3A BM P1.pdf,"2025-1-2 S3A-B, C3A-F, A3A BM P1.pdf",OK,S3,"S3A-B, C3A-F, A3A",BM,P1,,"class=封面班级栏「S3A-B,C3A-F,A3A」；class_streams=商科班、文科班、理科班；subject=封面科目栏「BAHASAMELAYU|姓名NAME」","2025年芙蓉中华中学第一学期期末考试 | 2025FirstSemesterFinalExamination,CHHSSeremban | 考卷资料 | 学生资料 | ExamPaperInformation | Student'sInformation | 科目Subject | BAHASAMELAYU | 姓名Name | 试卷Paper | 1 | 班级Class | 时间Time | 1HR50MINS | 学号Adm.No. | （ | ( | 班级Class | S3A-B,C3A-F,A3A | 得分Mark | 考生须知Instructions | 1. Kertas soalan ini terdiri daripada dua bahagian, iaitu Bahagian A dan Bahagian B. | 2.Calon diwajibkanmenjawabSEMUA bahagian. | 芙 |  Jawaban anda perlu dijawab dalam kertas kajang yang disediakan. | 4. Tulis t"
Y,samples\校內考試（非UEC）\2025\2025年第一学期期末考\S3\^2025-1-2 S3A-A3A BM P2.pdf,"2025-1-2 S3A-B, C3A-F, A3A BM P2.pdf",OK,S3,"S3A-B, C3A-F, A3A",BM,P2,,"class=封面班级栏「S3A-B,C3A-F,A3A」；class_streams=商科班、文科班、理科班；subject=封面科目栏「BAHASAMELAYU|姓名NAME」","2025年芙蓉中华中学第一学期期末考试 | 2025FirstSemesterFinalExamination,CHHSSeremban | 考卷资料 | 学生资料 | ExamPaperInformation | Student'sInformation | 科目Subject | BAHASAMELAYU | 姓名Name | 试卷Paper | 2 | 班级Class | 时间Time | 1HR50MINS | 学号Adm.No. | ( | 班级Class | S3A-B,C3A-F,A3A | 得分Mark | 考生须知Instructions | 1. Kertas soalan ini terdiri daripada tiga bahagian: Bahagian A, Bahagian B, dan Bahagian C. | 2. Calon diwajibkan menjawabSEMUA bahagian. | 芙 |  Jawaban anda perlu dijawab dalam kertas kajang yang disediakan. | 4.Se"
,samples\校內考試（非UEC）\2025\2025年第一学期期末考\S3\^2025-1-2 S3A-B UEC ADV MATH ⅠP1.pdf,,REVIEW,S3,S3A-B,,P1,科目栏「姓名NAME|UECADVANCEDMATHS.I」不在字典里，请加进 config/subjects_school.json,class=封面班级栏「S3A-B」；class_streams=理科班,"2025年芙蓉中华中学第一学期期末考试 | 2025FirstSemesterFinalExamination,CHHSSeremban | 考卷资料 | 学生资料 | ExamPaperInformation | Student's Information | 统考高级数学I | 科目Subject | 姓名Name | UECADVANCEDMATHS.I | 试卷Paper | 1 | 班级Class | 时间Time | 1HR | 学号Adm.No. | ( | 班级Class | S3A-B | 得分Mark | 考生须知Instructions | 1.此试卷共印有4页。 | 2.选择题20题全答，每题2%，共40%。 | 3.选择题的答案必须填写在OMR卡中。 | 4.考生可使用CASIOfx-570MS，CASIOfx-570MS-2，CASIOfx-350MS，CASIOfx350MS-2, | CASIOfx-991MS,CANONF-570SG, | CANONF-788SG.OLYMPIAES-570MS,"
,samples\校內考試（非UEC）\2025\2025年第一学期期末考\S3\^2025-1-2 S3A-B UEC ADV MATH ⅠP2.pdf,,REVIEW,S3,S3A-B,,P2,科目栏「姓名NAME|UECADVANCEDMATHS.I」不在字典里，请加进 config/subjects_school.json,class=封面班级栏「S3A-B」；class_streams=理科班,"2025年芙蓉中华中学第一学期期末考试 | 20255First SemesterFinal Examination,CHHS Seremban | 考卷资料 | 学生资料 | Exam Paper Information | Student's Information | 统考高级数学I | 科目Subject | 姓名Name | UECADVANCEDMATHS.I | 试卷Paper | 2 | 班级Class | 时间Time | 2HRS | 学号Adm.No. | （ | 一 | 班级Class | S3A-B | 得分Mark | 考生须知 Instructions | 1.此试卷共印有3页。 | 2.此试卷共8题全答，共60%。 | 3.每题请用新的一页作答。 | 芙 | 4.考生可使用CASIOfx-570MS，CASIOfx-570MS-2，CASIOfx-350MS， | CASIOfx350MS-2,"
Y,samples\校內考試（非UEC）\2025\2025年第一学期期末考\S3\^2025-1-2 S3A-B UEC ADV MATH Ⅱ P1.pdf,2025-1-2 S3A-B UEC ADV MATHS Ⅱ P1.pdf,OK,S3,S3A-B,UEC ADV MATHS Ⅱ,P1,,class=封面班级栏「S3A-B」；class_streams=理科班；subject=封面科目栏「姓名NAME|UECADVMATHSII」,"2025年芙蓉中华中学第一学期期末考试 | 2025First SemesterFinalExamination,CHHSSeremban | 考卷资料 | 学生资料 | Exam Paper Information | Student'sInformation | 统考高数ⅡI | 科目Subject | 姓名Name | UEC ADV MATHS II | 试卷Paper | 1 | 班级Class | 时间Time | 1HR | 学号Adm.No. | ( | 1 | 班级Class | S3A-B | 得分Mark | 考生须知Instructions | 1.试卷一：选择题(40%)。 | 2.选择题20题全做。选出正确的答案，然后用5B铅笔在OMR答案卡中将相应的答案涂黑。 | 3.此考卷共印有5页。 | 芙 | 4.公式表在第2-3页。 | 蓉 | 5.可使用Casiofx-570MS | Casiofx-570MS-2、Casiofx-350MS、Casiofx-350MS-2、"
Y,samples\校內考試（非UEC）\2025\2025年第一学期期末考\S3\^2025-1-2 S3A-B UEC ADV MATH Ⅱ P2.pdf,2025-1-2 S3A-B UEC ADV MATHS Ⅱ P2.pdf,OK,S3,S3A-B,UEC ADV MATHS Ⅱ,P2,,class=封面班级栏「S3A-B」；class_streams=理科班；subject=封面科目栏「姓名NAME|UECADVMATHSII」,"2025年芙蓉中华中学第一学期期末考试 | 2025First Semester Final Examination, CHHS Seremban | 考卷资料 | 学生资料 | ExamPaperInformation | Student'sInformation | 统考高数II | 科目Subject | 姓名Name | UEC ADV MATHS II | 试卷Paper | 2 | 班级Class | 时间Time | 2HRS | 学号Adm.No. | ( | 班级Class | S3A-B | 得分Mark | 考生须知Instructions | 1.试卷二：作答题(60%)。 | 2.10题全做。 | 3.此考卷共印有4页。 | 蓉 | 芙 | 4.公式表在第2-3页。 | 5 | 可使用"
Y,samples\校內考試（非UEC）\2025\2025年第一学期期末考\S3\^2025-1-2 S3A-B UEC BIOLOGY P1.pdf,2025-1-2 S3A-B UEC BIOLOGY P1.pdf,OK,S3,S3A-B,UEC BIOLOGY,P1,,class=封面班级栏「S3A-B」；class_streams=理科班；subject=封面科目栏「统考生物UECBIOLOGY|姓名NAME」,"2025年芙蓉中华中学第一学期期末考试 | 2025First Semester Final Examination, CHHS Seremban | 考卷资料 | 学生资料 | Exam Paper Information | Student's Information | 科目Subject | 统考生物UECBIOLOGY | 姓名Name | 试卷Paper | 1 | 班级Class | 时间Time | 1HR | 学号Adm.No. | ( | （ | 班级Class | S3A-B | 得分Mark | 考生须知Instructions | 1．此试卷共印有5页。 | 2. | 此试卷共有30题选择题(30%)。 | 3.选择题30题全做，选出最佳答案，然后用5B铅笔将OMR卡上相应的字母涂黑。 | 芙 | 1.This question paper consists of 5 pages. | 2.This | (30%)"
Y,samples\校內考試（非UEC）\2025\2025年第一学期期末考\S3\^2025-1-2 S3A-B UEC BIOLOGY P2.pdf,2025-1-2 S3A-B UEC BIOLOGY P2.pdf,OK,S3,S3A-B,UEC BIOLOGY,P2,,class=封面班级栏「S3A-B」；class_streams=理科班；subject=封面科目栏「统考生物UECBIOLOGY|姓名NAME」,"2025年芙蓉中华中学第一学期期末考试 | 2025 First Semester Final Examination, CHHS Seremban | 考卷资料 | 学生资料 | ExamPaperInformation | Student'sInformation | 科目Subject | 统考生物UECBIOLOGY | 姓名Name | 试卷Paper | 2 | 班级Class | 时间Time | 2HRS | 学号Adm.No. | （ | ） | 班级Class | S3A-B | 得分Mark | 考生须知Instructions | 1.试卷二作答题共分为三部分： | 甲组：问答题，6题全答(48%); | 乙组：探究题，1题必答(10%); | 丙组：社会议题，1题必答(12%)。 | 芙 | 2.所有题目作答于单线纸上"
Y,samples\校內考試（非UEC）\2025\2025年第一学期期末考\S3\^2025-1-2 S3A-B UEC CHEMISTRY P1.pdf,2025-1-2 S3A-B UEC CHEMISTRY P1.pdf,OK,S3,S3A-B,UEC CHEMISTRY,P1,,class=封面班级栏「S3A-B」；class_streams=理科班；subject=封面科目栏「统考化学UECCHEMISTRY|姓名NAME」,"2025年芙蓉中华中学第一学期期末考试 | 2025 First Semester Final Examination, CHHS Seremban | 考卷资料 | 学生资料 | Exam Paper Information | Student'sInformation | 科目Subject | 统考化学UEC CHEMISTRY | 姓名Name | 试卷Paper | 1 | 班级Class | 时间Time | 1HR | 学号Adm.No. | 班级Class | S3A-B | 得分Mark | 考生须知Instructions | 1. The question paper consists of 4 printed pages. | 2. Read the instructions carefully. | 3. Answer all the questions in OMR card provided | 4. You may use the non-programmable calculator CASIO fx570-MS, CASIO fx350-MS, Ca"
Y,samples\校內考試（非UEC）\2025\2025年第一学期期末考\S3\^2025-1-2 S3A-B UEC CHEMISTRY P2.pdf,2025-1-2 S3A-B UEC CHEMISTRY P2.pdf,OK,S3,S3A-B,UEC CHEMISTRY,P2,,class=封面班级栏「S3A-B」；class_streams=理科班；subject=封面科目栏「统考化学UECCHEMISTRY|姓名NAME」,"2025年芙蓉中华中学第一学期期末考试 | 2025 First Semester Final Examination, CHHS Seremban | 考卷资料 | 学生资料 | Exam PaperInformation | Student'sInformation | 科目Subject | 统考化学UECCHEMISTRY | 姓名Name | 试卷Paper | 2 | 班级Class | 时间Time | 2HRS | 学号Adm.No. | ( | ) | 班级 | Class | S3A-B | 得分Mark | 考生须知Instructions | 1. Paper 2 consists of two parts: | Part I: Compulsory Questions | (34%) | Section A: Essay Questions, attempt all the four questions. | Section B: Inquiry Questions, attempt the only one question. | Part II: Elec"
Y,samples\校內考試（非UEC）\2025\2025年第一学期期末考\S3\^2025-1-2 S3A-B UEC PHYSICS P1.pdf,2025-1-2 S3A-B UEC PHYSICS P1.pdf,OK,S3,S3A-B,UEC PHYSICS,P1,,class=封面班级栏「S3A-B」；class_streams=理科班；subject=封面科目栏「统考物理UECPHYSICS|姓名NAME」,"2025年芙蓉中华中学第一学期期末考试 | 2025 First Semester Final Examination, CHHS Seremban | 考卷资料 | 学生资料 | ExamPaperInformation | Student's Information | 科目Subject | 统考物理UECPHYSICS | 姓名Name | 试卷Paper | 1 | 班级Class | 时间Time | 1HR | 学号Adm.No. | ( | 班级Class | S3A-B | 得分Mark | 考生须知Instructions | 1. The question paper consists of 7 pages. | 2. Answer all questions. | 蓉 | 芙 | 2Writeyour answer in OMR."
Y,samples\校內考試（非UEC）\2025\2025年第一学期期末考\S3\^2025-1-2 S3A-B UEC PHYSICS P2.pdf,2025-1-2 S3A-B UEC PHYSICS P2.pdf,OK,S3,S3A-B,UEC PHYSICS,P2,,class=封面班级栏「S3A-B」；class_streams=理科班；subject=封面科目栏「统考物理UECPHYSICS|姓名NAME」,"2025年芙蓉中华中学第一学期期末考试 | 2025 First Semester Final Examination, CHHS Seremban | 考卷资料 | 学生资料 | ExamPaperInformation | Student's Information | 科目Subject | 统考物理UECPHYSICS | 姓名Name | 试卷Paper | 2 | 班级Class | 时间Time | 2 HRS | 学号Adm.No. | ( | 1 | 班级Class | S3A-B | 得分Mark | 考生须知Instructions | 1. This question paper consists of 5 pages. | 2. Answer all questions in Section A and Section B. | Write your answer for Section A and Section B in single line papers provided. | 中 | 4. Answer each question on a fres"
Y,samples\校內考試（非UEC）\2026\2026\J1\2025-2-1 J1A~K ART.pdf,2025-2-2 J1A-K ART P1.pdf,OK,J1,J1A-K,ART,P1,,class=封面班级栏「J1A-K」；subject=封面科目栏「美术ART|姓名NAME」,"2025年芙蓉中华中学第二学期期末考试 | 2025 Second Semester Final Examination, CHHS Seremban | 考卷资料 | 学生资料 | ExamPaperInformation | Student'sInformation | 科目Subject | 美术ART | 姓名 Name | 试卷Paper | 1 | 班级Class | 时间Time | 2HR 30MINS | 学号 Adm.No. | ( | 班级Class | J1A-K | 得分Mark | 考生须知Instructions | 1.作画媒材必须以不透明水彩广告颜料和透明水彩颜料为主。 | 2.不可携带任何书刊、报纸或图片进入考场，考生不可与考场内任何同学共用一切用具。 | 3.考试进行中考生不得外出更换洗刷画笔所需的水。 | 4.如有启用第二张画纸，请在背面注明“备用纸”。 | 芙 | 5.请将考卷与作废的画纸一同回收，视为废纸处理。 | 学品 | 目编号"
Y,samples\校內考試（非UEC）\2026\2026\J1\2025-2-1 J1A~K BC P1.pdf,2025-2-2 J1A-K BC P1.pdf,OK,J1,J1A-K,BC,P1,,class=封面班级栏「J1A-K」；subject=封面科目栏「华文BC|姓名NAME」,"2025年芙蓉中华中学第二学期期末考试 | 2025SecondSemesterFinalExamination,CHHSSeremban | 考卷资料 | 学生资料 | ExamPaperInformation | Student'sInformation | 科目Subject | 华文BC | 姓名Name | 试卷Paper | 1 | 班级Class | 时间Time | 1HR 45MINS | 学号Adm.No. | ( | ） | 班级Class | J1A-K | 得分Mark | 考生须知Instructions | 1.本科试卷共分两份： | 试卷一：写作 | (40%) | 试卷二：语文测验(60%) | 2.试卷一共分两组： | 甲组：作文共5题，选答1题。用白话文写作。不可用诗歌或戏剧体裁作答。文长至少300字。 | 须作答于作文稿纸上。 | 乙组：应用文共2题，选答1题。用白话文写作，按新式应用文格式书写。须作答于单线纸上。"
Y,samples\校內考試（非UEC）\2026\2026\J1\2025-2-1 J1A~K BC P2.pdf,2025-2-2 J1A-K BC P2.pdf,OK,J1,J1A-K,BC,P2,,class=封面班级栏「J1A-K」；subject=封面科目栏「华文BC|姓名NAME」,"2025年芙蓉中华中学第二学期期末考试 | 2025Second SemesterFinal Examination,CHHS Seremban | 考卷资料 | 学生资料 | ExamPaperInformation | Student'sInformation | 科目Subject | 华文BC | 姓名Name | 试卷Paper | 2 | 班级Class | 时间Time | 1HR30MINS | 学号Adm.No. | ( | ） | 班级Class | J1A-K | 得分Mark | 考生须知Instructions | 1.本科试卷共分两份： | 试卷一：写作 | (40%) | 试卷二：语文测验(60%) | 2.试卷二题目共分三组： | 甲组：语文基础知识 | 蓉 | 芙 | 乙组：现代文阅读 | 丙组：文言文阅读"
Y,samples\校內考試（非UEC）\2026\2026\J1\2025-2-1 J1A~K BI P1.pdf,2025-2-2 J1A-K BI P1.pdf,OK,J1,J1A-K,BI,P1,,class=封面班级栏「J1A-K」；subject=封面科目栏「ENGLISHLANGUAGE|姓名NAME」,"2025年芙蓉中华中学第二学期期末考试 | 2025 Second SemesterFinal Examination,CHHS Seremban | 考卷资料 | 学生资料 | ExamPaperInformation | Student'sInformation | 科目Subject | ENGLISHLANGUAGE | 姓名Name | 试卷Paper | 1 | 班级Class | 时间Time | 1HR 30MINS | 学号Adm.No. | ( | 1 | 班级Class | J1A-K | 得分Mark | 考生须知Instructions | 1. This subject comprises Paper 1 (40%) and Paper 2 (60%). | 2. Paper 1 consists of three sections: | Section A : Composition | (20%) | Section B : Summary Writing (10%) | 芙 | Section C : Cloze Test  | (10%)"
Y,samples\校內考試（非UEC）\2026\2026\J1\2025-2-1 J1A~K BI P2.pdf,2025-2-2 J1A-K BI P2.pdf,OK,J1,J1A-K,BI,P2,,class=封面班级栏「J1A-K」；subject=封面科目栏「ENGLISHLANGUAGE|姓名NAME」,"2025年芙蓉中华中学第二学期期末考试 | 2025Second Semester Final Examination, CHHS Seremban | 考卷资料 | 学生资料 | Exam PaperInformation | Student'sInformation | 科目Subject | ENGLISHLANGUAGE | 姓名Name | 试卷Paper | 2 | 班级Class | 时间Time | 1HR30MINS | 学号Adm.No. | ( | 1 | 班级Class | J1A-K | 得分Mark | 考生须知Instructions | 1. This subject comprises Paper 1 (40%) and Paper 2 (60%). | 2.Paper 2 consists of four sections: | Section A | : Comprehension | (20%) | SectionB | :Forms and Functions | (5%) | 芙 | Section C |  : Closest in Mea"
Y,samples\校內考試（非UEC）\2026\2026\J1\2025-2-1 J1A~K BM P1.pdf,2025-2-2 J1A-K BM P1.pdf,OK,J1,J1A-K,BM,P1,,class=封面班级栏「J1A-K」；subject=封面科目栏「BAHASAMALAYSIA|姓名NAME」,"2025年芙蓉中华中学第二学期期末考试 | 2025 Second Semester Final Examination, CHHS Seremban | 考卷资料 | 学生资料 | Exam Paper Information | Student's Information | 科目Subject | BAHASAMALAYSIA | 姓名Name | 试卷Paper | 1 | 班级Class | 时间Time | 1HR 30MIN | 学号Adm.No. | ( | C | 班级Class | J1A-K | 得分Mark | 考生须知Instructions | ARAHAN: | 1. Buka kertas ujian ini apabila diberitahu. | Untuk Kegunaan Pemeriksa | 2.Tulis nama,nombor admin dan nama kelas anda | Nama Pemeriksa: | Markah | Markah"
Y,samples\校內考試（非UEC）\2026\2026\J1\2025-2-1 J1A~K BM P2.pdf,2025-2-2 J1A-K BM P2.pdf,OK,J1,J1A-K,BM,P2,,class=封面班级栏「J1A-K」；subject=封面科目栏「BAHASAMALAYSIA|姓名NAME」,"2025年芙蓉中华中学第二学期期末考试 | 2025 Second Semester Final Examination,CHHS Seremban | 考卷资料 | 学生资料 | ExamPaperInformation | Student'sInformation | 科目Subject | BAHASAMALAYSIA | 姓名Name | 试卷Paper | 2 | 班级Class | 时间Time | 1HR | 学号Adm.No. | ( | ） | 班级Class | J1A-K | 得分Mark | 考生须知Instructions | ARAHAN: | 1. Buka kertas ujian ini apabila diberitahu. | Untuk Kegunaan Pemeriksa | 2.Tulis nama,nombor admin dan nama kelas anda | Nama Pemeriksa: | padaruang | yangdisediakan."
Y,samples\校內考試（非UEC）\2026\2026\J1\2025-2-1 J1A~K CALLIGARPHY.pdf,2025-2-2 J1A-K CALLIGRAPHY P2.pdf,OK,J1,J1A-K,CALLIGRAPHY,P2,,class=封面班级栏「J1A-K」；subject=封面科目栏「华文书法CALLIGRAPHY|姓名NAME」,"2025年芙蓉中华中学第二学期期末考试 | 2025Second SemesterFinal Examination,CHHS Seremban | 考卷资料 | 学生资料 | ExamPaperInformation | Student'sInformation | 科目Subject | 华文书法CALLIGRAPHY | 姓名Name | 试卷Paper | 2 | 班级Class | 时间Time | 30MINS | 学号Adm.No. | ( | ） | 班级Class | J1A-K | 得分Mark | 考生须知Instructions | 1.考生须依指定字范完成书法试卷。 | 2.限用楷书或隶书书写。 | 3.简体或繁体字均可，惟避免混用。 | 4.考生不可与考场内任何同学共用用具。不可带报纸进入考场，只允许以绒布做为桌垫。 | 5.考试进行中，考生不得外出清洗用具。 | 芙 | 6.每位考生限用两张米字格纸，并自选一张呈交。 | 7.题目卷及答案卷必须于考试结束时一并回收。"
Y,samples\校內考試（非UEC）\2026\2026\J1\2025-2-1 J1A~K MUSIC.pdf,2025-2-2 J1A-K MUSIC P1.pdf,OK,J1,J1A-K,MUSIC,P1,,class=封面班级栏「J1A-K」；subject=封面科目栏「音乐MUSIC|姓名NAME」,"2025年芙蓉中华中学第二学期期末考试 | 2025Second SemesterFinal Examination,CHHSSeremban | 考卷资料 | 学生资料 | Exam Paper Information | Student'sInformation | 科目Subject | 音乐MUSIC | 姓名Name | 试卷Paper | 1 | 班级Class | 时间Time | 30MINS | 学号Adm.No. | ( | 班级Class | J1A-K | 得分Mark | 考生须知Instructions | 1.本科考试共分为两个部分： | A项.歌唱(40%) | B项.选择题30题(60%) | 2.考生须回答B项30题选择题，请使用2B铅笔在OMR电脑卡上涂上所选择的答案。 | 3.此考卷共印有4页。 | 蓉 | 芙"
Y,samples\校內考試（非UEC）\2026\2026\J1\2025-2-1 J1A~K PBD GEO.pdf,2025-2-2 J1A-K PBD GEO P1.pdf,OK,J1,J1A-K,PBD GEO,P1,,class=封面班级栏「J1A-K」；subject=封面科目栏「政考地理GEOPBD|姓名NAME」,"2025年芙蓉中华中学第二学期期末考试 | 2025SecondSemesterFinalExamination,CHHSSeremban | 考卷资料 | 学生资料 | ExamPaperInformation | Student'sInformation | 科目Subject | 政考地理GEOPBD | 姓名Name | 试卷Paper | 班级Class | 1 | 时间Time | 1HR15MINS | 学号Adm.No. | ( | ( | 班级Class | J1A-K | 得分Mark | 考生须知Instructions | 1. | 本科试卷共分为两部份： | A项选择题(60%) | B 项综合题(40%) | 2. | A项选择题全作答。作答前需在OMR卡上正确填写考生姓名，学号，班级及用5B铅笔将对 | 应的小方格涂黑。 | 3.本科试卷共印6页。 | 蓉 | 芙 | 1.This question paper consists of 2 sections :"
Y,samples\校內考試（非UEC）\2026\2026\J1\2025-2-1 J1A~K PBD MATH.pdf,2025-2-2 J1A-K PBD MATH.pdf,OK,J1,J1A-K,PBD MATH,,,class=封面班级栏「J1A-K」；subject=封面科目栏「姓名NAME|PBDMATHEMATICS」,"2025年芙蓉中华中学第二学期期末考试 | 2025 Second Semester Final Examination, CHHS Seremban | 考卷资料 | 学生资料 | ExamPaperInformation | Student'sInformation | 政考数学 | 科目Subject | 姓名Name | PBDMATHEMATICS | 试卷Paper | 班级Class | - | 时间Time | 2HRS | 学号Adm.No. | ( | ) | 班级Class | J1A-K | 得分Mark | 考生须知Instructions | 1. The question paper consists of 8 pages. | 2. This question paper is divided into 2 sections which are sections A and B. Section A consists of 30 marks | (20 questions) and section B is 70 marks (16 questions)"
Y,samples\校內考試（非UEC）\2026\2026\J1\2025-2-1 J1A~K PBD SCIENCE.pdf,2025-2-2 J1A-K PBD SCIENCE P1.pdf,OK,J1,J1A-K,PBD SCIENCE,P1,,class=封面班级栏「J1A-K」；subject=封面科目栏「PBDSCIENCE|姓名NAME」,"2025年芙蓉中华中学第二学期期末考试 | 2025Second SemesterFinal Examination,CHHSSeremban | 考卷资料 | 学生资料 | Exam Paper Information | Student'sInformation | 科目Subject | PBD SCIENCE | 姓名Name | 试卷Paper | 班级Class | 1 | 时间Time | 1HR | 学号Adm.No. | ( | ) | 班级Class | J1A-K | 得分Mark | 考生须知Instructions | 1. This paper consists of 3 sections: | Section A: Objective Questions (40 marks) | SectionB:Structured Questions(20marks) | Section C: Subjective Questions (40 marks) | 2. Section A: Blacken your answers in OMR and with 2B "
Y,samples\校內考試（非UEC）\2026\2026\J1\2025-2-1 J1A~K UEC GEO.pdf,2025-2-2 J1A-K UEC GEO.pdf,OK,J1,J1A-K,UEC GEO,,,class=封面班级栏「J1A-K」；subject=封面科目栏「统考地理UGEO|姓名NAME」,"2025年芙蓉中华中学第二学期期末考试 | 2025 Second Semester Final Examination, CHHS Seremban | 考卷资料 | 学生资料 | ExamPaperInformation | Student'sInformation | 科目Subject | 统考地理UGEO | 姓名Name | 试卷Paper | 班级Class | - | 时间Time | 1HR 30MINS | 学号Adm.No. | ( | 班级Class | J1A-K | 得分Mark | 考生须知Instructions | 1．此试卷共分为三部分： | A.选择题 | (40%) | B.看图填充 | (40%) | C.问答题 | (20%) | 2. | 选择题答案须填写在OMR卡上。 | 芙 | J. | B项和C项答案须填写在特备答案卷上。 | 4.此试卷共印8面。"
Y,samples\校內考試（非UEC）\2026\2026\J1\2025-2-1 J1A~K UEC MATH.pdf,2025-2-2 J1A-K UEC MATHS.pdf,OK,J1,J1A-K,UEC MATHS,,,class=封面班级栏「J1A-K」；subject=封面科目栏「统考数学UECMATHS|姓名NAME」,"2025年芙蓉中华中学第二学期期末考试 | 2025 Second Semester Final Examination, CHHS Seremban | 考卷资料 | 学生资料 | ExamPaperInformation | Student's Information | 科目Subject | 统考数学UECMATHS | 姓名Name | 试卷Paper | 班级Class | 时间Time | 2HRS | 学号Adm.No. | （ | ) | 班级Class | J1A-K | 得分Mark | 考生须知Instructions | 1.此试卷共分为两个部分：A.选择题(30%)及B.作答题(70%)。 | 2.选择题15题全做，答案须写在选择题表格的空格内。 | 3.作答题16题全做，所有的答案必须做在每题的空间内，必要的演算必须清楚地写出。 | 4.只可用蓝色或黑色圆珠笔书写，惟可用铅笔画图。"
Y,samples\校內考試（非UEC）\2026\2026\J1\2025-2-1 J1A~K UEC SCIENCE.pdf,2025-2-2 J1A-K UEC SCIENCE.pdf,OK,J1,J1A-K,UEC SCIENCE,,,class=封面班级栏「J1A-K」；subject=封面科目栏「统考科学UECSCIENCE|姓名NAME」,"2025年芙蓉中华中学第二学期期末考试 | 2025 Second Semester Final Examination, CHHS Seremban | 考卷资料 | 学生资料 | ExamPaperInformation | Student's Information | 科目Subject | 统考科学UECSCIENCE | 姓名Name | 试卷Paper | 班级Class | 时间Time | 1HR | 学号Adm.No. | ( | ） | 班级Class | J1A-K | 得分Mark | 考生须知Instructions | 1.此试卷共分二部分：甲：选择题(60%) | 乙：作答题(40%) | 2.选择题30题全做。选出正确或最佳的答案，并以2B铅笔于OMR卡上涂黑该答案。 | 3.作答题5题全做，答案请用黑色或蓝色圆珠笔填写在试卷上。"
Y,samples\校內考試（非UEC）\2026\2026\J1\2025-2-1 J1A~K UHIS P1.pdf,2025-2-2 J1A-K UEC HISTORY P1.pdf,OK,J1,J1A-K,UEC HISTORY,P1,,class=封面班级栏「J1A-K」；subject=封面科目栏「历史UHIS&SEJ|姓名NAME」,"2025年芙蓉中华中学第二学期期末考试 | 2025SecondSemesterFinalExamination,CHHSSeremban | 考卷资料 | 学生资料 | ExamPaperInformation | Student'sInformation | 科目Subject | 历史UHIS&SEJ | 姓名Name | 试卷Paper | 1 | 班级Class | 时间Time | 1HR 30MINS | 学号Adm.No. | ( | 班级Class | J1A-K | 得分Mark | 考生须知Instructions | 1．本试卷共分成：甲组：选择题(50%)，乙组：综合题(20%)，丙组：简答题(30%)。 | 2. | 甲组选择题25题全做，选出正确或最佳的答案，用5B铅笔将OMIR卡上相应的小方格涂黑。 | 3. | 乙组综合题与丙组简答题，请作答于单线纸上。 | 芙 | 4. | ，只可用蓝色或黑色钢笔或圆珠笔书写。"
Y,samples\校內考試（非UEC）\2026\2026\J2\2025-2-1 J2A~I BM P1.pdf,2025-2-2 J2A-I BM P1.pdf,OK,J2,J2A-I,BM,P1,,class=封面班级栏「J2A-I」；subject=封面科目栏「BAHASAMELAYU|姓名NAME」,"2025年芙蓉中华中学第二学期期末考试 | 2025 Second Semester Final Examination, CHHS Seremban | 考卷资料 | 学生资料 | ExamPaper Information | Student'sInformation | 科目Subject | BAHASAMELAYU | 姓名Name | 试卷Paper | 1 | 班级Class | 时间Time | 1HR30MINS | 学号 Adm.No. | ( | ) | 班级Class | J2A-I | 得分Mark | 考生须知Instructions | ARAHAN: | UntukKegunaan Pemeriksa | Nama Pemeriksa: | 1. Buka kertas ujian ini apabila diberitahu | Markah | Markah | Bahagian | Soalan | Penuh | Diperoleh | 2.Tulis nama,nombor admin dan nama kelas | A | 1-15 | 1"
Y,samples\校內考試（非UEC）\2026\2026\J2\2025-2-1 J2A~I BM P2.pdf,2025-2-2 J2A-I BM P2.pdf,OK,J2,J2A-I,BM,P2,,class=封面班级栏「J2A-I」；subject=封面科目栏「BAHASAMELAYU|姓名NAME」,"2025年芙蓉中华中学第二学期期末考试 | 2025 Second Semester Final Examination, CHHS Seremban | 考卷资料 | 学生资料 | Exam Paper Information | Student'sInformation | 科目Subject | BAHASA MELAYU | 姓名Name | 试卷Paper | 2 | 班级Class | 时间Time | 1HR | 学号 Adm.No. | ( | 0 | 班级Class | J2A-I | 得分Mark | 考生须知Instructions | ARAHAN: | 1. Buka kertas ujian ini apabila diberitahu. | UntukKegunaanPemeriksa |  2. Tulis nama, nombor admin dan nama kelas pada | Nama Pemeriksa: | ruang yang disediakan. | Markah | Markah | Bahagian | Soalan"
Y,samples\校內考試（非UEC）\2026\2026\J2\2025-2-1 J2A~I PBD GEO.pdf,2025-2-2 J2A-I PBD GEO.pdf,OK,J2,J2A-I,PBD GEO,,,class=封面班级栏「J2A-I」；subject=封面科目栏「政考地理GEOPBD|姓名NAME」,"2025年芙蓉中华中学第二学期期末考试 | 2025SecondSemesterFinal Examination,CHHSSeremban | 考卷资料 | 学生资料 | Exam Paper Information | Student's Information | 科目Subject | 政考地理GEOPBD | 姓名Name | 试卷Paper | 班级Class | - | 时间Time | 1HR 15MINS | 学号Adm.No. | ( | 班级Class | J2A-I | 得分Mark | 考生须知Instructions | 1.本科试卷共分为二部份： | A项选择题(60%） | B项综合题(40%) | 2.A项选择题全作答。作答前需在OMR卡上正确填写考生姓名，学号，班级及用5B铅笔将对应 | 的小方格涂黑。 | 3.本科试卷共印7页。 | 蓉 | 芙 | paperconsistsof2sections:"
Y,samples\校內考試（非UEC）\2026\2026\J2\2025-2-1 J2A~I PBD MATHS.pdf,2025-2-2 J2A-I PBD MATH.pdf,OK,J2,J2A-I,PBD MATH,,,class=封面班级栏「J2A-I」；subject=封面科目栏「姓名NAME|PBDMATHEMATICS」,"2025年芙蓉中华中学第二学期期末考试 | 2025 Second Semester Final Examination, CHHS Seremban | 考卷资料 | 学生资料 | Exam Paper Information | Student'sInformation | 政考数学 | 科目Subject | 姓名Name | PBDMATHEMATICS | 试卷Paper | 班级Class | 时间Time | 2HRS | 学号Adm.No. | ( | 班级Class | J2A-I | 得分Mark | 考生须知Instructions | 1. This paper consists of 10 pages. | 2. The paper is divided into 2 sections: | 芙 | Section A-30% (20 questions) | Section B-70% (7 questions)"
Y,samples\校內考試（非UEC）\2026\2026\J2\2025-2-1 J2A~I PBD SCIENCE.pdf,2025-2-2 J2A-I PBD SCIENCE P1.pdf,OK,J2,J2A-I,PBD SCIENCE,P1,,class=封面班级栏「J2A-I」；subject=封面科目栏「政考科学PBDSCIENCE|姓名NAME」,"2025年芙蓉中华中学第二学期期末考试 | 2025Second SemesterFinal Examination,CHHS Seremban | 考卷资料 | 学生资料 | Exam Paper Information | Student's Information | 科目Subject | 政考科学PBDSCIENCE | 姓名Name | 试卷Paper | 班级Class | 1 | 时间Time | 1HR | 学号Adm.No. | ( | ) | 班级Class | J2A-I | 得分Mark | 考生须知Instructions | 1.This question paper consists of 7 pages. |  2. Answer ALL questions in Section A, Section B and Section C. | 3. Section A is objective questions (40%) followed by options A, B, C and D. Choose the best option for | ea"
Y,samples\校內考試（非UEC）\2026\2026\J2\2025-2-1 J2A~I PBD SEJARAH.pdf,2025-2-2 J2A-I PBD SEJARAH P1.pdf,OK,J2,J2A-I,PBD SEJARAH,P1,,class=封面班级栏「J2A-I」；subject=封面科目栏「PBDSEJARAH|姓名NAME」,"2025年芙蓉中华中学第二学期期末考试 | 2025Second SemesterFinal Examination, CHHS Seremban | 考卷资料 | 学生资料 | ExamPaperInformation | Student'sInformation | 科目Subject | PBDSEJARAH | 姓名Name | 试卷Paper | 1 | 班级Class | 时间Time | 1HR 15 MINS | 学号Adm.No. | 班级Class | J2A-I | 得分Mark | 考生须知Instructions | 1. Kertas soalan ini mengandungi 2 bahagian iaitu Bahagian A dan B. | 2. Calon mesti menjawab semua soalan dalam Bahagian A dan Bahagian B. | 3.Semua jawapan untukBahagian A perlu dijawab dalam kertas OMR. | 4. Semua jawapan "
Y,samples\校內考試（非UEC）\2026\2026\J2\2025-2-1 J2A~J BC P1.pdf,2025-2-2 J2A-J BC P1.pdf,OK,J2,J2A-J,BC,P1,,class=封面班级栏「J2A-J」；subject=封面科目栏「华文BC|姓名NAME」,"2025年芙蓉中华中学第二学期期末考试 | 2025Second SemesterFinal Examination,CHHSSeremban | 考卷资料 | 学生资料 | Exam PaperInformation | Student'sInformation | 科目Subject | 华文BC | 姓名Name | 试卷Paper | 1 | 班级Class | 时间Time | 1HR 45MINS | 学号Adm.No. | ( | ） | 班级Class | J2A-J | 得分Mark | 考生须知Instructions | 1.本科试卷共分两份： | 试卷一：写作(40%) | 试卷二：语文测验（60%) | 2.试卷一共分两组： | 甲组：作文共5题，选答1题。用白话文写作。不可用诗歌或戏剧体裁作答。文长至少350字。须 | 作答于作文稿纸上。 | 片 | 乙组：应用文共2题，选答1题。用白话文写作，按新式应用文格式书写。须作答于单线纸上。 | 3.只可用蓝色或黑色的原子笔书写。字迹不得过于潦草。"
Y,samples\校內考試（非UEC）\2026\2026\J2\2025-2-1 J2A~J BC P2.pdf,2025-2-2 J2A-J BC P2.pdf,OK,J2,J2A-J,BC,P2,,class=封面班级栏「J2A-J」；subject=封面科目栏「华文BC|姓名NAME」,"2025年芙蓉中华中学第二学期期末考试 | 2025Second SemesterFinalExamination,CHHSSeremban | 考卷资料 | 学生资料 | ExamPaper Information | Student'sInformation | 科目Subject | 华文BC | 姓名Name | 试卷Paper | 2 | 班级Class | 时间Time | 1HR 30MINS | 学号Adm.No. | （ | ） | 班级Class | J2A-J | 得分Mark | 考生须知Instructions | 1．本科试卷共分两份： | 试卷一：写作 (40%) | 试卷二：语文测验 (60%) | 2.试卷二题目共分三组： | 甲组：语文基础知识 | 乙组：现代文阅读 | 蓉 | 芙 | 丙组：文言文阅读 | 甲、乙 | 丙组的答案，须作答于特备作答纸的特备空格内。答题的编号必须与题目编号相符。"
Y,samples\校內考試（非UEC）\2026\2026\J2\2025-2-1 J2A~J BI P1.pdf,2025-2-2 J2A-J BI P1.pdf,OK,J2,J2A-J,BI,P1,,class=封面班级栏「J2A-J」；subject=封面科目栏「ENGLISHLANGUAGE|姓名NAME」,"2025年芙蓉中华中学第二学期期末考试 | 2025Second SemesterFinalExamination,CHHSSeremban | 考卷资料 | 学生资料 | ExamPaperInformation | Student'sInformation | 科目Subject | ENGLISHLANGUAGE | 姓名Name | 试卷Paper | 1 | 班级Class | 时间Time | 1HR30MINS | 学号Adm.No. | 班级Class | J2A-J | 得分Mark | 考生须知Instructions | 1. This subject comprises Paper 1 (40%) and Paper 2 (60%). | 2. Paper 1 consists of three sections: | Section A : Composition | (20%) | 芙 | Section B : Summary Writing (10%) | Section C : Cloze Test | (10%)"
Y,samples\校內考試（非UEC）\2026\2026\J2\2025-2-1 J2A~J BI P2.pdf,2025-2-2 J2A-J BI P2.pdf,OK,J2,J2A-J,BI,P2,,class=封面班级栏「J2A-J」；subject=封面科目栏「ENGLISHLANGUAGE|姓名NAME」,"2025年芙蓉中华中学第二学期期末考试 | 2025Second SemesterFinal Examination,CHHS Seremban | 考卷资料 | 学生资料 | Exam Paper Information | Student'sInformation | 科目 Subject | ENGLISH LANGUAGE | 姓名Name | 试卷Paper | 2 | 班级Class | 时间Time | 1HR30MINS | 学号Adm.No. | 班级Class | J2A-J | 得分Mark | 考生须知Instructions | 1. This subject comprises Paper 1 (40%) and Paper 2 (60%). | 2. Paper 2 consists of four sections: | Section A : Comprehension | (20%) | 芙 | Section B:Forms and Functions | (5%) | Section C  : Closest in Meaning | (10%)"
Y,samples\校內考試（非UEC）\2026\2026\J2\2025-2-1 J2A~J BM P1.pdf,2025-2-2 J2J BM P1.pdf,OK,J2,J2J,BM,P1,,class=封面班级栏「J2J」；subject=封面科目栏「BAHASAMALAYSIA|姓名NAME」,"2025年芙蓉中华中学第二学期期末考试 | 2025 Second Semester Final Examination, CHHS Seremban | 考卷资料 | 学生资料 | Exam Paper Information | Student'sInformation | 科目Subject | BAHASAMALAYSIA | 姓名Name | 试卷Paper | 1 | 班级Class | 时间Time | 1HR30MINS | 学号Adm.No. | ( | ) | 班级Class | J2J | 得分Mark | 考生须知Instructions | 1. Kertas 1 mengandungi 3 bahagian. | Bahagian A: Karangan, | 蓉 | 芙 | Bahagian B: Rumusan, | Bahagian C: Kefahaman."
Y,samples\校內考試（非UEC）\2026\2026\J2\2025-2-1 J2A~J BM P2.pdf,2025-2-2 J2J BM P2.pdf,OK,J2,J2J,BM,P2,,class=封面班级栏「J2J」；subject=封面科目栏「BAHASAMALAYSIA|姓名NAME」,"2025年芙蓉中华中学第二学期期末考试 | 2025Second SemesterFinal Examination,CHHS Seremban | 考卷资料 | 学生资料 | Exam Paper Information | Student's Information | 科目Subject | BAHASAMALAYSIA | 姓名Name | 试卷Paper | 2 | 班级Class | 时间Time | 1HR | 学号Adm.No. | ( | ） | 班级Class | J2J | 得分Mark | 考生须知Instructions | 1. | Jawab semua 50 soalan dalam Kertas 2. Bagi setiap soalan, pilih jawapan yang betul atau yang paling | tepat. | 2. | Kemudian hitamkan ruang bekenaan pada kertas jawapan OMR yang dibekalkan dengan pensel 2B. | Kertas "
Y,samples\校內考試（非UEC）\2026\2026\J2\2025-2-1 J2A~J CALLIGRAPHY.pdf,2025-2-2 J2A-J CALLIGRAPHY P2.pdf,OK,J2,J2A-J,CALLIGRAPHY,P2,,class=封面班级栏「J2A-J」；subject=封面科目栏「华文书法CALLIGRAPHY|姓名NAME」,"2025年芙蓉中华中学第二学期期末考试 | 2025 Second Semester Final Examination, CHHS Seremban | 考卷资料 | 学生资料 | Exam Paper Information | Student's Information | 科目Subject | 华文书法CALLIGRAPHY | 姓名Name | 试卷Paper | 2 | 班级Class | 时间Time | 30MINS | 学号Adm.No. | ( | ） | 班级Class | J2A-J | 得分Mark | 考生须知Instructions | 1.考生须依指定字范完成书法试卷。 | 2.限用楷书或隶书书写。 | 3.简体或繁体字均可，惟避免混用。 | 4.考生不可与考场内任何同学共用用具。不可带报纸进入考场，只允许以绒布做为桌垫。 | 5.考试进行中，考生不得外出清洗用具。 | 6.每位考生限用两张米字格纸，并自选一张呈交。"
Y,samples\校內考試（非UEC）\2026\2026\J2\2025-2-1 J2A~J MUSIC.pdf,2025-2-2 J2A-J MUSIC.pdf,OK,J2,J2A-J,MUSIC,,,class=封面班级栏「J2A-J」；subject=封面科目栏「音乐MUSIC|姓名NAME」,"2025年芙蓉中华中学第二学期期末考试 | 2025 Second SemesterFinal Examination,CHHS Seremban | 考卷资料 | 学生资料 | Exam Paper Information | Student's Information | 科目Subject | 音乐MUSIC | 姓名Name | 试卷Paper | - | 班级Class | 时间Time | 30MINS | 学号Adm.No. | ( | ） | 班级Class | J2A-J | 得分Mark | 考生须知Instructions | 1.本试卷共有选择题20题，总分20%。 | 2. | 回答所有的问题。请使用2B铅笔涂在OMR电脑卡。 | 3. | 此考卷共印有3页。 | 1. | This paper consists of 20 multiple-choice questions, with a total score of 20%. | 、 | Answer all the questions.Mark the answer with 2B pencil on "
Y,samples\校內考試（非UEC）\2026\2026\J2\2025-2-1 J2A~J UEC MATHS.pdf,2025-2-2 J2A-J UEC MATHS P1.pdf,OK,J2,J2A-J,UEC MATHS,P1,,class=封面班级栏「J2A-J」；subject=封面科目栏「统考数学UECMATHS|姓名NAME」,"2025年芙蓉中华中学第二学期期末考试 | 2025 Second Semester Final Examination,CHHS Seremban | 考卷资料 | 学生资料 | ExamPaperInformation | Student'sInformation | 科目Subject | 统考数学UECMATHS | 姓名Name | 试卷Paper | 班级Class | 一 | 时间Time | 2HRS | 学号Adm.No. | 班级 | Class | J2A-J | 得分Mark | 考生须知Instructions | 1.此试卷共分为两个部分：A.选择题（30%）及B.作答题（70%）。 | 2.选择题15题全做，答案须写在选择题表格的空格内。 | 作答题14题全做，所有的答案必须做在每题的空间内，必要的演算必须清楚地写出。 | 画图"
Y,samples\校內考試（非UEC）\2026\2026\J2\2025-2-1 J2A~J UEC SCIENCE.pdf,2025-2-2 J2A-J UEC SCIENCE.pdf,OK,J2,J2A-J,UEC SCIENCE,,,class=封面班级栏「J2A-J」；subject=封面科目栏「统考科学UECSCIENCE|姓名NAME」,"2025年芙蓉中华中学第二学期期末考试 | 2025Second SemesterFinalExamination,CHHSSeremban | 考卷资料 | 学生资料 | ExamPaperInformation | Student'sInformation | 科目Subject | 统考科学UECSCIENCE | 姓名Name | 试卷Paper | 班级Class | - | 时间Time | 1HR | 学号Adm.No. | ( | （ | 班级Class | J2A-J | 得分Mark | 考生须知Instructions | 1.此试卷共分二部分： | 甲组：选择题(60%) | 乙组：作答题(40%) | 2.选择题30题全做。选出正确或最佳的答案，然后用5B铅笔填写在OMR纸。 | 3.作答题5题全做，答案填写在作答卷中。"
,samples\校內考試（非UEC）\2026\2026\J2\2025-2-1 J2A~J UGEO.pdf,2025-2-2 J2A-J UEC GEO.pdf,REVIEW,J2,J2A-J,UEC GEO,,试卷栏「、」看不出是第几卷,class=封面班级栏「J2A-J」；subject=封面科目栏「统考地理UGEO|姓名NAME」,"2025年芙蓉中华中学第二学期期末考试 | 2025Second SemesterFinalExamination,CHHSSeremban | 考卷资料 | 学生资料 | Exam Paper Information | Student's Information | 科目Subject | 统考地理UGEO | 姓名Name | 试卷Paper | 班级Class | 、 | 时间Time | 1HR30MINS | 学号Adm.No. | ( | 班级Class | J2A-J | 得分Mark | 考生须知Instructions | 1.此试卷共分为三部分： | A.选择题 | (40%) | B.看图填充 | (30%) | C.问答题 | (30%) | 2. | 选择题答案须填写在OMR卡上。 | 3. | B项和C项答案须填写在特备答案卷上 | 芙 | ．此试卷共印8面。 | +"
Y,samples\校內考試（非UEC）\2026\2026\J2\2025-2-1 J2A~J UHIS.pdf,2025-2-2 J2A-J UEC HISTORY P1.pdf,OK,J2,J2A-J,UEC HISTORY,P1,,class=封面班级栏「J2A-J」；subject=封面科目栏「统考历史UHIS|姓名NAME」,"2025年芙蓉中华中学第二学期期末考试 | 2025SecondSemesterFinalExamination,CHHSSeremban | 考卷资料 | 学生资料 | ExamPaperInformation | Student'sInformation | 科目Subject | 统考历史UHIS | 姓名Name | 试卷Paper | 1 | 班级Class | 时间Time | 1HR30MINS | 学号Adm.No. | ( | 班级Class | J2A-J | 得分Mark | 考生须知Instructions | 1.本试卷共分成：甲组：选择题 (50%)，乙组：综合题 (20%)，丙组：简答题(30%) | 2.甲组选择题25题全做，选出正确或最佳的答案，用5B铅笔将OMIR卡上相应的小方格涂黑。 | ！乙组综合题与丙组简答题，请作答于单线纸上。不必抄题，惟试题号码须书写清楚。 | 圆珠笔书写"
Y,samples\校內考試（非UEC）\2026\2026\J3\2025-2-1 J3A~I PBD GEO.pdf,2025-2-2 J3A-I PBD GEO.pdf,OK,J3,J3A-I,PBD GEO,,,class=封面班级栏「J3A-I」；subject=封面科目栏「政考地理GEOPBD|姓名NAME」,"2025年芙蓉中华中学第二学期期末考试 | 2025Second SemesterFinal Examination,CHHS Seremban | 考卷资料 | 学生资料 | Exam Paper Information | Student's Information | 科目Subject | 政考地理GEOPBD | 姓名Name | 试卷Paper | 班级Class | 时间Time | 1HR 15MINS | 学号Adm.No. | ( | 班级Class | J3A-I | 得分Mark | 考生须知Instructions | 1.本科试卷共分为两部份： | A项选择题 (60%) | B项综合题(40%) | 2.A项选择题全作答。作答前需在OMR卡上正确填写考生姓名，学号，班级及用5B铅笔将对应 | 的小方格涂黑。 | 蓉 | 芙 | 3.本科试卷共印7页。"
Y,samples\校內考試（非UEC）\2026\2026\J3\2025-2-1 J3A~I PBD MATHS.pdf,2025-2-2 J3A-I PBD MATH.pdf,OK,J3,J3A-I,PBD MATH,,,class=封面班级栏「J3A-I」；subject=封面科目栏「政考数学PBDMATHS|姓名NAME」,"2025年芙蓉中华中学第二学期期末考试 | 2025 Second Semester Final Examination, CHHS Seremban | 考卷资料 | 学生资料 | Exam Paper Information | Student's Information | 科目Subject | 政考数学PBDMATHS | 姓名Name | 试卷Paper | - | 班级Class | 时间Time | 2HRS | 学号Adm.No. | ） | 班级Class | J3A-I | 得分Mark | 考生须知Instructions | 1. This question paper consists of 9 pages. | 2.This question paper consists of 2 sections: | 芙 | *ection A: 20 question (30%) | 容 | Section B: 7 question (70%)"
Y,samples\校內考試（非UEC）\2026\2026\J3\2025-2-1 J3A~I PBD SCIENCE.pdf,2025-2-2 J3A-I PBD SCIENCE P1.pdf,OK,J3,J3A-I,PBD SCIENCE,P1,,class=封面班级栏「J3A-I」；subject=封面科目栏「政考科学PBDSCIENCE|姓名NAME」,"2025年芙蓉中华中学第二学期期末考试 | 2025 Second Semester Final Examination, CHHS Seremban | 考卷资料 | 学生资料 | ExamPaperInformation | Student'sInformation | 科目Subject | 政考科学PBD SCIENCE | 姓名Name | 试卷Paper | 班级Class | 1 | 时间Time | 1HR30MINS | 学号Adm.No. | ( | C | 班级Class | J3A-I | 得分Mark | 考生须知Instructions | 1. This paper consists of three sections; | (a) Section A: 20 objective questions (40%) | (b) Section B: 5 structure questions (20%) | (c) Section C: 5 subjective questions (40%) | Answer ALL questions in Section"
,samples\校內考試（非UEC）\2026\2026\J3\2025-2-1 J3A~J ARTS P1.pdf,,REVIEW,J3,,,,封面是「统考预考」格式（有科目代号，如 JY08），不是本校期考的表格封面。J3/S3 的 UEC 科目期考似乎直接沿用统考预考试卷 —— 这份请改用统考预考（UEC_Trial_Renamer 原本的辨识）流程处理，不要套用本校内考试命名。,,2025年度芙蓉中华中学独中统一考试预考 | 初中组 | 美术 | (JY08) | 试卷一美术常识 | 日期： | 2025年9月26日 | 时间： | 12.45 p.m. - 1.15 p.m. | (30分钟) | 蓉 | 芙 | 考生须知
,samples\校內考試（非UEC）\2026\2026\J3\2025-2-1 J3A~J BC P1.pdf,,REVIEW,J3,,,,封面是「统考预考」格式（有科目代号，如 JY08），不是本校期考的表格封面。J3/S3 的 UEC 科目期考似乎直接沿用统考预考试卷 —— 这份请改用统考预考（UEC_Trial_Renamer 原本的辨识）流程处理，不要套用本校内考试命名。,,2025年度芙蓉中华中学独中统一考试预考 | 初中组 | 华文 | (JY01) | 试卷一写作 | 日期：2025年9月24日 | 时间：8.30a.m-10.15a.m. | （1小时45分钟） | 考生须知 | （一）本科试卷共分两份： | 试卷一：写作 | ( 40% ) | 芙 | 试卷二：语文测验 | ( 60% )
,samples\校內考試（非UEC）\2026\2026\J3\2025-2-1 J3A~J BC P2.pdf,,REVIEW,J3,,,,封面是「统考预考」格式（有科目代号，如 JY08），不是本校期考的表格封面。J3/S3 的 UEC 科目期考似乎直接沿用统考预考试卷 —— 这份请改用统考预考（UEC_Trial_Renamer 原本的辨识）流程处理，不要套用本校内考试命名。,,2025年度芙蓉中华中学独中统一考试预考 | 初中组 | 华文 | (JY01) | 试卷二 | 语文测验 | 日期：2025年9月24日 | 时间：10.30a.m-12.00p.m. | （1小时30分钟） | 考生须知 | （一）本科试卷共分两份： | 试卷一：写作 | (40% ) | 芙 | 试卷二：语文测验（60%） | 二）试卷二题目共分三组：
,samples\校內考試（非UEC）\2026\2026\J3\2025-2-1 J3A~J BM P1.pdf,,REVIEW,J3,,,,封面是「统考预考」格式（有科目代号，如 JY08），不是本校期考的表格封面。J3/S3 的 UEC 科目期考似乎直接沿用统考预考试卷 —— 这份请改用统考预考（UEC_Trial_Renamer 原本的辨识）流程处理，不要套用本校内考试命名。,,"PEPERIKSAAN PERCUBAAN PEPERIKSAAN BERSAMA(2025) | SEKOLAHMENENGAHPERSENDIRIANCINAMALAYSIA | SEKOLAHTINGGICHUNGHUA,SEREMBAN | Bahagian Menengah Rendah | BAHASAMALAYSIA | (JY02) | KERTAS1UJIANBERTULIS | Tarikh : 23 September 2025 | Masa: 8.30 a.m. -10:15 a.m. | (1 jam 45 minit ) | 蓉 | 芙 | ARAHANKEPADACALON"
,samples\校內考試（非UEC）\2026\2026\J3\2025-2-1 J3A~J BM P2.pdf,,REVIEW,J3,,,,封面是「统考预考」格式（有科目代号，如 JY08），不是本校期考的表格封面。J3/S3 的 UEC 科目期考似乎直接沿用统考预考试卷 —— 这份请改用统考预考（UEC_Trial_Renamer 原本的辨识）流程处理，不要套用本校内考试命名。,,"PEPERIKSAANPERCUBAANPEPERIKSAANBERSAMA(2025) | SEKOLAHMENENGAHPERSENDIRIANCINAMALAYSIA | SEKOLAHTINGGICHUNGHUA,SEREMBAN | BahagianMenengah Rendah | BAHASAMALAYSIA | (JY02) | KERTAS2UJIANOBJEKTIF | Tarikh : 23 September 2025 | Masa : 10.30 a.m.-11.45 a.m. | (1 jam 15 minit ) | 芙 | ARAHANKEPADACALON"
Y,samples\校內考試（非UEC）\2026\2026\J3\2025-2-1 J3A~J PBD SEJ P1.pdf,2025-2-2 J3A-I PBD SEJARAH P1.pdf,OK,J3,J3A-I,PBD SEJARAH,P1,,class=封面班级栏「J3A-I」；subject=封面科目栏「PBDSEJARAH|姓名NAME」,"2025年芙蓉中华中学第二学期期末考试 | 2025 Second Semester Final Examination, CHHS Seremban | 考卷资料 | 学生资料 | ExamPaperInformation | Student'sInformation | 科目Subject | PBD SEJARAH | 姓名Name | 试卷Paper | 1 | 班级Class | 时间Time | 1HR 15MINS | 学号Adm.No. | ( | ) | 班级Class | J3A-I | 得分Mark | 考生须知Instructions | 1. Kertas soalan ini mengandungi 3 bahagian iaitu Bahagian A, B dan C. | 2. Calon mesti menjawab semua soalan dalam Bahagian A dan Bahagian B, dan jawab satu soalan sahaja | di Bahagian C. | 芙 | 3.Semua jawapan untu"
,samples\校內考試（非UEC）\2026\2026\J3\2025-2-1 J3A~J UBI P1.pdf,,REVIEW,J3,,,,封面是「统考预考」格式（有科目代号，如 JY08），不是本校期考的表格封面。J3/S3 的 UEC 科目期考似乎直接沿用统考预考试卷 —— 这份请改用统考预考（UEC_Trial_Renamer 原本的辨识）流程处理，不要套用本校内考试命名。,,"THEUNIFIEDTRIALEXAMINATION(2025) | INDEPENDENTCHINESESECONDARY SCHOOLS | CHUNGHUAHIGHSCHOOL,SEREMBAN | JuniorMiddleLevel | ENGLISHLANGUAGE | (JY03) | PAPER1 | Date : 25 September 2025 | Time: 8.30 a.m. -10.15 a.m. | (1 hour 45 minutes) | 芙 | INSTRUCTIONSTOCANDIDATES"
,samples\校內考試（非UEC）\2026\2026\J3\2025-2-1 J3A~J UBI P2.pdf,,REVIEW,J3,,,,封面是「统考预考」格式（有科目代号，如 JY08），不是本校期考的表格封面。J3/S3 的 UEC 科目期考似乎直接沿用统考预考试卷 —— 这份请改用统考预考（UEC_Trial_Renamer 原本的辨识）流程处理，不要套用本校内考试命名。,,"THEUNIFIED TRIAL EXAMINATION (2025) | INDEPENDENTCHINESESECONDARYSCHOOLS | CHUNGHUAHIGHSCHOOL,SEREMBAN | JuniorMiddleLevel | ENGLISHLANGUAGE | (JY03) | PAPER2 | Date | :25September2025 | Time | : 10.30 a.m. -11.50 a.m. | (1 hour 20 minutes) | 芙 | INSTRUCTIONSTOCANDIDATES | This subject comprisesPaper1(40%)and Paper 2(60%)."
,samples\校內考試（非UEC）\2026\2026\J3\2025-2-1 J3A~J UGEO P1.pdf,,REVIEW,J3,,,,封面是「统考预考」格式（有科目代号，如 JY08），不是本校期考的表格封面。J3/S3 的 UEC 科目期考似乎直接沿用统考预考试卷 —— 这份请改用统考预考（UEC_Trial_Renamer 原本的辨识）流程处理，不要套用本校内考试命名。,,2025年度芙蓉中华中学独中统一考试预考 | 初中组 | 地理 | (JY07) | 试卷一选择题 | 日期：2025年9月24日 | 时间：1.00p.m-2.00p.m. | (1小时) | 蓉 | 芙 | 考生须知
,samples\校內考試（非UEC）\2026\2026\J3\2025-2-1 J3A~J UGEO P2.pdf,,REVIEW,J3,,,,封面是「统考预考」格式（有科目代号，如 JY08），不是本校期考的表格封面。J3/S3 的 UEC 科目期考似乎直接沿用统考预考试卷 —— 这份请改用统考预考（UEC_Trial_Renamer 原本的辨识）流程处理，不要套用本校内考试命名。,,2025年度芙蓉中华中学独中统一考试预考 | 初中组 | 地理 | (JY07) | 试卷二作答题 | 日期：2025年9月24日 | 时间：2.15p.m-3.35p.m. | （1小时20分钟） | 考生须知 | 芙 | （一）本科试卷共分两份： | 试卷一：选择题 | 50%
,samples\校內考試（非UEC）\2026\2026\J3\2025-2-1 J3A~J UHIS P1.pdf,,REVIEW,J3,,,,封面是「统考预考」格式（有科目代号，如 JY08），不是本校期考的表格封面。J3/S3 的 UEC 科目期考似乎直接沿用统考预考试卷 —— 这份请改用统考预考（UEC_Trial_Renamer 原本的辨识）流程处理，不要套用本校内考试命名。,,2025年度芙蓉中华中学独中统一考试预考 | 初中组 | 历史 | (JY06) | 试卷二甲部选择题 | 日期：2025年9月25日 | 时间：12.50 p.m.-1.40 p.m. | (50分钟) | 蓉 | 芙 | 考生须知
,samples\校內考試（非UEC）\2026\2026\J3\2025-2-1 J3A~J UHIS P2.pdf,,REVIEW,J3,,,,封面是「统考预考」格式（有科目代号，如 JY08），不是本校期考的表格封面。J3/S3 的 UEC 科目期考似乎直接沿用统考预考试卷 —— 这份请改用统考预考（UEC_Trial_Renamer 原本的辨识）流程处理，不要套用本校内考试命名。,,2025年度芙蓉中华中学独中统一考试预考 | 初中组 | 历史 | (JY06) | 试卷二乙部作答题 | 日期：2025年9月25日 | 时间：1.55 p.m.-3.05 p.m. | (1小时10分钟) | 考生须知 | （一）本科试卷共分两份： | 试卷一：作业报告（20%） | 芙 | 试卷二：甲部选择题(40%) | 7部作答题（40%
,samples\校內考試（非UEC）\2026\2026\J3\2025-2-1 J3A~J UMATHS P1.pdf,,REVIEW,J3,,,,封面是「统考预考」格式（有科目代号，如 JY08），不是本校期考的表格封面。J3/S3 的 UEC 科目期考似乎直接沿用统考预考试卷 —— 这份请改用统考预考（UEC_Trial_Renamer 原本的辨识）流程处理，不要套用本校内考试命名。,,2025年度芙蓉中华中学独中统一考试预考 | 初中组 | 数学 | (JC04) | 试卷一选择题 | 日期：2025年9月26日 | 时间：8.30 a.m.-9.50 a.m. | (1小时20分钟) | 蓉 | 芙 | 考生须知
,samples\校內考試（非UEC）\2026\2026\J3\2025-2-1 J3A~J UMATHS P2.pdf,,REVIEW,J3,,,,封面是「统考预考」格式（有科目代号，如 JY08），不是本校期考的表格封面。J3/S3 的 UEC 科目期考似乎直接沿用统考预考试卷 —— 这份请改用统考预考（UEC_Trial_Renamer 原本的辨识）流程处理，不要套用本校内考试命名。,,2025年度芙蓉中华中学独中统一考试预考 | 初中组 | 数学 | (JC04) | 试卷二作答题 | 日期：2025年9月26日 | 时间：10.05a.m.-11.45a.m. | (1小时40分钟) | 考生须知 | 芙 | 本科试卷共分两份： | 一 | 试券
,samples\校內考試（非UEC）\2026\2026\J3\2025-2-1 J3A~J USCIENCE P1.pdf,,REVIEW,J3,,,,封面是「统考预考」格式（有科目代号，如 JY08），不是本校期考的表格封面。J3/S3 的 UEC 科目期考似乎直接沿用统考预考试卷 —— 这份请改用统考预考（UEC_Trial_Renamer 原本的辨识）流程处理，不要套用本校内考试命名。,,2025年度芙蓉中华中学独中统一考试预考 | 初中组 | 索 | (JC05) | 试卷一选择题 | 日期：2025年9月23日 | 时间：12.45 p.m.-1.55 p.m. | (1小时10分钟) | 蓉 | 芙
,samples\校內考試（非UEC）\2026\2026\J3\2025-2-1 J3A~J USCIENCE P2.pdf,,REVIEW,J3,,,,封面是「统考预考」格式（有科目代号，如 JY08），不是本校期考的表格封面。J3/S3 的 UEC 科目期考似乎直接沿用统考预考试卷 —— 这份请改用统考预考（UEC_Trial_Renamer 原本的辨识）流程处理，不要套用本校内考试命名。,,2025年度芙蓉中华中学独中统一考试预考 | 初中组 | (JC05) | 试卷二 | 作答题 | 日期：2025年9月23日 | 时间：2.10p.m.-3.30p.m. | （1小时20分钟） | 考生须知 | （一）本科试卷共分两份： | 试卷一：选择题（50%) | 试卷二：作答题（50%） | 芙 | （二）试卷二共分两组：
,samples\校內考試（非UEC）\2026\2026\J3\2025-2-1 J3J ARTS P2.pdf,,REVIEW,J3,,,,封面是「统考预考」格式（有科目代号，如 JY08），不是本校期考的表格封面。J3/S3 的 UEC 科目期考似乎直接沿用统考预考试卷 —— 这份请改用统考预考（UEC_Trial_Renamer 原本的辨识）流程处理，不要套用本校内考试命名。,,2025年度芙蓉中华中学独中统一考试预考 | 初中组 | 美术 | (JY08) | 试卷二静物素描 | 日期： | 2025年9月26日 | 时间： | 1.30 p.m. - 4.00 p.m. | （2小时30分钟） | 考生须知 | 芙 | 本科试卷共分两份。 | 一 | 试券 | 美术常识 | 400/
Y,samples\校內考試（非UEC）\2026\2026\J3\2025-2-1 J3J MUSIC.pdf,2025-2-2 J3J MUSIC.pdf,OK,J3,J3J,MUSIC,,,class=封面班级栏「J3J」；subject=封面科目栏「音乐MUSIC|姓名NAME」,"2025年芙蓉中华中学第二学期期末考试 | 2025 Second Semester Final Examination, CHHS Seremban | 考卷资料 | 学生资料 | ExamPaperInformation | Student's Information | 科目Subject | 音乐MUSIC | 姓名Name | 试卷Paper | 班级Class | 时间Time | 1HR | 学号Adm.No. | ( | 班级Class | J3J | 得分Mark | 考生须知Instructions | 1.本试卷共有选择题10题，基本乐理20题和作曲1题，总共100%。 | 2.请使用2B铅笔回答所有的问题。 | 3.此考卷共印有6页。 | .. This paper consists of 10 objctive questions, 20 music thory questions and a composition, total 100%. | 2. Answer all the questions with 2B pencil."
Y,"samples\校內考試（非UEC）\2026\2026\S1\2025-2-1 AC1A, C1A-F,U1A UEC ACCOUNTING.pdf","2025-2-2 AC1A, C1A-F, U1A UEC BOOKKEEPING.pdf",OK,S1,"AC1A, C1A-F, U1A",UEC BOOKKEEPING,,,"class=封面班级栏「AC1A,C1A-F,U1A」；class_streams=商科班、文商班、统考班（不考SPM）；subject=封面科目栏「统考薄记UECACCOUNTING|姓名NAME」","2025年芙蓉中华中学第二学期期末考试 | 2025Second SemesterFinal Examination,CHHSSeremban | 考卷资料 | 学生资料 | ExamPaperInformation | Student's Information | 科目Subject | 统考薄记UECACCOUNTING | 姓名Name | 试卷Paper | 班级Class | 时间Time | 2HRS | 学号Adm.No. | （ | ( | 班级Class | AC1A,C1A-F,U1A | 得分Mark | 考生须知Instructions | 1. Compulsory answer all the questions. | 2.Anwer Question 1 on the provided Special Answer Sheet. | 芙 | 3.Workingsmust be shown."
Y,"samples\校內考試（非UEC）\2026\2026\S1\2025-2-1 AC1A, C1A-F,U1A UEC BUSINESS.pdf","2025-2-2 AC1A, C1A-F, U1A UEC BUSINESS.pdf",OK,S1,"AC1A, C1A-F, U1A",UEC BUSINESS,,,"class=封面班级栏「AC1A,C1A-F,U1A」；class_streams=商科班、文商班、统考班（不考SPM）；subject=封面科目栏「商业学UECBUSINESS|姓名NAME」","2025年芙蓉中华中学第二学期期末考试 | 2025 Second Semester Final Examination, CHHS Seremban | 考卷资料 | 学生资料 | ExamPaperInformation | Student'sInformation | 科目Subject | 商业学UEC BUSINESS | 姓名Name | 试卷Paper | - | 班级Class | 时间Time | 2HRS | 学号Adm.No. | 班级Class | AC1A,C1A-F,U1A | 得分Mark | 考生须知Instructions | 1.此试卷共分两部分：部分一：选择题(30%)， | 部分二：作答题(70%)。 | 2.部分一：选择题，20题全做，每题1.5分。 | 3.部分二：作答题分二组：甲组-必答题(55%,4题全做)。 | 乙组-个案题一题（15%,1题全答）。 | .每题必须用新的一面(前后）作答，请勿与前一题接同一页作答。芙 | 5.只可用蓝色或黑色的钢珠笔或圆珠笔书写。 | 颐 | 马必须书写清楚"
Y,"samples\校內考試（非UEC）\2026\2026\S1\2025-2-1 AC1A, C1A-F,U1A UEC ECONOMICS.pdf","2025-2-2 AC1A, C1A-F, U1A UEC ECONOMICS.pdf",OK,S1,"AC1A, C1A-F, U1A",UEC ECONOMICS,,,"class=封面班级栏「AC1A,C1A-F,U1A」；class_streams=商科班、文商班、统考班（不考SPM）；subject=封面科目栏「姓名NAME|UECECONOMICS」","2025年芙蓉中华中学第二学期期末考试 | 2025SecondSemesterFinalExamination,CHHSSeremban | 考卷资料 | 学生资料 | ExamPaperInformation | Student'sInformation | 统考经济学 | 科目Subject | 姓名Name | UECECONOMICS | 试卷Paper | 班级Class | 时间Time | 2HRS | 学号Adm.No. | ( | 班级Class | AC1A,C1A-F,U1A | 得分Mark | 考生须知Instructions | 1.此试卷共分两部分：部分一.选择题(40%) | 部分二.作答题(60%) | 2.部分一：选择题20题全做，每题2%。请把考生学号及正确的答案填写在电脑卡(OMR卡)中。 | 3.部分二：作答题4题全做，每题15%。 | +.每题作答题必须用新的一页（前后）纸作答，不要和前一题接在同一页作答。 | 5.只可用蓝色或黑色的钢珠笔或圆珠笔书写，惟可用铅笔画图。"
,"samples\校內考試（非UEC）\2026\2026\S1\2025-2-1 AC1A,C1A-B,C1D SPM ADD. MATHS..pdf","2025-2-2 AC1A, C1A-B, C1D SPM ADD MATHS.pdf",REVIEW,S1,"AC1A, C1A-B, C1D",SPM ADD MATHS,,试卷栏「=」看不出是第几卷,"class=封面班级栏「AC1A,C1A-B,C1D」；class_streams=商科班、文商班；subject=封面科目栏「姓名NAME|SPMADDITIONALMATHS.」","2025年芙蓉中华中学第二学期期末考试 | 2025 Second Semester Final Examination,CHHS Seremban | 考卷资料 | 学生资料 | ExamPaperInformation | Student'sInformation | 政考附数(选修) | 科目Subject | 姓名Name | SPMADDITIONALMATHS. | 试卷Paper | 班级Class | = | 时间Time | 2HRS | 学号Adm.No. | ( | 班级Class | AC1A, C1A-B, C1D | 得分Mark | 考生须知Instructions | 1. This paper consists of 15 questions on 5 printed pages. | 蓉 | 芙 | Answer all questions. | 3. Show your working. It may help you to get marks."
Y,"samples\校內考試（非UEC）\2026\2026\S1\2025-2-1 AC1A,C1A-F SPM MATHS.pdf","2025-2-2 AC1A, C1A-F SPM MATH P1.pdf",OK,S1,"AC1A, C1A-F",SPM MATH,P1,,"class=封面班级栏「AC1A,C1A-F」；class_streams=商科班、文商班；subject=封面科目栏「姓名NAME|SPMMATHEMATICS」","2025年芙蓉中华中学第二学期期末考试 | 2025Second SemesterFinalExamination,CHHSSeremban | 考卷资料 | 学生资料 | ExamPaperInformation | Student'sInformation | 政考数学 | 科目Subject | 姓名Name | SPMMATHEMATICS | 试卷Paper | 1 | 班级Class | 时间Time | 2 HRS | 学号Adm.No. | ( | ） | 班级Class | AC1A,C1A-F | 得分Mark | 考生须知Instructions | 1. This paper consists of two sections: | Section A: Multiple choice questions (40%). 2% for each question, and answer all 20 questions. | Section B: Subjective questions (60%). Answer all 11 questions. | 芙 | 2"
Y,"samples\校內考試（非UEC）\2026\2026\S1\2025-2-1 AC1A,C1A-F SPM SCIECE.pdf","2025-2-2 AC1A, C1A-F SPM SCIENCE P1.pdf",OK,S1,"AC1A, C1A-F",SPM SCIENCE,P1,,"class=封面班级栏「AC1A,C1A-F」；class_streams=商科班、文商班；subject=封面科目栏「政考科学SPMSCIENCE|姓名NAME」","2025年芙蓉中华中学第二学期期末考试 | 2025Second Semester FinalExamination,CHHS Seremban | 考卷资料 | 学生资料 | Exam Paper Information | Student's Information | 科目Subject | 政考科学SPMSCIENCE | 姓名Name | 试卷Paper | 班级Class | 1 | 时间Time | 1HR 30MINS | 学号Adm.No. | ( | = | 班级Class | AC1A, C1A-F | 得分Mark | 考生须知Instructions | 1. This paper consists of 9 pages. | 2. Answer ALL the questions in Section A, Section B and Section C. | 3. Section A: Objective questions [30 marks]: Blacken your answers in OMR with 2B pencil. | 4. Secti"
Y,"samples\校內考試（非UEC）\2026\2026\S1\2025-2-1 AC1A,C1A-F,U1A  UEC ADV. MATHS.pdf","2025-2-2 AC1A, C1A-F, U1A UEC ADV MATHS P1.pdf",OK,S1,"AC1A, C1A-F, U1A",UEC ADV MATHS,P1,,"class=封面班级栏「AC1A,C1A-F,U1A」；class_streams=商科班、文商班、统考班（不考SPM）；subject=封面科目栏「姓名NAME|UECADVANCEDMATHEMATICS」","2025年芙蓉中华中学第二学期期末考试 | 2025Second SemesterFinal Examination,CHHSSeremban | 考卷资料 | 学生资料 | ExamPaper Information | Student'sInformation | 统考高级数学 | 科目Subject | 姓名Name | UEC Advanced Mathematics | 试卷Paper | 1 | 班级Class | 时间Time | 2HRS | 学号Adm.No. | C | 班级Class | AC1A,C1A-F,U1A | 得分Mark | 考生须知Instructions | 1.此试卷共分两部分： | A.选择题(16%)。每题2分，8题全做。把答案填写在第2页的空格中。 | B.作答题(84%)。10题全做。 | 2.此试卷共有5页。 | 芙 | ).数学公式表在第2页。 | 4.考生可使用CASIOfx-570MS，CASIOfx-570MS-2，CASIO fx-350MS，CASIO fx-350MS-2,"
Y,"samples\校內考試（非UEC）\2026\2026\S1\2025-2-1 AC1A,U1A UGEO.pdf","2025-2-2 AC1A, U1A UEC GEO.pdf",OK,S1,"AC1A, U1A",UEC GEO,,,"class=封面班级栏「AC1A,U1A」；class_streams=文商班、统考班（不考SPM）；subject=封面科目栏「统考地理UGEO|姓名NAME」","2025年芙蓉中华中学第二学期期末考试 | 2025SecondSemesterFinalExamination,CHHSSeremban | 考卷资料 | 学生资料 | Exam Paper Information | Student's Information | 科目Subject | 统考地理UGEO | 姓名Name | 试卷Paper | 班级Class | 时间Time | 1HR30MINS | 学号Adm.No. | ( | ） | 班级Class | AC1A,U1A | 得分Mark | 考生须知Instructions | 1.此试卷共分为三部分： | 甲组、选择题（40%） | 乙组、综合题（40%） | 丙组、问答题（20%） | 2.甲组选择题40题全做。选出正确或最佳答案，用5B铅笔将OMR卡上相应的小方格涂黑。"
Y,"samples\校內考試（非UEC）\2026\2026\S1\2025-2-1 AC1A,U1A UHIS P1.pdf","2025-2-2 AC1A, U1A UEC HISTORY P1.pdf",OK,S1,"AC1A, U1A",UEC HISTORY,P1,,"class=封面班级栏「AC1A,U1A」；class_streams=文商班、统考班（不考SPM）；subject=封面科目栏「统考历史UHIS|姓名NAME」","2025年芙蓉中华中学第二学期期末考试 | 2025Second SemesterFinalExamination,CHHS Seremban | 考卷资料 | 学生资料 | ExamPaperInformation | Student'sInformation | 科目Subject | 统考历史UHIS | 姓名Name | 试卷Paper | 1 | 班级Class | 时间Time | 1HR30MINS | 学号Adm.No. | ( | 1 | 班级Class | AC1A,U1A | 得分Mark | 考生须知Instructions | 1.本试卷共分成四个部分：A项选择题(40%)，B项填空题(10%)，C项看图简答(5%),及 | D项选答题(45%)。 | 2.A项选择题20题全做。选出正确或最佳的答案，用5B铅笔将OMR卡上相应的小方格涂黑。 | .B项至D项，须全作答在单线纸上 | 只可用蓝色或黑色钢笔或圆珠笔书写"
Y,samples\校內考試（非UEC）\2026\2026\S1\2025-2-1 S1 ALL BM P1.pdf,"2025-2-2 S1A-B, AC1A, C1A-F BM P1.pdf",OK,S1,"S1A-B, AC1A, C1A-F",BM,P1,,"class=封面班级栏「S1A-B,AC1A,C1A-F」；class_streams=商科班、文商班、理科班；subject=封面科目栏「BAHASAMALAYSIA|姓名NAME」","2025年芙蓉中华中学第二学期期末考试 | 2025Second SemesterFinal Examination,CHHS Seremban | 考卷资料 | 学生资料 | ExamPaperInformation | Student's Information | 科目Subject | BAHASAMALAYSIA | 姓名Name | 试卷Paper | 1 | 班级Class | 时间Time | 2HR | 学号Adm.No. | ( | ） | 班级Class | S1A-B,AC1A,C1A-F | 得分Mark | 考生须知Instructions | 1. Kertas soalan ini terdiri daripada dua bahagian,iaitu Bahagian A dan Bahagian B | 2. Calon diwajibkan menjawabSEMUA bahagian. | . Jawaban anda perlu dijawab dalam kertas kajang yang disediakan. | 芙 |   e s d"
Y,samples\校內考試（非UEC）\2026\2026\S1\2025-2-1 S1_ALL BC P1.pdf,"2025-2-2 S1A-B, AC1A, C1A-F, U1A BC P1.pdf",OK,S1,"S1A-B, AC1A, C1A-F, U1A",BC,P1,,"class=封面班级栏「S1A-B,AC1A,C1A-F,U1A」；class_streams=商科班、文商班、理科班、统考班（不考SPM）；subject=封面科目栏「华文BC|姓名NAME」","2025年芙蓉中华中学第二学期期末考试 | 2025Second SemesterFinal Examination,CHHSSeremban | 考卷资料 | 学生资料 | ExamPaperInformation | Student's Information | 科目Subject | 华文BC | 姓名Name | 试卷Paper | 1 | 班级Class | 时间Time | 1HR 45MINS | 学号Adm.No. | ( | ( | 班级 | Class | S1A-B, AC1A, C1A-F, U1A | 得分Mark | 考生须知Instructions | 1.本科试卷共分两份： | 试卷一：写作 | (40%) | 试卷二：语文测验 (60%) | 2.．试卷一共分两组： | 甲组： | 作文共5题，选答1题。用白话文写作。不可用诗歌或戏剧体裁作答。文长至少500 | 字。须作答于作文稿纸上。 | 乙组： | 应用文共2题，选答1题。用白话文写作，按新式应用文格式书写。须作答于单线"
Y,samples\校內考試（非UEC）\2026\2026\S1\2025-2-1 S1_ALL BC P2.pdf,"2025-2-2 S1A-B, AC1A, C1A-F, U1A BC P2.pdf",OK,S1,"S1A-B, AC1A, C1A-F, U1A",BC,P2,,"class=封面班级栏「S1A-B,AC1A,C1A-F,U1A」；class_streams=商科班、文商班、理科班、统考班（不考SPM）；subject=封面科目栏「华文BC|姓名NAME」","2025年芙蓉中华中学第二学期期末考试 | 2025SecondSemesterFinalExamination,CHHSSeremban | 考卷资料 | 学生资料 | Exam Paper Information | Student'sInformation | 科目Subject | 华文BC | 姓名Name | 试卷Paper | 2 | 班级Class | 时间Time | 1HR 45MINS | 学号Adm.No. | ( | > | 班级Class | S1A-B,AC1A,C1A-F,U1A | 得分Mark | 考生须知Instructions | 1．本科试卷共分两份： | 试卷一：写作 | (40%) | 试卷二：语文测验(60%) | 2. | 试卷二题目共分三组： | 甲组：语文基础知识与文学文化常识 | 芙 | 乙组：现代文阅读 | 丙组：古诗文阅读"
Y,samples\校內考試（非UEC）\2026\2026\S1\2025-2-1 S1A-B SPM ADD. MATHS.pdf,2025-2-2 S1A-B SPM ADD MATHS.pdf,OK,S1,S1A-B,SPM ADD MATHS,,,class=封面班级栏「S1A-B」；class_streams=理科班；subject=封面科目栏「姓名NAME|SPMADDITIONALMATHS.」,"2025年芙蓉中华中学第二学期期末考试 | 2025 Second Semester Final Examination, CHHS Seremban | 考卷资料 | 学生资料 | ExamPaperInformation | Student'sInformation | 政考附数 | 科目Subject | 姓名Name | SPMADDITIONALMATHS. | 试卷Paper | 班级Class | - | 时间Time | 2HRS | 学号Adm.No. | ( | 班级Class | S1A-B | 得分Mark | 考生须知Instructions | 1. This paper consists of 15 questions on 5 printed pages. | 芙 | Answer all questions. | 蓉 | 3. Show your working. It may help you to get marks."
Y,samples\校內考試（非UEC）\2026\2026\S1\2025-2-1 S1A-B SPM BIOLOGY.pdf,2025-2-2 S1A-B SPM BIOLOGY P1.pdf,OK,S1,S1A-B,SPM BIOLOGY,P1,,class=封面班级栏「S1A-B」；class_streams=理科班；subject=封面科目栏「政考生物SPMBIOLOGY|姓名NAME」,"2025年芙蓉中华中学第二学期期末考试 | 2025 Second SemesterFinal Examination,CHHS Seremban | 考卷资料 | 学生资料 | Exam Paper Information | Student'sInformation | 科目Subject | 政考生物SPMBIOLOGY | 姓名Name | 试卷Paper | 班级Class | 1 | 时间Time | 2HRS | 学号Adm.No. | ( | ） | 班级Class | S1A-B | 得分Mark | 考生须知Instructions | 1. This question paper consists of 8 pages. | 芙 | 2. | There are three sections in this paper. | 3. | SectionA consistsof30 objectives.For each | auest | select the bes | from the optionsA.B | nswe"
Y,samples\校內考試（非UEC）\2026\2026\S1\2025-2-1 S1A-B SPM CHEM.pdf,2025-2-2 S1A-B SPM CHEMISTRY.pdf,OK,S1,S1A-B,SPM CHEMISTRY,,,class=封面班级栏「S1A-B」；class_streams=理科班；subject=封面科目栏「政考化学SPMCHEMISTRY|姓名NAME」,"2025年芙蓉中华中学第二学期期末考试 | 2025SecondSemesterFinalExamination,CHHSSeremban | 考卷资料 | 学生资料 | ExamPaperInformation | Student'sInformation | 科目Subject | 政考化学SPMCHEMISTRY | 姓名Name | 试卷Paper | 班级Class | - | 时间Time | 2HRS | 学号Adm.No. | ( | 班级Class | S1A-B | 得分Mark | 考生须知Instructions | 1. | The question paper consists of 12 printed pages. | 2. | Read the instructions carefully. | 3.This paper consists of three sections: | Section A: Objective Questions [30 marks] |  - Answer all the questions in OMR card pro"
Y,samples\校內考試（非UEC）\2026\2026\S1\2025-2-1 S1A-B SPM PHYSICS.pdf,2025-2-2 S1A-B SPM PHYSICS P1.pdf,OK,S1,S1A-B,SPM PHYSICS,P1,,class=封面班级栏「S1A-B」；class_streams=理科班；subject=封面科目栏「政考物理SPMPHYSICS|姓名NAME」,"2025年芙蓉中华中学第二学期期末考试 | 2025Second SemesterFinalExamination,CHHSSeremban | 考卷资料 | 学生资料 | ExamPaperInformation | Student'sInformation | 科目Subject | 政考物理SPMPHYSICS | 姓名Name | 试卷Paper | 班级Class | 1 | 时间Time | 2HRS | 学号Adm.No. | ( | 班级Class | S1A-B | 得分Mark | 考生须知Instructions | 1. The question paper consists of 12 pages. | 2. Answer all questions. | 3. Write your answer for Section A in OMR, Section B in spaces provided in this question paper and Section C | in single paper provided. | 蓉 | 芙"
,samples\校內考試（非UEC）\2026\2026\S1\2025-2-1 S1A-B UEC ADV MATHS Ⅱ.pdf,2025-2-2 S1A-B UEC ADV MATHS Ⅱ.pdf,REVIEW,S1,S1A-B,UEC ADV MATHS Ⅱ,,"试卷栏「,」看不出是第几卷",class=封面班级栏「S1A-B」；class_streams=理科班；subject=封面科目栏「姓名NAME|UECADVANCEDMATHEMATICSII」,"2025年芙蓉中华中学第二学期期末考试 | 2025 Second Semester Final Examination,CHHS Seremban | 考卷资料 | 学生资料 | ExamPaperInformation | Student'sInformation | 统考高级数学ⅡI | 科目Subject | 姓名Name | UEC Advanced Mathematics II | 试卷Paper | ， | 班级Class | 时间Time | 2HRS | 学号Adm.No. | ( | 班级Class | S1A-B | 得分Mark | 考生须知Instructions | 1.此试卷共分两部分： | A.选择题(16%)。每题2分，8题全做。把答案填写在第2页的空格中。 | B.作答题(84%)。11题全做。 | 2.此试卷共有5页。 | 芙 | 3.数学公式表在第2页。 | 4.考生可使用CASIO fx-570MS，CASIO fx-570MS-2，CASIOfx-350MS，CASIO fx-350MS-2,"
,samples\校內考試（非UEC）\2026\2026\S1\2025-2-1 S1A-B UEC BIOLOGY.pdf,2025-2-2 S1A-B UEC BIOLOGY.pdf,REVIEW,S1,S1A-B,UEC BIOLOGY,,"试卷栏「,」看不出是第几卷",class=封面班级栏「S1A-B」；class_streams=理科班；subject=封面科目栏「统考生物UECBIOLOGY|姓名NAME」,"2025年芙蓉中华中学第二学期期末考试 | 2025Second SemesterFinalExamination,CHHSSeremban | 考卷资料 | 学生资料 | Exam Paper Information | Student's Information | 科目Subject | 统考生物UECBIOLOGY | 姓名Name | 试卷Paper | ， | 班级Class | 时间Time | 1HR30MINS | 学号Adm.No. | ( | > | 班级Class | S1A-B | 得分Mark | 考生须知Instructions | 1．此试卷共印有6页。 | 2.此试卷共分两部分：A.选择题(40%)及B.作答题(60%)。 | 3. | 选择题20题全做，选出最佳答案，然后用5B铅笔将OMR卡上相应的字母所在的小圈涂黑。 | 4.作答题5题全做。答案填写在作答卷中。 | 芙 | 口"
Y,samples\校內考試（非UEC）\2026\2026\S1\2025-2-1 S1A-B UEC CHEM.pdf,2025-2-2 S1A-B UEC CHEMISTRY.pdf,OK,S1,S1A-B,UEC CHEMISTRY,,,class=封面班级栏「S1A-B」；class_streams=理科班；subject=封面科目栏「统考化学UECCHEMISTRY|姓名NAME」,"2025年芙蓉中华中学第二学期期末考试 | 2025Second SemesterFinalExamination,CHHS Seremban | 考卷资料 | 学生资料 | Exam Paper Information | Student's Information | 科目Subject | 统考化学UECCHEMISTRY | 姓名Name | 试卷Paper | 班级Class | - | 时间Time | 1HR30MINS | 学号Adm.No. | 班级Class | S1A-B | 得分Mark | 考生须知Instructions | 1. The question paper consists of 7 printed pages. | 2. | Read the instructions carefully. | 3. This paper consists of three sections: | Section A: Objective Questions (40%) |  - Answer all the questions in OMR card prov"
,samples\校內考試（非UEC）\2026\2026\S1\2025-2-1 S1A-B UEC PHYSICS.pdf,2025-2-2 S1A-B UEC PHYSICS.pdf,REVIEW,S1,S1A-B,UEC PHYSICS,,试卷栏「、」看不出是第几卷,class=封面班级栏「S1A-B」；class_streams=理科班；subject=封面科目栏「统考物理UECPHYSICS|姓名NAME」,"2025年芙蓉中华中学第二学期期末考试 | 2025Second Semester Final Examination, CHHS Seremban | 考卷资料 | 学生资料 | Exam Paper Information | Student'sInformation | 科目Subject | 统考物理UECPHYSICS | 姓名Name | 试卷Paper | 、 | 班级Class | 时间Time | 1HR 30MINS | 学号Adm.No. | ( | 1 | 班级Class | S1A-B | 得分Mark | 考生须知Instructions | 1. The question paper consists of 8 pages. | 2.Answer all questions. | 3. Write your answer for Section A in OMR and Section B in spaces provided in this question paper. | 蓉 | 芙"
Y,"samples\校內考試（非UEC）\2026\2026\S1\2025-2-1 S1A-B, AC1A,C1A-F,U1A BI P2.pdf","2025-2-2 S1A-B, AC1A, C1A-F, U1A BI P2.pdf",OK,S1,"S1A-B, AC1A, C1A-F, U1A",BI,P2,,"class=封面班级栏「S1A-B,AC1A,C1A-F,U1A」；class_streams=商科班、文商班、理科班、统考班（不考SPM）；subject=封面科目栏「ENGLISHLANGUAGE|姓名NAME」","2025年芙蓉中华中学第二学期期末考试 | 2025 Second Semester Final Examination,CHHS Seremban | 考卷资料 | 学生资料 | ExamPaper Information | Student'sInformation | 科目Subject | ENGLISHLANGUAGE | 姓名Name | 试卷Paper | 2 | 班级Class | 时间Time | 1HR30MINS | 学号Adm.No. | 班级Class | S1A-B,AC1A,C1A-F,U1A | 得分Mark | 考生须知Instructions | 1. This subject comprises four papers: | Paper 1: Reading and Use of English (1119/1) | (40%) | Paper 2: Writing (1119/2) | (60%) | Paper 3: Speaking (1119/3) | (24%) | 芙 | Paper 4: Listening (1119/4) | (3"
Y,"samples\校內考試（非UEC）\2026\2026\S1\2025-2-1 S1A-B,AC1A, C1A-F  PEND. MORAL SPM.pdf","2025-2-2 S1A-B, AC1A, C1A-F SPM P. MORAL P1.pdf",OK,S1,"S1A-B, AC1A, C1A-F",SPM P. MORAL,P1,,"class=封面班级栏「S1A-B,AC1A,C1A-F」；class_streams=商科班、文商班、理科班；subject=封面科目栏「PENDIDIKANMORALSPM|姓名NAME」","2025年芙蓉中华中学第二学期期末考试 | 2025Second SemesterFinal Examination, CHHS Seremban | 考卷资料 | 学生资料 | Exam PaperInformation | Student'sInformation | 科目Subject | PENDIDIKANMORALSPM | 姓名Name | 试卷Paper | 1 | 班级Class | 时间Time | 2HR30MINS | 学号Adm.No. | ( | 班级Class | S1A-B, AC1A, C1A-F | 得分Mark | 考生须知Instructions | 1. Kertas soalan ini mengandungi tiga bahagian: | Bahagian A: 5 soalan -(50 markah) | 芙 | Bahagian B: 2 soalan - (10 markah) | Bahagian C: 2 soalan - (40 markah)"
,"samples\校內考試（非UEC）\2026\2026\S1\2025-2-1 S1A-B,AC1A, C1A-F  SPM P. SENI.pdf","2025-2-2 S1A-B, AC1A, C1A-F SPM P. SENI.pdf",REVIEW,S1,"S1A-B, AC1A, C1A-F",SPM P. SENI,,试卷栏「、」看不出是第几卷；有 2 个档案得到同一个新档名,"class=封面班级栏「S1A-B,AC1A,C1A-F」；class_streams=商科班、文商班、理科班；subject=封面科目栏「政考美术SPMP.SENI(选修)|姓名NAME」","2025年芙蓉中华中学第二学期期末考试Q | 2025SecondSemesterFinalExamination,CHHSSeremban | 考卷资料 | 学生资料 | ExamPaperInformation | Student'sInformation | 科目Subject | 政考美术SPMP.SENI(选修) | 姓名Name | 试卷Paper | 、 | 班级Class | 时间Time | 2HRS30MINS | 学号Adm.No. | ( | ） | 班级Class | S1A-B,AC1A,C1A-F | 得分Mark | 考生须知Instructions | 1. | 作画媒材必须以不透明水彩广告颜料和透明水彩颜料为主。 | 2. | 不可携带任何书刊、报纸或图片进入考场，考生不可与考场内任何同学共用一切用具。 | 3. | 考试进行中考生不得外出更换洗刷画笔所需的水。 | 4. | 如有启用第二张画纸，请在背面注明“备用纸”。 | 芙 | 5. | 请将考卷与作废的画纸一同回收，视为废纸处理。 | 6. | 请在画纸背面注明姓名、学号、班级与所选择的题目编"
Y,"samples\校內考試（非UEC）\2026\2026\S1\2025-2-1 S1A-B,AC1A, C1A-F  SPM SEJ P1.pdf","2025-2-2 S1A-B, AC1A, C1A-F SPM SEJARAH P1.pdf",OK,S1,"S1A-B, AC1A, C1A-F",SPM SEJARAH,P1,,"class=封面班级栏「S1A-B,AC1A,C1A-F」；class_streams=商科班、文商班、理科班；subject=封面科目栏「SPMSEJARAH|姓名NAME」","2025年芙蓉中华中学第二学期期末考试 | 2025Second SemesterFinal Examination,CHHS Seremban | 考卷资料 | 学生资料 | ExamPaperInformation | Student's Information | 科目Subject | SPMSEJARAH | 姓名Name | 试卷Paper | 1 | 班级Class | 时间Time | 2HRS | 学号Adm.No. | ( | 一 | 班级Class | S1A-B,AC1A,C1A-F | 得分Mark | 考生须知Instructions | 1. Kertas soalan ini mengandungi 3 bahagian iaitu Bahagian A, B dan C. | 2. Calon mesti menjawab semua soalan dalam Bahagian A dan Bahagian B, dan jawab dua soalan sahaja di | Bahagian C. | 芙 | 3. Semua jawapan un"
Y,"samples\校內考試（非UEC）\2026\2026\S1\2025-2-1 S1A-B,AC1A, C1A-F , U1A BI P1.pdf","2025-2-2 S1A-B, AC1A, C1A-F, U1A BI P1.pdf",OK,S1,"S1A-B, AC1A, C1A-F, U1A",BI,P1,,"class=封面班级栏「S1A-B,AC1A,CIA-F,U1A」；class_streams=商科班、文商班、理科班、统考班（不考SPM）；subject=封面科目栏「ENGLISHLANGUAGE|姓名NAME」","2025年芙蓉中华中学第二学期期末考试 | 2025 Second Semester Final Examination, CHHS Seremban | 考卷资料 | 学生资料 | ExamPaperInformation | Student's Information | 科目Subject | ENGLISH LANGUAGE | 姓名Name | 试卷Paper | 1 | 班级Class | 时间Time | 1HR30MINS | 学号Adm.No. | 班级Class | S1A-B,AC1A,CIA-F,U1A | 得分Mark | 考生须知Instructions | 1.This subject comprises four papers: | Paper 1: Reading and Use of English (1119/1) | (40%) | Paper 2: Writing( | (1119/2) | (60%) | Paper 3: Speaking (1119/3) | (24%) | 芙 | Paper 4: Listening (1119/4) "
Y,"samples\校內考試（非UEC）\2026\2026\S1\2025-2-1 S1A-B,AC1A, C1A-F BM P2.pdf","2025-2-2 S1A-B, AC1A, C1A-F BM P2.pdf",OK,S1,"S1A-B, AC1A, C1A-F",BM,P2,,"class=封面班级栏「S1A-B,AC1A,C1A-F」；class_streams=商科班、文商班、理科班；subject=封面科目栏「BAHASAMALAYSIA|姓名NAME」","2025年芙蓉中华中学第二学期期末考试 | 2025SecondSemesterFinalExamination,CHHSSeremban | 考卷资料 | 学生资料 | ExamPaperInformation | Student'sInformation | 科目Subject | BAHASAMALAYSIA | 姓名Name | 试卷Paper | 2 | 班级Class | 时间Time | 2HR30MINS | 学号Adm.No. | ( | 1 | 班级Class | S1A-B,AC1A, C1A-F | 得分Mark | 考生须知Instructions | 1. Kertas soalan ini terdiri daripada tiga bahagian, iaitu Bahagian A, Bahagian B, dan Bahagian C. | 2.Calon diwajibkan menjawab SEMUA bahagian. | 芙 | 2. Jawaban anda perlu dijawab dalam kertas kajang yang d"
Y,"samples\校內考試（非UEC）\2026\2026\S1\2025-2-1 S1A-B,AC1A, C1A-F CHINESE LITERATURE.pdf","2025-2-2 S1A-B, AC1A, C1A-F CHINESE LITERATURE.pdf",OK,S1,"S1A-B, AC1A, C1A-F",CHINESE LITERATURE,,,"class=封面班级栏「S1A-B,AC1A,C1A-F」；class_streams=商科班、文商班、理科班；subject=封面科目栏「姓名NAME|CHINESELITERATURE」","2025年芙蓉中华中学第二学期期末考试 | 2025Second SemesterFinalExamination,CHHS Seremban | 考卷资料 | 学生资料 | Exam Paper Information | Student's Information | 华文文学 (选修) | 科目Subject | 姓名Name | CHINESELITERATURE | 试卷Paper | - | 班级Class | 时间Time | 2HR 30MINS | 学号Adm.No. | ( | 1 | 班级Class | S1A-B,AC1A,C1A-F | 得分Mark | 考生须知Instructions | 1.此试卷共有三个部分： | (一）文选60% | (二)小说20% | （三）戏剧20% | 芙 | 2.共须回答10题，各题10分。 | 3.第一部分甲、乙两组：甲组必答两题，乙组选答四题"
,"samples\校內考試（非UEC）\2026\2026\S1\2025-2-1 S1A-B,AC1A, C1A-F SPM P. SENI.pdf","2025-2-2 S1A-B, AC1A, C1A-F SPM P. SENI.pdf",REVIEW,S1,"S1A-B, AC1A, C1A-F",SPM P. SENI,,"试卷栏「,」看不出是第几卷；有 2 个档案得到同一个新档名","class=封面班级栏「S1A-B,AC1A,C1A-F」；class_streams=商科班、文商班、理科班；subject=封面科目栏「政考美术SPMP.SENI(选修)|姓名NAME」","2025年芙蓉中华中学第二学期期末考试 | 2025 Second Semester Final Examination, CHHS Seremban | 考卷资料 | 学生资料 | ExamPaper Information | Student'sInformation | 科目Subject | 政考美术SPMP.SENI(选修) | 姓名Name | 试卷Paper | ， | 班级Class | 时间Time | 2HRS30MINS | 学号Adm.No. | （ | ） | 班级Class | S1A-B,AC1A,C1A-F | 得分Mark | 考生须知Instructions | 1. | 作画媒材必须以不透明水彩广告颜料和透明水彩颜料为主。 | 2. | 不可携带任何书刊、报纸或图片进入考场，考生不可与考场内任何同学共用一切用具。 | 3. | 考试进行中考生不得外出更换洗刷画笔所需的水。 | 4. | 如有启用第二张画纸，请在背面注明“备用纸”。 | 芙 | 5. | 请将考卷与作废的画纸一同回收，视为废纸处理。 | 6. | 请在画纸背面注明姓名、学号、班级与所"
Y,samples\校內考試（非UEC）\2026\2026\S1\2025-2-1 S1B P. ISLAM SPM.pdf,2025-2-2 S1B SPM P. ISLAM P1.pdf,OK,S1,S1B,SPM P. ISLAM,P1,,class=封面班级栏「S1B」；class_streams=理科班；subject=封面科目栏「PENDIDIKANISLAMSPM|姓名NAME」,"2025年芙蓉中华中学第二学期期末考试 | 2025Second SemesterFinalExamination,CHHSSeremban | 考卷资料 | 学生资料 | Exam Paper Information | Student'sInformation | 科目Subject | PENDIDIKANISLAMSPM | 姓名Name | 试卷Paper | 1 | 班级Class | 时间Time | 2HRS30MINS | 学号Adm.No. | ( | ） | 班级Class | S1B | 得分Mark | 考生须知Instructions | 1. Kertas ini mengandungi 5 soalan iaitu soalan bahagian Al Quran & Hadis,Akidah,Feqah dan Sirah dan | Tamadum Islam&Akhlak Islamiyyah. |  Tulis jawapan dalam kertas garis satu yang dibekalkan oleh pengawas peperi"
,samples\校內考試（非UEC）\2026\2026\S1\2025-2-1 U1A ART.pdf,2025-2-2 U1A ART.pdf,REVIEW,S1,U1A,ART,,"试卷栏「""」看不出是第几卷",class=封面班级栏「U1A」；class_streams=统考班（不考SPM）；subject=封面科目栏「美术ART(选修)|姓名NAME」,"2025年芙蓉中华中学第二学期期末考试 | 2025Second SemesterFinal Examination,CHHS Seremban | 考卷资料 | 学生资料 | ExamPaperInformation | Student'sInformation | 科目Subject | 美术ART(选修) | 姓名Name | 试卷Paper | 班级Class | "" | 时间Time | 2HR30MINS | 学号Adm.No. | ( | ) | 班级Class | U1A | 得分Mark | 考生须知Instructions | 1.作画媒材必须以不透明水彩广告颜料和透明水彩颜料为主。 | 2.不可携带任何书刊、报纸或图片进入考场，考生不可与考场内任何同学共用一切用具。 | 3.考试进行中考生不得外出更换洗刷画笔所需的水。 | 芙 | 1.如有启用第二张画纸，请在背面注明“备用纸”。 | 5.请将考卷与作废的画纸一同回收，视为废纸处理。"
Y,samples\校內考試（非UEC）\2026\2026\S1\2025-2-1 U1A BM P1.pdf,2025-2-2 U1A BM P1.pdf,OK,S1,U1A,BM,P1,,class=封面班级栏「U1A」；class_streams=统考班（不考SPM）；subject=封面科目栏「BAHASAMALAYSIA|姓名NAME」,"2025年芙蓉中华中学第二学期期末考试 | 2025 Second Semester Final Examination, CHHS Seremban | 考卷资料 | 学生资料 | ExamPaperInformation | Student'sInformation | 科目Subject | BAHASAMALAYSIA | 姓名Name | 试卷Paper | 1 | 班级Class | 时间Time | 1HR 50MINS | 学号Adm.No. | ( | ) | 班级Class | U1A | 得分Mark | 考生须知Instructions | 1. Kertas soalan ini terdiri daripada dua bahagian, iaitu Bahagian A dan Bahagian B. | 2. Calon diwajibkan menjawab SEMUA bahagian. | 3. Jawaban anda perlu dijawab dalam kertas kajang yang disediakan. | 芙 | 4. Tuli"
Y,samples\校內考試（非UEC）\2026\2026\S1\2025-2-1 U1A BM P2.pdf,2025-2-2 U1A BM P2.pdf,OK,S1,U1A,BM,P2,,class=封面班级栏「U1A」；class_streams=统考班（不考SPM）；subject=封面科目栏「BAHASAMALAYSIA|姓名NAME」,"2025年芙蓉中华中学第二学期期末考试 | 2025 Second SemesterFinal Examination, CHHS Seremban | 考卷资料 | 学生资料 | ExamPaper Information | Student'sInformation | 科目Subject | BAHASAMALAYSIA | 姓名Name | 试卷Paper | 2 | 班级Class | 时间Time | 1HR50MINS | 学号Adm.No. | ( | 1 | 班级Class | U1A | 得分Mark | 考生须知Instructions | 1. Kertas soalan ini terdiri daripada tiga bahagian, iaitu Bahagian A, Bahagian B, dan Bahagian C. | 2. Calon diwajibkan menjawab SEMUA bahagian. | 2 Jawaban anda perlu dijawab dalam kertas kajang yang disediakan. |"
Y,samples\校內考試（非UEC）\2026\2026\S1\2025-2-1 U1A MUSIC.pdf,2025-2-2 U1A MUSIC P1.pdf,OK,S1,U1A,MUSIC,P1,,class=封面班级栏「U1A」；class_streams=统考班（不考SPM）；subject=封面科目栏「音乐MUSIC|姓名NAME」,"2025年芙蓉中华中学第二学期期末考试 | 2025 Second Semester Final Examination, CHHS Seremban | 考卷资料 | 学生资料 | ExamPaperInformation | Student'sInformation | 科目Subject | 音乐MUSIC | 姓名Name | 试卷Paper | 班级Class | 一 | 时间Time | 1HR | 学号Adm.No. | ( | 班级Class | U1A | 得分Mark | 考生须知Instructions | 1.本试卷有A项选择题和B项基本乐理，总共100%。 | 2.请使用2B铅笔回答所有的问题。 | 3.此考卷共印有4页。 | . This paper consists of 2 sections. Section A contains objective questions and section B is basic music | theory, making up a total of 100%."
Y,"samples\校內考試（非UEC）\2026\2026\S2\2025-2-1 AC2A, C2A-E, U2A ADV MATHS.pdf","2025-2-2 AC2A, C2A-E, U2A UEC ADV MATHS.pdf",OK,S2,"AC2A, C2A-E, U2A",UEC ADV MATHS,,,"class=封面班级栏「AC2A,C2A-E,U2A」；class_streams=商科班、文商班、统考班（不考SPM）；subject=封面科目栏「姓名NAME|UECADVANCEDMATHEMATICS」","2025年芙蓉中华中学第二学期期末考试 | 2025 Second Semester Final Examination, CHHS Seremban | 考卷资料 | 学生资料 | ExamPaperInformation | Student's Information | 统考高级数学 | 科目Subject | 姓名Name | UECAdvanced Mathematics | 试卷Paper | 班级Class | 时间Time | 2HRS | 学号Adm.No. | ( | 班级Class | AC2A, C2A-E, U2A | 得分Mark | 考生须知Instructions | 1.此试卷共分两部分： | A.选择题(20%)。每题2分，10题全做。把答案填写在第3页的空格中。 | B.作答题(80%)。9题全做。 | 芙 | _.此试卷共有6页。 | 3.数学公式表在第2页。"
Y,"samples\校內考試（非UEC）\2026\2026\S2\2025-2-1 AC2A, C2A-E, U2A UEC BUSINESS.pdf","2025-2-2 AC2A, C2A-E, U2A UEC BUSINESS.pdf",OK,S2,"AC2A, C2A-E, U2A",UEC BUSINESS,,,"class=封面班级栏「AC2A,C2A-E,U2A」；class_streams=商科班、文商班、统考班（不考SPM）；subject=封面科目栏「商业学UECBUSINESS|姓名NAME」","2025年芙蓉中华中学第二学期期末考试 | 2025Second SemesterFinalExamination,CHHS Seremban | 考卷资料 | 学生资料 | Exam Paper Information | Student'sInformation | 科目Subject | 商业学 UEC BUSINESS | 姓名Name | 试卷Paper | 班级Class | 时间Time | 2HRS | 学号Adm.No. | 班级Class | AC2A, C2A-E, U2A | 得分Mark | 考生须知Instructions | 1.此试卷共分两部分：部分一：选择题(30%), | 部分二：作答题(70%)。 | 2.部分一：选择题，30题全做，每题1分。 | 3.部分二：作答题分二组：甲组-必答题(55%,4题全做)。 | 乙組-个案题一题(15%,1题全答)。 | 4.每题必须用新的一面(前后)作答，请勿与前一题接同一页作答。 | 5.只可用蓝色或黑色的钢珠笔或圆珠笔书写。 | 6.不必抄题，惟试题号码必须书写清楚。"
Y,"samples\校內考試（非UEC）\2026\2026\S2\2025-2-1 AC2A, C2A-E, U2A UEC ECONOMICS.pdf","2025-2-2 AC2A, C2A-E, U2A UEC ECONOMICS.pdf",OK,S2,"AC2A, C2A-E, U2A",UEC ECONOMICS,,,"class=封面班级栏「AC2A,C2A-E,U2A」；class_streams=商科班、文商班、统考班（不考SPM）；subject=封面科目栏「姓名NAME|UECECONOMICS」","2025年芙蓉中华中学第二学期期末考试 | 2025 Second Semester Final Examination, CHHS Seremban | 考卷资料 | 学生资料 | Exam Paper Information | Student'sInformation | 统考经济学 | 科目Subject | 姓名Name | UEC ECONOMICS | 试卷Paper | 班级Class | - | 时间Time | 2HRS | 学号Adm.No. | ( | 班级Class | AC2A, C2A-E, U2A | 得分Mark | 考生须知Instructions | 1.此试卷共分两部分：部分一，选择题(40%) | 部分二，作答题(60%) | 2.部分一:选择题20题全做，每题2%。请把正确的答案填写在电脑卡(OMR卡)。 | 3.部分二：作答题4题全做，每题15%。 | 4.每题作答题必须用新的一页作答，请勿和上一题作答在同一页内。 | 5.只可用蓝色或黑色的圆珠笔书写，惟可用铅笔画图。"
Y,"samples\校內考試（非UEC）\2026\2026\S2\2025-2-1 AC2A,U2A UGEO.pdf","2025-2-2 AC2A, U2A UEC GEO.pdf",OK,S2,"AC2A, U2A",UEC GEO,,,"class=封面班级栏「AC2A,U2A」；class_streams=文商班、统考班（不考SPM）；subject=封面科目栏「统考地理UGEO|姓名NAME」","2025年芙蓉中华中学第二学期期末考试 | 2025Second SemesterFinal Examination,CHHS Seremban | 考卷资料 | 学生资料 | ExamPaperInformation | Student'sInformation | 科目Subject | 统考地理UGEO | 姓名Name | 试卷Paper | 班级Class | 时间Time | 2HRS | 学号Adm.No. | （ | 》 | 班级Class | AC2A,U2A | 得分Mark | 考生须知Instructions | 1.此试卷共分为二部分： | 甲：选择题 | (40%) | 乙：问答题 | (60%) | 2.选择题答案须填写在OMR卡上。 | 3.问答题必须全答，须作答在单线纸。 | 4.此试卷共印6面。 | 1.Thisquestion paper consists of 2 sections:"
Y,"samples\校內考試（非UEC）\2026\2026\S2\2025-2-1 AC2A,U2A UHIS.pdf","2025-2-2 AC2A, U2A UEC HISTORY P1.pdf",OK,S2,"AC2A, U2A",UEC HISTORY,P1,,"class=封面班级栏「AC2A,U2A」；class_streams=文商班、统考班（不考SPM）；subject=封面科目栏「统考历史UHIS|姓名NAME」","2025年芙蓉中华中学第二学期期末考试 | 2025Second Semester Final Examination, CHHS Seremban | 考卷资料 | 学生资料 | ExamPaperInformation | Student'sInformation | 科目Subject | 统考历史UHIS | 姓名Name | 试卷Paper | 1 | 班级Class | 时间Time | 1HR 30MINS | 学号Adm.No. | C | 1 | 班级Class | AC2A,U2A | 得分Mark | 考生须知Instructions | 1.本试卷共分成四个部分：A项选择题(40%)，B项填空题(10%)，C项看图简答(5%),及 | D项选答题(45%)。 | 2.A项选择题20题全做。选出正确或最佳的答案，用5B铅笔将OMR卡上相应的小方格涂黑。 | 3.B项至D项，须全作答在单线纸上。 | 4.只可用蓝色或黑色钢笔或圆珠笔书写。"
,samples\校內考試（非UEC）\2026\2026\S2\2025-2-1 S2A-B UEC BIOLOGY.pdf,2025-2-2 S2A-B UEC BIOLOGY.pdf,REVIEW,S2,S2A-B,UEC BIOLOGY,,试卷栏「=」看不出是第几卷,class=封面班级栏「S2A-B」；class_streams=理科班；subject=封面科目栏「统考生物UECBIOLOGY|姓名NAME」,"2025年芙蓉中华中学第二学期期末考试 | 2025Second SemesterFinal Examination,CHHS Seremban | 考卷资料 | 学生资料 | ExamPaperInformation | Student's Information | 科目Subject | 统考生物UECBIOLOGY | 姓名Name | 试卷Paper | 班级Class | = | 时间Time | 1HR 30MINS | 学号Adm.No. | ( | ） | 班级Class | S2A-B | 得分Mark | 考生须知Instructions | 1.本试卷共印有五页。 | 2.试题共分为两组，甲组选择题二十题，共40%。乙组问答题六题，共60%。必须全部作答。 | J.甲组选择题从A,B,C和D四个答案选项中选出最适合的答案，并在OMR卡上涂黑相应的字母。 | 4.乙组作答题作答于所提供的单线纸内。必须清楚标记题号。"
Y,samples\校內考試（非UEC）\2026\2026\S2\2025-2-1 S2A-B UEC CHEM.pdf,2025-2-2 S2A-B UEC CHEMISTRY P1.pdf,OK,S2,S2A-B,UEC CHEMISTRY,P1,,class=封面班级栏「S2A-B」；class_streams=理科班；subject=封面科目栏「统考化学UECCHEMISTRY|姓名NAME」,"2025年芙蓉中华中学第二学期期末考试 | 2025Second SemesterFinal Examination,CHHS Seremban | 考卷资料 | 学生资料 | Exam PaperInformation | Student'sInformation | 科目Subject | 统考化学UECCHEMISTRY | 姓名Name | 试卷Paper | 班级Class | 1 | 时间Time | 1HR30MINS | 学号Adm.No. | ( | ) | 班级Class | S2A-B | 得分Mark | 考生须知Instructions | 1. This question paper consists of 6 pages. | 2. Section A consists of 20 objectives .For each question, select the best answer from the options A,B,C | and D . Answer the questions in OMR card provided. |  3. Sec"
Y,samples\校內考試（非UEC）\2026\2026\S2\2025-2-1 S2A-B UEC PHYSICS.pdf,2025-2-2 S2A-B UEC PHYSICS.pdf,OK,S2,S2A-B,UEC PHYSICS,,,class=封面班级栏「S2A-B」；class_streams=理科班；subject=封面科目栏「统考物理UECPHYSICS|姓名NAME」,"2025年芙蓉中华中学第二学期期末考试 | 2025Second SemesterFinal Examination,CHHS Seremban | 考卷资料 | 学生资料 | ExamPaperInformation | Student'sInformation | 科目Subject | 统考物理UECPHYSICS | 姓名Name | 试卷Paper | 班级Class | - | 时间Time | 1HR30MINS | 学号Adm.No. | ( | ） | 班级Class | S2A-B | 得分Mark | 考生须知Instructions | 1. The question paper consists of 9 pages. | 2.Answer all questions inSection A and Section B. | Write your answer for Section A in OMR, Section B in spaces provided in this question paper."
Y,samples\校內考試（非UEC）\2026\2026\S2\2025-2-1 U2A ART.pdf,2025-2-2 U2A ART.pdf,OK,S2,U2A,ART,,,class=封面班级栏「U2A」；class_streams=统考班（不考SPM）；subject=封面科目栏「美术ART(选修)|姓名NAME」,"2025年芙蓉中华中学第二学期期末考试 | 2025Second SemesterFinal Examination,CHHS Seremban | 考卷资料 | 学生资料 | ExamPaperInformation | Student'sInformation | 科目Subject | 美术ART(选修) | 姓名Name | 试卷Paper | 班级Class | 时间Time | 2HRS30MINS | 学号Adm.No. | ( | C | 班级Class | U2A | 得分Mark | 考生须知Instructions | 1. | 作画媒材必须以不透明水彩广告颜料和透明水彩颜料为主。 | 2. | 不可携带任何书刊、报纸或图片进入考场，考生不可与考场内任何同学共用一切用具。 | 3. | 考试进行中考生不得外出更换洗刷画笔所需的水。 | 4. | 如有启用第二张画纸，请在背面注明“备用纸”。 | 5. | 请将考卷与作废的画纸一同回收，视为废纸处理。 | 6. | 请在画纸背面注明姓名、学号、班级与所选择的题目编号。"
Y,samples\校內考試（非UEC）\2026\2026\S2\2025-2-1 U2A BC P1.pdf,2025-2-2 U2A BC P1.pdf,OK,S2,U2A,BC,P1,,class=封面班级栏「U2A」；class_streams=统考班（不考SPM）；subject=封面科目栏「华文BC|姓名NAME」,"2025年芙蓉中华中学第二学期期末考试 | 2025Second Semester Final Examination,CHHS Seremban | 考卷资料 | 学生资料 | ExamPaperInformation | Student'sInformation | 科目Subject | 华文BC | 姓名Name | 试卷Paper | 1 | 班级Class | 时间Time | 1HR 45MINS | 学号Adm.No. | ( | ） | 班级Class | U2A | 得分Mark | 考生须知Instructions | 1.本科试卷共分两份： | 试卷一：写作 | (40%) | 试卷二：语文测验(60%) | 2.试卷一共分两组： | 甲组：作文共5题，选答1题。用白话文写作。不可用诗歌或戏剧体裁作答。文长至少550字。 | 须作答于作文稿纸上。 | 乙组：应用文共2题，选答1题。用白话文写作，按新式应用文格式书写。须作答于单线纸上。"
Y,samples\校內考試（非UEC）\2026\2026\S2\2025-2-1 U2A BC P2.pdf,2025-2-2 U2A BC P2.pdf,OK,S2,U2A,BC,P2,,class=封面班级栏「U2A」；class_streams=统考班（不考SPM）；subject=封面科目栏「华文BC|姓名NAME」,"2025年芙蓉中华中学第二学期期末考试 | 2025 Second Semester Final Examination, CHHS Seremban | 考卷资料 | 学生资料 | ExamPaperInformation | Student's Information | 科目Subject | 华文BC | 姓名Name | 试卷Paper | 2 | 班级Class | 时间Time | 1HR 45MINS | 学号Adm.No. | ( | ） | 班级Class | U2A | 得分Mark | 考生须知Instructions | 1.本科试卷共分两份： | 试卷一：写作 | (40%) | 试卷二：语文测验(60%) | 2.试卷二题目共分三组： | 甲组：语文基础知识与文学文化常识 | 乙组：现代文阅读 | 古诗文阅读"
Y,samples\校內考試（非UEC）\2026\2026\S2\2025-2-1 U2A BI P1.pdf,2025-2-2 U2A BI P1.pdf,OK,S2,U2A,BI,P1,,class=封面班级栏「U2A」；class_streams=统考班（不考SPM）；subject=封面科目栏「ENGLISHLANGUAGE|姓名NAME」,"2025年芙蓉中华中学第二学期期末考试 | 2025 Second Semester Final Examination,CHHS Seremban | 考卷资料 | 学生资料 | ExamPaperInformation | Student'sInformation | 科目Subject | ENGLISH LANGUAGE | 姓名 Name | 试卷Paper | 1 | 班级Class | 时间Time | 1HR30MINS | 学号Adm.No. | 班级Class | U2A | 得分Mark | 考生须知Instructions | 1.This subject comprises two papers: |  Paper 1: Writing | (50%) | Paper 2: Reading and Language Use | (50%) | 2.Complete Paper 1 within 1 hour 30 minutes allocated."
Y,samples\校內考試（非UEC）\2026\2026\S2\2025-2-1 U2A BI P2.pdf,2025-2-2 U2A BI P2.pdf,OK,S2,U2A,BI,P2,,class=封面班级栏「U2A」；class_streams=统考班（不考SPM）；subject=封面科目栏「ENGLISHLANGUAGE|姓名NAME」,"2025年芙蓉中华中学第二学期期末考试 | 2025Second SemesterFinal Examination,CHHS Seremban | 考卷资料 | 学生资料 | ExamPaperInformation | Student'sInformation | 科目Subject | ENGLISHLANGUAGE | 姓名Name | 试卷Paper | 2 | 班级Class | 时间Time | 1HR30MINS | 学号Adm.No. | 班级Class | U2A | 得分Mark | 考生须知Instructions | 1.This subject comprises two papers: | Paper 1: Writing | (50%) | Paper 2: Reading and Language Use | (50%) | 2.Paper 2 consists of two sections: | Section A: Reading | (30%) | There are three parts in this section:"
Y,samples\校內考試（非UEC）\2026\2026\S2\2025-2-1 U2A BM P1.pdf,2025-2-2 U2A BM P1.pdf,OK,S2,U2A,BM,P1,,class=封面班级栏「U2A」；class_streams=统考班（不考SPM）；subject=封面科目栏「BAHASAMALAYSIA|姓名NAME」,"2025年芙蓉中华中学第二学期期末考试 | 2025 Second Semester Final Examination,CHHS Seremban | 考卷资料 | 学生资料 | Exam Paper Information | Student's Information | 科目Subject | BAHASAMALAYSIA | 姓名Name | 试卷Paper | 1 | 班级Class | 时间Time | 1HR50MINS | 学号Adm.No. | ( | ) | 班级Class | U2A | 得分Mark | 考生须知Instructions | 1. Kertas soalan ini terdiri daripada dua bahagian, iaitu Bahagian A dan Bahagian B. | 2. Calon diwajibkan menjawab SEMUA bahagian. | 2 Jawaban anda perlu dijawab dalam kertas kajang yang disediakan. | 4. Tulis ta"
,samples\校內考試（非UEC）\2026\2026\S2\2025-2-1 U2A MUSIC.pdf,2025-2-2 U2A MUSIC.pdf,REVIEW,S2,U2A,MUSIC,,试卷栏「!」看不出是第几卷,class=封面班级栏「U2A」；class_streams=统考班（不考SPM）；subject=封面科目栏「音乐MUSIC|姓名NAME」,"2025年芙蓉中华中学第二学期期末考试 | 2025 Second Semester Final Examination, CHHS Seremban | 考卷资料 | 学生资料 | ExamPaperInformation | Student'sInformation | 科目Subject | 音乐MUSIC | 姓名Name | 试卷Paper | ！ | 班级Class | 时间Time | 30MINS | 学号Adm.No. | ( | 班级Class | U2A | 得分Mark | 考生须知Instructions | 1.此考卷有作答题总共20%分。 | 2. | 回答所有的问题。答案仅用铅笔答於此考卷。 | 3.此考卷共印有3页。 | 1. | This paper consists of subjective questions, total 20%. | 2. Answer all the questions. Write the answers only in PENCIL. | 3.This paper consists of 3 printed pages"
Y,samples\校內考試（非UEC）\2026\2026\S2\2025-2-1S2A-B UEC ADV MATHS. Ⅱ.pdf,2025-2-2 S2A-B UEC ADV MATHS Ⅱ P1.pdf,OK,S2,S2A-B,UEC ADV MATHS Ⅱ,P1,,class=封面班级栏「S2A-B」；class_streams=理科班；subject=封面科目栏「姓名NAME|UECADVANCEDMATHEMATICSII」,"2025年芙蓉中华中学第二学期期末考试 | 2025Second SemesterFinal Examination,CHHSSeremban | 考卷资料 | 学生资料 | ExamPaperInformation | Student'sInformation | 统考高级数学ⅡI | 科目Subject | 姓名Name | UEC Advanced Mathematics II | 试卷Paper | 班级 | 1 | Class | 时间Time | 2HRS | 学号Adm.No. | （ | 班级Class | S2A-B | 得分Mark | 考生须知 Instructions | 1.此试卷共分两部分： | PartA:选择题（12%)。每题2分，6题全做。把答案填写在第2页的空格中。 | Part B:作答题(88%)。11题全做。 | 2.此试卷共有4页。 | 3.数学公式印在第2页。 | 4.考生可使用CASIOfx-570MS，CASIOfx-570MS-2，CASIOfx-350MS，CASIOfx-350MS-2，"
,"samples\校內考試（非UEC）\2026\2026\S3\2025-2-1 A3A,S3+C3(选修)  UHIS P1.pdf",,REVIEW,S3,,,,封面是「统考预考」格式（有科目代号，如 JY08），不是本校期考的表格封面。J3/S3 的 UEC 科目期考似乎直接沿用统考预考试卷 —— 这份请改用统考预考（UEC_Trial_Renamer 原本的辨识）流程处理，不要套用本校内考试命名。,,2025年度芙蓉中华中学独中统一考试预考 | 高中组 | 历史 | (SY08) | 试卷一 | 选择题 | 日期：2025年9月24日 | 时间：12.45p.m.-1.25p.m. | （40分钟） | 考生须知
,"samples\校內考試（非UEC）\2026\2026\S3\2025-2-1 A3A,S3+C3(选修)  UHIS P2.pdf",,REVIEW,S3,,,,封面是「统考预考」格式（有科目代号，如 JY08），不是本校期考的表格封面。J3/S3 的 UEC 科目期考似乎直接沿用统考预考试卷 —— 这份请改用统考预考（UEC_Trial_Renamer 原本的辨识）流程处理，不要套用本校内考试命名。,,2025年度芙蓉中华中学独中统一考试预考 | 高中组 | 历史 | (SY08) | 试卷二 | 作答题 | 日期：2025年9月24日 | 时间：1.40p.m.-3.50p.m. | （2小时10分） | 考生须知 | 本科试卷共分两份： | 一 | 试卷一：选择题（25%） | 试券二：作答题（ | (75%
,samples\校內考試（非UEC）\2026\2026\S3\2025-2-1 A3A-C3(选修) UGEO P1.pdf,,REVIEW,S3,,,,封面是「统考预考」格式（有科目代号，如 JY08），不是本校期考的表格封面。J3/S3 的 UEC 科目期考似乎直接沿用统考预考试卷 —— 这份请改用统考预考（UEC_Trial_Renamer 原本的辨识）流程处理，不要套用本校内考试命名。,,2025年度芙蓉中华中学独中统一考试预考 | 高中组 | 地理 | (SY09) | 试卷一选择题 | 日期：2025年10月1日 | 时间：8.30a.m-9.30a.m. | (1小时） | 考生须知
,samples\校內考試（非UEC）\2026\2026\S3\2025-2-1 A3A-C3(选修) UGEO P2.pdf,,REVIEW,S3,,,,封面是「统考预考」格式（有科目代号，如 JY08），不是本校期考的表格封面。J3/S3 的 UEC 科目期考似乎直接沿用统考预考试卷 —— 这份请改用统考预考（UEC_Trial_Renamer 原本的辨识）流程处理，不要套用本校内考试命名。,,2025年度芙蓉中华中学独中统一考试预考 | 高中组 | 地理 | (SY09) | 试卷二 作答题 | 日期：2025年10月1日 | 时间：9.45a.m-11.35a.m. | （1小时50分钟） | 考生须知 | ）本科试卷共分两份： | 试卷一：选择题（40%）
,samples\校內考試（非UEC）\2026\2026\S3\2025-2-1 C3A-A3A UEC MATHS P1.pdf,,REVIEW,S3,,,,封面是「统考预考」格式（有科目代号，如 JY08），不是本校期考的表格封面。J3/S3 的 UEC 科目期考似乎直接沿用统考预考试卷 —— 这份请改用统考预考（UEC_Trial_Renamer 原本的辨识）流程处理，不要套用本校内考试命名。,,2025年度芙蓉中华中学独中统一考试预考 | 高中组 | 数学 | (SC04) | 试卷一选择题 | 日期：2025年09月24日 | 时间:8.30 a.m.-9.30a.m. | (1小时) | 考生须知 | （一）本科试卷共分成两份：
,samples\校內考試（非UEC）\2026\2026\S3\2025-2-1 C3A-A3A UEC MATHS P2.pdf,,REVIEW,S3,,,,封面是「统考预考」格式（有科目代号，如 JY08），不是本校期考的表格封面。J3/S3 的 UEC 科目期考似乎直接沿用统考预考试卷 —— 这份请改用统考预考（UEC_Trial_Renamer 原本的辨识）流程处理，不要套用本校内考试命名。,,2025年度芙蓉中华中学独中统一考试预考 | 高中组 | 数学 | (SC04) | 试卷二作答题 | 日期：2025年9月24日 | 时间：9.45a.m.-11.45 a.m. | (2小时) | 考生须知： | （一）本科试卷共分成两份：
,samples\校內考試（非UEC）\2026\2026\S3\2025-2-1 C3A-C3D ADV MATHS P1.pdf,,REVIEW,S3,,,,封面是「统考预考」格式（有科目代号，如 JY08），不是本校期考的表格封面。J3/S3 的 UEC 科目期考似乎直接沿用统考预考试卷 —— 这份请改用统考预考（UEC_Trial_Renamer 原本的辨识）流程处理，不要套用本校内考试命名。,,2025年度芙蓉中华中学独中统一考试预考 | 高中组 | 高级数学 | (SC05) | 试卷一选择题 | 日期：2025年09月26日 | 时间:1.25 p.m.-2.25 p.m. | (1小时) | 考生须知 | （一）本科试卷共分成两份： | 试券一：选择题 | 400/
,samples\校內考試（非UEC）\2026\2026\S3\2025-2-1 C3A-C3D ADV MATHS P2.pdf,,REVIEW,S3,,,,封面是「统考预考」格式（有科目代号，如 JY08），不是本校期考的表格封面。J3/S3 的 UEC 科目期考似乎直接沿用统考预考试卷 —— 这份请改用统考预考（UEC_Trial_Renamer 原本的辨识）流程处理，不要套用本校内考试命名。,,"2025年度芙蓉中华中学独中统一考试预考 | 高中组 | 高级数学 | (SC05) | 试卷二作答题 | 日期：2025年09月26日 | 时间:2.40 p.m.-4.40 p.m. | (2小时) | 考生须知： | （一）本科试卷共分成两份： | 试卷一：选择题 (40%), | 试卷二：作答题(60%)"
,samples\校內考試（非UEC）\2026\2026\S3\2025-2-1 C3A-C3F BOOKINGKEEPING AND ACCOUNTS P1.pdf,,REVIEW,S3,,,,封面是「统考预考」格式（有科目代号，如 JY08），不是本校期考的表格封面。J3/S3 的 UEC 科目期考似乎直接沿用统考预考试卷 —— 这份请改用统考预考（UEC_Trial_Renamer 原本的辨识）流程处理，不要套用本校内考试命名。,,"THEUNIFIEDTRIALEXAMINATION(2025) | INDEPENDENTCHINESESECONDARYSCHOOLSMALAYSIA | CHUNGHUAHIGHSCHOOL,SEREMBAN | SeniorMiddleLevel | BOOKKEEPINGANDACCOUNTS | (SE15) | PAPER 1 | MULTIPLE-CHOICEQUESTIONS | Date: 27 September 2025 | Time: 8.30 a.m. - 9.00 a.m. | (30 minutes) | INSTRUCTIONSTOCANDIDATES"
,samples\校內考試（非UEC）\2026\2026\S3\2025-2-1 C3A-C3F BOOKINGKEEPING AND ACCOUNTS P2.pdf,,REVIEW,S3,,,,封面是「统考预考」格式（有科目代号，如 JY08），不是本校期考的表格封面。J3/S3 的 UEC 科目期考似乎直接沿用统考预考试卷 —— 这份请改用统考预考（UEC_Trial_Renamer 原本的辨识）流程处理，不要套用本校内考试命名。,,"THEUNIFIEDTRIALEXAMINATION(2025) | INDEPENDENTCHINESESECONDARYSCHOOLSMALAYSIA | CHUNGHUAHIGHSCHOOL,SEREMBAN | SeniorMiddleLevel | BOOKKEEPINGANDACCOUNTS | (SE15) | PAPER 2SUBJECTIVE QUESTIONS | Date : 27 September 2025 | Time: 09.15 a.m. - 12.15 p.m. | (3 hours) | INSTRUCTIONSTOCANDIDATES | This subject comprises two papers: | Paper 1: Multiple-choice Questions | (20%), | Paper 2:Subjective Questions | (80%)."
,samples\校內考試（非UEC）\2026\2026\S3\2025-2-1 C3A-C3F BUSINESS P1.pdf,,REVIEW,S3,,,,封面是「统考预考」格式（有科目代号，如 JY08），不是本校期考的表格封面。J3/S3 的 UEC 科目期考似乎直接沿用统考预考试卷 —— 这份请改用统考预考（UEC_Trial_Renamer 原本的辨识）流程处理，不要套用本校内考试命名。,,2025年度芙蓉中华中学独中统一考试预考 | 高中组 | 商业学 | (SC14) | 试卷一 | 选择题 | 日期： | 2025年9月25日 | 时间： | 1.15 p.m.- 1.55 p.m. | （40分钟） | 考生须知 | （一）本科试卷共分两份
,samples\校內考試（非UEC）\2026\2026\S3\2025-2-1 C3A-C3F BUSINESS P2.pdf,,REVIEW,S3,,,,封面是「统考预考」格式（有科目代号，如 JY08），不是本校期考的表格封面。J3/S3 的 UEC 科目期考似乎直接沿用统考预考试卷 —— 这份请改用统考预考（UEC_Trial_Renamer 原本的辨识）流程处理，不要套用本校内考试命名。,,2025年度芙蓉中华中学独中统一考试预考 | 高中组 | 商业学 | (SC14) | 试卷二 | 作答题 | 日期： | 2025年9月25日 | 时间： | 2.10 p.m. - 4.10 p.m. | （2小时） | 考生须知 | 本科试卷共分两份： | 试卷一：选择题 | (30%)
,samples\校內考試（非UEC）\2026\2026\S3\2025-2-1 C3A-C3F ECONOMICS P1.pdf,,REVIEW,S3,,,,封面是「统考预考」格式（有科目代号，如 JY08），不是本校期考的表格封面。J3/S3 的 UEC 科目期考似乎直接沿用统考预考试卷 —— 这份请改用统考预考（UEC_Trial_Renamer 原本的辨识）流程处理，不要套用本校内考试命名。,,2025年度芙蓉中华中学统一考试预考 | 高中组 | 经济学 | (SY17) | 试卷一选择题 | 日期：2025年9月23日 | 时间：12.45 p.m.-1.30 p.m. | (45分钟) | 考生须知 | （一）本科试卷共分两份： | 试卷一：选择题 | (30%)，
,samples\校內考試（非UEC）\2026\2026\S3\2025-2-1 C3A-C3F ECONOMICS P2.pdf,,REVIEW,S3,,,,封面是「统考预考」格式（有科目代号，如 JY08），不是本校期考的表格封面。J3/S3 的 UEC 科目期考似乎直接沿用统考预考试卷 —— 这份请改用统考预考（UEC_Trial_Renamer 原本的辨识）流程处理，不要套用本校内考试命名。,,"2025年度芙蓉中华中学统一考试预考 | 高中组 | 经济学 | (SY17) | 试卷二作答题 | 日期：2025年9月23日 | 时间：1.45 p.m.-3.45 p.m. | (2小时) | 考生须知 | 一）本科试卷共分两份： | 试卷一：选择题 | (30%),"
,samples\校內考試（非UEC）\2026\2026\S3\2025-2-1 S3A-A3A ART P1.pdf,,REVIEW,S3,,,,封面是「统考预考」格式（有科目代号，如 JY08），不是本校期考的表格封面。J3/S3 的 UEC 科目期考似乎直接沿用统考预考试卷 —— 这份请改用统考预考（UEC_Trial_Renamer 原本的辨识）流程处理，不要套用本校内考试命名。,,2025年度芙蓉中华中学独中统一考试预考 | 高中组 | 美术 | (SY19) | 试卷一美术常识 | 日期：2025年9月30日 | 时间：07.45 a.m.-08.05 p.m. | (20分钟) | 考生须知 | （一）本科试卷共分两份： | 试卷一：美术常识 | (15%) | 试卷二：甲组：素描 | (35%)
,samples\校內考試（非UEC）\2026\2026\S3\2025-2-1 S3A-A3A ART P2 丙組.pdf,,REVIEW,S3,,,,封面是「统考预考」格式（有科目代号，如 JY08），不是本校期考的表格封面。J3/S3 的 UEC 科目期考似乎直接沿用统考预考试卷 —— 这份请改用统考预考（UEC_Trial_Renamer 原本的辨识）流程处理，不要套用本校内考试命名。,,2025年度芙蓉中华中学独中统一考试预考 | 高中组 | 美术 | (SY19) | 试卷二丙组创意表现 | 日期：2025年9月30日 | 时间：10.55 a.m.-1.25 p.m./1.55 p.m. | (2小时30分钟/3小时) | 考生须知 | （一）本科试卷共分两份： | 试卷一：美术常识 | (15%) | 试卷二：甲组：素描 | (35%) | 乙组：绘画创作 | (20%) | 丙组：创意表现(30%)
,samples\校內考試（非UEC）\2026\2026\S3\2025-2-1 S3A-A3A ART P2 乙组.pdf,,REVIEW,S3,,,,封面是「统考预考」格式（有科目代号，如 JY08），不是本校期考的表格封面。J3/S3 的 UEC 科目期考似乎直接沿用统考预考试卷 —— 这份请改用统考预考（UEC_Trial_Renamer 原本的辨识）流程处理，不要套用本校内考试命名。,,2025年度芙蓉中华中学独中统一考试预考 | 高中组 | 美术 | (SY19) | 试卷二 乙组绘画创作 | 日期：2025年9月30日 | 时间：08.05a.m.-10.45a.m. | (2小时40分钟) | 考生须知 | （一）本科试卷共分两份： | 试卷一：美术常识 | (15%) | 试卷二：甲组：素描 | (35%) | 乙组：绘画创作 | (20%)
,samples\校內考試（非UEC）\2026\2026\S3\2025-2-1 S3A-A3A BC P1.pdf,,REVIEW,S3,,,,封面是「统考预考」格式（有科目代号，如 JY08），不是本校期考的表格封面。J3/S3 的 UEC 科目期考似乎直接沿用统考预考试卷 —— 这份请改用统考预考（UEC_Trial_Renamer 原本的辨识）流程处理，不要套用本校内考试命名。,,2025年度芙蓉中华中学独中统一考试预考 | 高中组 | 华文 | (SY01) | 试卷一写作 | 日期：2025年9月25日 | 时间：8.30 a.m.-10.15a.m. | (1小时45分钟) | 考生须知
,samples\校內考試（非UEC）\2026\2026\S3\2025-2-1 S3A-A3A BC P2.pdf,,REVIEW,S3,,,,封面是「统考预考」格式（有科目代号，如 JY08），不是本校期考的表格封面。J3/S3 的 UEC 科目期考似乎直接沿用统考预考试卷 —— 这份请改用统考预考（UEC_Trial_Renamer 原本的辨识）流程处理，不要套用本校内考试命名。,,2025年度芙蓉中华中学独中统一考试预考 | 高中组 | 华文 | (SY01) | 试卷二 | 语文测验 | 日期：2025年9月25日 | 时间：10.30 a.m.-12.15 p.m. | (1小时45分钟) | 考生须知
,samples\校內考試（非UEC）\2026\2026\S3\2025-2-1 S3A-A3A BI P1.pdf,,REVIEW,S3,,,,封面是「统考预考」格式（有科目代号，如 JY08），不是本校期考的表格封面。J3/S3 的 UEC 科目期考似乎直接沿用统考预考试卷 —— 这份请改用统考预考（UEC_Trial_Renamer 原本的辨识）流程处理，不要套用本校内考试命名。,,"THEUNIFIEDTRIALEXAMINATION(2025) | INDEPENDENTCHINESESECONDARYSCHOOLS | CHUNGHUAHIGHSCHOOL,SEREMBAN | SeniorMiddleLevel | ENGLISHLANGUAGE | (SY03) | PAPER1WRITING | Date | :23 September 2025 | Time | :8:30 a.m.-10:10 a.m. | (1 hour 40 minutes) | INSTRUCTIONSTOCANDIDATES | 1. This subject comprises two papers: | Paper 1: Writing | (50%)"
,samples\校內考試（非UEC）\2026\2026\S3\2025-2-1 S3A-A3A BI P2.pdf,,REVIEW,S3,,,,封面是「统考预考」格式（有科目代号，如 JY08），不是本校期考的表格封面。J3/S3 的 UEC 科目期考似乎直接沿用统考预考试卷 —— 这份请改用统考预考（UEC_Trial_Renamer 原本的辨识）流程处理，不要套用本校内考试命名。,,"THEUNIFIEDTRIALEXAMINATION(2025) | INDEPENDENTCHINESESECONDARYSCHOOLS | CHUNGHUAHIGHSCHOOL,SEREMBAN | SeniorMiddleLevel | ENGLISHLANGUAGE | (SY03) | PAPER2READINGANDLANGUAGEUSE | Date | : 23 September 2025 | Time | : 10:25 a.m.- 11:45 a.m. | (1 hour 20 minutes) | INSTRUCTIONSTOCANDIDATES | 1.This subject comprises two papers: | Paper 1: Writing | (50%) | Paper 2: Reading and Language Use | (50%)"
,samples\校內考試（非UEC）\2026\2026\S3\2025-2-1 S3A-A3A BM P1.pdf,,REVIEW,S3,,,,封面是「统考预考」格式（有科目代号，如 JY08），不是本校期考的表格封面。J3/S3 的 UEC 科目期考似乎直接沿用统考预考试卷 —— 这份请改用统考预考（UEC_Trial_Renamer 原本的辨识）流程处理，不要套用本校内考试命名。,,"PEPERIKSAANPERCUBAAN,PEPERIKSAANBERSAMA(2025) | SEKOLAH-SEKOLAHMENENGAHPERSENDIRIANCINA,MALAYSIA | SEKOLAHTINGGICHUNGHUA,SEREMBAN | Bahagian Menengah Tinggi | BAHASAMALAYSIA | (SY02) | KERTAS 1 | Tarikh: 26 September 2025 | Masa : 8.30 pagi - 10.20 pagi | (1 jam 50 minit ) | ARAHANKEPADACALON | 1. Soalan peperiksaan ini mengandungi dua kertas : | Kertas 1 (100%), | Kertas 2 (100%). | 2. Jawab Kertas 1 dalam masa 1 jam 50 minit pada peringkat pertama, kemudian serahkan kertas jawapan"
,samples\校內考試（非UEC）\2026\2026\S3\2025-2-1 S3A-A3A BM P2.pdf,,REVIEW,S3,,,,封面是「统考预考」格式（有科目代号，如 JY08），不是本校期考的表格封面。J3/S3 的 UEC 科目期考似乎直接沿用统考预考试卷 —— 这份请改用统考预考（UEC_Trial_Renamer 原本的辨识）流程处理，不要套用本校内考试命名。,,"PEPERIKSAANPERCUBAAN,PEPERIKSAANBERSAMA(2025) | SEKOLAH-SEKOLAHMENENGAHPERSENDIRIANCINA,MALAYSIA | SEKOLAHTINGGI CHUNG HUA,SEREMBAN | Bahagian Menengah Tinggi | BAHASAMALAYSIA | (SY02) | KERTAS 2 | Tarikh:26 September 2025 | Masa : 10.35 pagi - 12.25 tengah hari | (1 jam 50 minit ) | ARAHANKEPADACALON | 1. Soalan peperiksaan ini mengandungi dua kertas : | Kertas 1 (100%), | Kertas 2 (100%)."
,samples\校內考試（非UEC）\2026\2026\S3\2025-2-1 S3A-A3A COMPUTER P1.pdf,,REVIEW,S3,,,,封面是「统考预考」格式（有科目代号，如 JY08），不是本校期考的表格封面。J3/S3 的 UEC 科目期考似乎直接沿用统考预考试卷 —— 这份请改用统考预考（UEC_Trial_Renamer 原本的辨识）流程处理，不要套用本校内考试命名。,,2025年度芙蓉中华中学独中统一考试预考 | 高中组 | 电脑与资讯工艺 | (SY18) | 试卷一选择题 | 日期：2025年9月29日 | 时间：8.30 a.m.-9.30 a.m. | （1小时） | 考生须知 | （一）本科试卷共分两份：
,samples\校內考試（非UEC）\2026\2026\S3\2025-2-1 S3A-A3A COMPUTER P2.pdf,,REVIEW,S3,,,,封面是「统考预考」格式（有科目代号，如 JY08），不是本校期考的表格封面。J3/S3 的 UEC 科目期考似乎直接沿用统考预考试卷 —— 这份请改用统考预考（UEC_Trial_Renamer 原本的辨识）流程处理，不要套用本校内考试命名。,,2025年度芙蓉中华中学独中统一考试预考 | 高中组 | 电脑与资讯工艺 | (SY18) | 试卷二作答题 | 日期：2025年9月29日 | 时间:10.00 a.m.-11.30 a.m. | (1小时30分钟) | 考生须知 | （一）本科试卷共分两份：
,samples\校內考試（非UEC）\2026\2026\S3\2025-2-1 S3A-B ADV MATHS Ⅰ P1.pdf,,REVIEW,S3,,,,封面是「统考预考」格式（有科目代号，如 JY08），不是本校期考的表格封面。J3/S3 的 UEC 科目期考似乎直接沿用统考预考试卷 —— 这份请改用统考预考（UEC_Trial_Renamer 原本的辨识）流程处理，不要套用本校内考试命名。,,2025年度芙蓉中华中学独中统一考试预考 | 高中组 | 高级数学(I) | (SC06) | 试卷一选择题 | 日期：2025年9月26日 | 时间：1.25 p.m.-2.25 p.m. | (1小时) | 考生须知
,samples\校內考試（非UEC）\2026\2026\S3\2025-2-1 S3A-B ADV MATHS Ⅰ P2.pdf,,REVIEW,S3,,,,封面是「统考预考」格式（有科目代号，如 JY08），不是本校期考的表格封面。J3/S3 的 UEC 科目期考似乎直接沿用统考预考试卷 —— 这份请改用统考预考（UEC_Trial_Renamer 原本的辨识）流程处理，不要套用本校内考试命名。,,2025年度芙蓉中华中学独中统一考试预考 | 高中组 | 高级数学 (I) | (SC06) | 试卷二作答题 | 日期：2025年9月26日 | 时间：2.40 p.m.-4.40 p.m. | (2 小时) | 考生须知 | （一）本科试卷共分成两份： | 试卷一：选择题 (40%) | 试卷二：作答题 (60%)
,samples\校內考試（非UEC）\2026\2026\S3\2025-2-1 S3A-B ADV MATHS Ⅱ P1.pdf,,REVIEW,S3,,,,封面是「统考预考」格式（有科目代号，如 JY08），不是本校期考的表格封面。J3/S3 的 UEC 科目期考似乎直接沿用统考预考试卷 —— 这份请改用统考预考（UEC_Trial_Renamer 原本的辨识）流程处理，不要套用本校内考试命名。,,2025年度芙蓉中华中学独中统一考试预考 | 高中组 | 高级数学(II) | (SC07) | 试卷一选择题 | 日期：2025年9月24日 | 时间：8.30a.m.-9.30a.m. | (1小时) | 考生须知 | 本科试卷共分两份： | 试券 | 选择题 | 40%
,samples\校內考試（非UEC）\2026\2026\S3\2025-2-1 S3A-B ADV MATHS Ⅱ P2.pdf,,REVIEW,S3,,,,封面是「统考预考」格式（有科目代号，如 JY08），不是本校期考的表格封面。J3/S3 的 UEC 科目期考似乎直接沿用统考预考试卷 —— 这份请改用统考预考（UEC_Trial_Renamer 原本的辨识）流程处理，不要套用本校内考试命名。,,2025年度芙蓉中华中学独中统一考试预考 | 高中组 | 高级数学(ⅡI) | (SC07) | 试卷二作答题 | 日期：2025年9月24日 | 时间：9.45a.m.-11.45a.m. | (2小时) | 考生须知 | （一）本科试卷共分两份： | 试卷一：选择题 (40%) | 试券 | 左签题
,samples\校內考試（非UEC）\2026\2026\S3\2025-2-1 S3A-B UBIOLOGY P1.pdf,,REVIEW,S3,,,,封面是「统考预考」格式（有科目代号，如 JY08），不是本校期考的表格封面。J3/S3 的 UEC 科目期考似乎直接沿用统考预考试卷 —— 这份请改用统考预考（UEC_Trial_Renamer 原本的辨识）流程处理，不要套用本校内考试命名。,,2025年度芙蓉中华中学独中统一考试预考 | 高中组 | 生物 | (SC10) | 试卷一选择题 | 日期：2025年9月27日 | 时间：8.30a.m.-9.20 a.m. | （50分钟） | 考生须知 | （一）本科试卷共有两份： | 试卷一： | 选择题(30%)
,samples\校內考試（非UEC）\2026\2026\S3\2025-2-1 S3A-B UBIOLOGY P2.pdf,,REVIEW,S3,,,,封面是「统考预考」格式（有科目代号，如 JY08），不是本校期考的表格封面。J3/S3 的 UEC 科目期考似乎直接沿用统考预考试卷 —— 这份请改用统考预考（UEC_Trial_Renamer 原本的辨识）流程处理，不要套用本校内考试命名。,,2025年度芙蓉中华中学独中统一考试预试 | 高中组 | 生物 | (SC10) | 试卷二作答题 | 日期：2025年9月27日 | 时间：9.45 a.m.-11.45 a.m. | (2小时) | 考生须知 | 本科试卷共有两份： | 试卷一：选择题(30%) | 试卷二：作答题(70%) | 二 | 试卷二作答题分两部：
,samples\校內考試（非UEC）\2026\2026\S3\2025-2-1 S3A-B UCHEM P1.pdf,,REVIEW,S3,,,,封面是「统考预考」格式（有科目代号，如 JY08），不是本校期考的表格封面。J3/S3 的 UEC 科目期考似乎直接沿用统考预考试卷 —— 这份请改用统考预考（UEC_Trial_Renamer 原本的辨识）流程处理，不要套用本校内考试命名。,,THEUNIFIEDTRIALEXAMINATION(2025) | INDEPENDENT CHINESESECONDARYSCHOOLSMALAYSIA | CHUNGHUAHIGHSCHOOLSEREMBAN | Senior Middle Level | CHEMISTRY | (SE11) | PAPER1MULTIPLE-CHOICE QUESTIONS | Date:25 September 2025 | Time: 1.15 p.m. - 2.15 p.m. | (1 Hour) | INSTRUCTIONSTOCANDIDATES | 1. | This subject comprises two parts: | Paper 1: Multiple-choice questions  (30%) | Paper 2: Written questions | (70%)
,samples\校內考試（非UEC）\2026\2026\S3\2025-2-1 S3A-B UCHEM P2.pdf,,REVIEW,S3,,,,封面是「统考预考」格式（有科目代号，如 JY08），不是本校期考的表格封面。J3/S3 的 UEC 科目期考似乎直接沿用统考预考试卷 —— 这份请改用统考预考（UEC_Trial_Renamer 原本的辨识）流程处理，不要套用本校内考试命名。,,THE UNIFIED TRIAL EXAMINATION(2025) | INDEPENDENTCHINESESECONDARYSCHOOLSMALAYSIA | CHUNGHUAHIGHSCHOOLSEREMBAN | SeniorMiddleLevel | CHEMISTRY | (SE11) | PAPER2SUBJECTIVEQUESTIONS | Date: 25 September 2025 | Time: 2.30 p.m. - 4.30 p.m. | (2 Hours) | INSTRUCTIONSTOCANDIDATES | 1.This subject comprises two papers: | Paper 1: Multiple-choice questions | (30%)
,samples\校內考試（非UEC）\2026\2026\S3\2025-2-1 S3A-B UPHYSICS P1.pdf,,REVIEW,S3,,,,封面是「统考预考」格式（有科目代号，如 JY08），不是本校期考的表格封面。J3/S3 的 UEC 科目期考似乎直接沿用统考预考试卷 —— 这份请改用统考预考（UEC_Trial_Renamer 原本的辨识）流程处理，不要套用本校内考试命名。,,"THEUNIFIEDTRIALEXAMINATION(2025) | INDEPENDENTCHINESESECONDARYSCHOOLSMALAYSIA | CHUNGHUAHIGHSCHOOL,SEREMBAN | SeniorMiddleLevel | PHYSICS | (SE12) | PAPER1MULTIPLE-CHOICEQUESTIONS | Date:23September 2025 | Time: 12.45 p.m. - 1.55 p.m. | (1Hour10 Minutes) | INSTRUCTIONSTOCANDIDATES | 1. This subject comprises two papers : | Paper 1: Multiple-choice Questions (30%) | Paper 2:Subjective Questions | (70%) | 2 | Complete Paper 1 within the 1 hour 10 minutes allocated. After a 15-minute interval, proc"
,samples\校內考試（非UEC）\2026\2026\S3\2025-2-1 S3A-B UPHYSICS P2.pdf,,REVIEW,S3,,,,封面是「统考预考」格式（有科目代号，如 JY08），不是本校期考的表格封面。J3/S3 的 UEC 科目期考似乎直接沿用统考预考试卷 —— 这份请改用统考预考（UEC_Trial_Renamer 原本的辨识）流程处理，不要套用本校内考试命名。,,"THEUNIFIED TRIAL EXAMINATION(2025) | INDEPENDENTCHINESESECONDARYSCHOOLSMALAYSIA | CHUNGHUAHIGHSCHOOL,SEREMBAN | SeniorMiddleLevel | PHYSICS | (SE12) | PAPER2SUBJECTIVEQUESTIONS | Date: 23 September 2025 | Time: 2.10 p.m. - 4.10 p.m. | (2Hours) | INSTRUCTIONSTOCANDIDATES | 1. This subject comprises two papers : | Paper 1: Multiple-choice Questions (30%) | Paper 2: Subjective Questions | (70%) | 2. There are two parts in Paper 2: | Part I: Compulsory Questions (30%) | Section A: Structured Questio"
